<?xml version="1.0"?>
<Root_Element ID="DAOCUi">

<!-- @@ Edited with the DAoC User Interface Editor v1.80 -->
<!-- @@ Free download available at http://www.bradtownsend.com/daoced -->


    <MenuTemplate>
        <Name>menu_thin</Name>
        <Width>120</Width>
        <Height>16</Height>
        <LabelLength>128</LabelLength>
        <Font>
            <Name>arial11</Name>
            <ColorNormal>
                <R>192</R>
                <G>192</G>
                <B>192</B>
                <A>255</A>
            </ColorNormal>
            <ColorHighlit>
                <R>255</R>
                <G>192</G>
                <B>0</B>
                <A>255</A>
            </ColorHighlit>
        </Font>
        <Texture>
            <TextureName>page3</TextureName>
            <Normal>
                <X>39</X>
                <Y>108</Y>
            </Normal>
            <Highlit>
                <X>39</X>
                <Y>87</Y>
            </Highlit>
        </Texture>
        <MaxVisibleItems>15</MaxVisibleItems>
    </MenuTemplate>


    <ComboBoxTemplate>
        <Name>combobox_thin</Name>
        <Menuoffset>
            <X>5</X>
            <Y>0</Y>
        </Menuoffset>
        <DownButtonTemplate>button_down</DownButtonTemplate>
        <LabelButtonTemplate>combo_label</LabelButtonTemplate>
        <MenuTemplate>menu_thin</MenuTemplate>
    </ComboBoxTemplate>


    <WindowTemplate>
        <Name>looking_for_group</Name>
        <WindowId>c_windowInvalid</WindowId>
        <CloseButton>true</CloseButton>
        <MoveButton>true</MoveButton>
        <TopRightResizeButton>false</TopRightResizeButton>
        <BottomRightResizeButton>false</BottomRightResizeButton>
        <BottomLeftResizeButton>false</BottomLeftResizeButton>
        <ResizeButtonOffsetX>0</ResizeButtonOffsetX>
        <ResizeButtonOffsetY>0</ResizeButtonOffsetY>
        <TitleWidth>416</TitleWidth>
        <TitleHeight>3</TitleHeight>
        <Width>380</Width>
        <Height>296</Height>
        <ResizeableWidth>0</ResizeableWidth>
        <ResizeableHeight>0</ResizeableHeight>
        <ResizeableTwoWayWidth>0</ResizeableTwoWayWidth>
        <ResizeableTwoWayHeight>0</ResizeableTwoWayHeight>
        <MinWidth>0</MinWidth>
        <MinHeight>0</MinHeight>
        <ContextTemplateName></ContextTemplateName>


        <!--Non-Attached Passives-->


        <FullResizeImageDef>
            <ControlId>BackgroundImage</ControlId>
            <Position>
                <X>0</X>
                <Y>0</Y>
            </Position>
            <Alignment>
                <TopLeft>true</TopLeft>
            </Alignment>
            <TemplateName>dlg_background_5px</TemplateName>
            <Width>380</Width>
            <Height>298</Height>
        </FullResizeImageDef>


        <!--ML checks-->


        <CheckBoxDef>
            <ControlId>1100</ControlId>
            <Position>
                <X>156</X>
                <Y>25</Y>
            </Position>
            <Alignment>
                <TopLeft>true</TopLeft>
            </Alignment>
            <TemplateName>generic_check</TemplateName>
            <AdapterName></AdapterName>
            <TextAdapterName></TextAdapterName>
            <Data>ML0.1</Data>
            <LabelWidth>50</LabelWidth>
            <OnClickEvent></OnClickEvent>
        </CheckBoxDef>


        <CheckBoxDef>
            <ControlId>1101</ControlId>
            <Position>
                <X>209</X>
                <Y>25</Y>
            </Position>
            <Alignment>
                <TopLeft>true</TopLeft>
            </Alignment>
            <TemplateName>generic_check</TemplateName>
            <AdapterName></AdapterName>
            <TextAdapterName></TextAdapterName>
            <Data>ML0.2</Data>
            <LabelWidth>50</LabelWidth>
            <OnClickEvent></OnClickEvent>
        </CheckBoxDef>


        <CheckBoxDef>
            <ControlId>1102</ControlId>
            <Position>
                <X>267</X>
                <Y>25</Y>
            </Position>
            <Alignment>
                <TopLeft>true</TopLeft>
            </Alignment>
            <TemplateName>generic_check</TemplateName>
            <AdapterName></AdapterName>
            <TextAdapterName></TextAdapterName>
            <Data>ML0.3</Data>
            <LabelWidth>50</LabelWidth>
            <OnClickEvent></OnClickEvent>
        </CheckBoxDef>


        <CheckBoxDef>
            <ControlId>1103</ControlId>
            <Position>
                <X>156</X>
                <Y>43</Y>
            </Position>
            <Alignment>
                <TopLeft>true</TopLeft>
            </Alignment>
            <TemplateName>generic_check</TemplateName>
            <AdapterName></AdapterName>
            <TextAdapterName></TextAdapterName>
            <Data>ML0.4</Data>
            <LabelWidth>50</LabelWidth>
            <OnClickEvent></OnClickEvent>
        </CheckBoxDef>


        <CheckBoxDef>
            <ControlId>1104</ControlId>
            <Position>
                <X>209</X>
                <Y>43</Y>
            </Position>
            <Alignment>
                <TopLeft>true</TopLeft>
            </Alignment>
            <TemplateName>generic_check</TemplateName>
            <AdapterName></AdapterName>
            <TextAdapterName></TextAdapterName>
            <Data>ML0.5</Data>
            <LabelWidth>50</LabelWidth>
            <OnClickEvent></OnClickEvent>
        </CheckBoxDef>


        <CheckBoxDef>
            <ControlId>1105</ControlId>
            <Position>
                <X>267</X>
                <Y>43</Y>
            </Position>
            <Alignment>
                <TopLeft>true</TopLeft>
            </Alignment>
            <TemplateName>generic_check</TemplateName>
            <AdapterName></AdapterName>
            <TextAdapterName></TextAdapterName>
            <Data>ML0.6</Data>
            <LabelWidth>50</LabelWidth>
            <OnClickEvent></OnClickEvent>
        </CheckBoxDef>


        <CheckBoxDef>
            <ControlId>1106</ControlId>
            <Position>
                <X>156</X>
                <Y>61</Y>
            </Position>
            <Alignment>
                <TopLeft>true</TopLeft>
            </Alignment>
            <TemplateName>generic_check</TemplateName>
            <AdapterName></AdapterName>
            <TextAdapterName></TextAdapterName>
            <Data>ML0.7</Data>
            <LabelWidth>50</LabelWidth>
            <OnClickEvent></OnClickEvent>
        </CheckBoxDef>


        <CheckBoxDef>
            <ControlId>1107</ControlId>
            <Position>
                <X>209</X>
                <Y>61</Y>
            </Position>
            <Alignment>
                <TopLeft>true</TopLeft>
            </Alignment>
            <TemplateName>generic_check</TemplateName>
            <AdapterName></AdapterName>
            <TextAdapterName></TextAdapterName>
            <Data>ML0.8</Data>
            <LabelWidth>50</LabelWidth>
            <OnClickEvent></OnClickEvent>
        </CheckBoxDef>


        <CheckBoxDef>
            <ControlId>1108</ControlId>
            <Position>
                <X>267</X>
                <Y>61</Y>
            </Position>
            <Alignment>
                <TopLeft>true</TopLeft>
            </Alignment>
            <TemplateName>generic_check</TemplateName>
            <AdapterName></AdapterName>
            <TextAdapterName></TextAdapterName>
            <Data>ML0.9</Data>
            <LabelWidth>50</LabelWidth>
            <OnClickEvent></OnClickEvent>
        </CheckBoxDef>


        <CheckBoxDef>
            <ControlId>1109</ControlId>
            <Position>
                <X>156</X>
                <Y>79</Y>
            </Position>
            <Alignment>
                <TopLeft>true</TopLeft>
            </Alignment>
            <TemplateName>generic_check</TemplateName>
            <AdapterName></AdapterName>
            <TextAdapterName></TextAdapterName>
            <Data>ML0.10</Data>
            <LabelWidth>50</LabelWidth>
            <OnClickEvent></OnClickEvent>
        </CheckBoxDef>


        <CheckBoxDef>
            <ControlId>1110</ControlId>
            <Position>
                <X>209</X>
                <Y>79</Y>
            </Position>
            <Alignment>
                <TopLeft>true</TopLeft>
            </Alignment>
            <TemplateName>generic_check</TemplateName>
            <AdapterName></AdapterName>
            <TextAdapterName></TextAdapterName>
            <Data>ML EXP</Data>
            <LabelWidth>50</LabelWidth>
            <OnClickEvent></OnClickEvent>
        </CheckBoxDef>


        <!--Class Buttons-->


        <LabelDef>
            <Position>
                <X>13</X>
                <Y>130</Y>
            </Position>
            <Alignment>
                <TopLeft>true</TopLeft>
            </Alignment>
            <Color>
                <R>208</R>
                <G>228</G>
                <B>229</B>
                <A>255</A>
            </Color>
            <FontName>arial9</FontName>
            <Width>150</Width>
            <Height>16</Height>
            <MaxCharacters>64</MaxCharacters>
            <Data>Class Selection</Data>
        </LabelDef>


        <ButtonDef>
            <ControlId>1011</ControlId>
            <Position>
                <X>10</X>
                <Y>144</Y>
            </Position>
            <Alignment>
                <TopLeft>true</TopLeft>
            </Alignment>
            <TemplateName>button_tab</TemplateName>
            <Label>All</Label>
        </ButtonDef>


        <ButtonDef>
            <ControlId>1012</ControlId>
            <Position>
                <X>10</X>
                <Y>164</Y>
            </Position>
            <Alignment>
                <TopLeft>true</TopLeft>
            </Alignment>
            <TemplateName>button_tab</TemplateName>
            <Label>Fighter</Label>
        </ButtonDef>


        <ButtonDef>
            <ControlId>1013</ControlId>
            <Position>
                <X>10</X>
                <Y>184</Y>
            </Position>
            <Alignment>
                <TopLeft>true</TopLeft>
            </Alignment>
            <TemplateName>button_tab</TemplateName>
            <Label>Mage</Label>
        </ButtonDef>


        <ButtonDef>
            <ControlId>1014</ControlId>
            <Position>
                <X>10</X>
                <Y>204</Y>
            </Position>
            <Alignment>
                <TopLeft>true</TopLeft>
            </Alignment>
            <TemplateName>button_tab</TemplateName>
            <Label>Rogue</Label>
        </ButtonDef>


        <ButtonDef>
            <ControlId>1015</ControlId>
            <Position>
                <X>10</X>
                <Y>224</Y>
            </Position>
            <Alignment>
                <TopLeft>true</TopLeft>
            </Alignment>
            <TemplateName>button_tab</TemplateName>
            <Label>Healer</Label>
        </ButtonDef>


        <ButtonDef>
            <ControlId>1016</ControlId>
            <Position>
                <X>10</X>
                <Y>244</Y>
            </Position>
            <Alignment>
                <TopLeft>true</TopLeft>
            </Alignment>
            <TemplateName>button_tab</TemplateName>
            <Label>None</Label>
        </ButtonDef>


        <!--Class Checks-->


        <CheckBoxDef>
            <ControlId>1200</ControlId>
            <Position>
                <X>77</X>
                <Y>145</Y>
            </Position>
            <Alignment>
                <TopLeft>true</TopLeft>
            </Alignment>
            <TemplateName>generic_check</TemplateName>
            <AdapterName></AdapterName>
            <TextAdapterName></TextAdapterName>
            <Data>class0</Data>
            <LabelWidth>50</LabelWidth>
            <OnClickEvent></OnClickEvent>
        </CheckBoxDef>


        <CheckBoxDef>
            <ControlId>1201</ControlId>
            <Position>
                <X>77</X>
                <Y>159</Y>
            </Position>
            <Alignment>
                <TopLeft>true</TopLeft>
            </Alignment>
            <TemplateName>generic_check</TemplateName>
            <AdapterName></AdapterName>
            <TextAdapterName></TextAdapterName>
            <Data>class1</Data>
            <LabelWidth>50</LabelWidth>
            <OnClickEvent></OnClickEvent>
        </CheckBoxDef>


        <CheckBoxDef>
            <ControlId>1202</ControlId>
            <Position>
                <X>77</X>
                <Y>173</Y>
            </Position>
            <Alignment>
                <TopLeft>true</TopLeft>
            </Alignment>
            <TemplateName>generic_check</TemplateName>
            <AdapterName></AdapterName>
            <TextAdapterName></TextAdapterName>
            <Data>class2</Data>
            <LabelWidth>50</LabelWidth>
            <OnClickEvent></OnClickEvent>
        </CheckBoxDef>


        <CheckBoxDef>
            <ControlId>1203</ControlId>
            <Position>
                <X>77</X>
                <Y>187</Y>
            </Position>
            <Alignment>
                <TopLeft>true</TopLeft>
            </Alignment>
            <TemplateName>generic_check</TemplateName>
            <AdapterName></AdapterName>
            <TextAdapterName></TextAdapterName>
            <Data>class3</Data>
            <LabelWidth>50</LabelWidth>
            <OnClickEvent></OnClickEvent>
        </CheckBoxDef>


        <CheckBoxDef>
            <ControlId>1204</ControlId>
            <Position>
                <X>77</X>
                <Y>201</Y>
            </Position>
            <Alignment>
                <TopLeft>true</TopLeft>
            </Alignment>
            <TemplateName>generic_check</TemplateName>
            <AdapterName></AdapterName>
            <TextAdapterName></TextAdapterName>
            <Data>class4</Data>
            <LabelWidth>50</LabelWidth>
            <OnClickEvent></OnClickEvent>
        </CheckBoxDef>


        <CheckBoxDef>
            <ControlId>1205</ControlId>
            <Position>
                <X>77</X>
                <Y>215</Y>
            </Position>
            <Alignment>
                <TopLeft>true</TopLeft>
            </Alignment>
            <TemplateName>generic_check</TemplateName>
            <AdapterName></AdapterName>
            <TextAdapterName></TextAdapterName>
            <Data>class5</Data>
            <LabelWidth>50</LabelWidth>
            <OnClickEvent></OnClickEvent>
        </CheckBoxDef>


        <CheckBoxDef>
            <ControlId>1206</ControlId>
            <Position>
                <X>77</X>
                <Y>229</Y>
            </Position>
            <Alignment>
                <TopLeft>true</TopLeft>
            </Alignment>
            <TemplateName>generic_check</TemplateName>
            <AdapterName></AdapterName>
            <TextAdapterName></TextAdapterName>
            <Data>class6</Data>
            <LabelWidth>50</LabelWidth>
            <OnClickEvent></OnClickEvent>
        </CheckBoxDef>


        <CheckBoxDef>
            <ControlId>1207</ControlId>
            <Position>
                <X>77</X>
                <Y>243</Y>
            </Position>
            <Alignment>
                <TopLeft>true</TopLeft>
            </Alignment>
            <TemplateName>generic_check</TemplateName>
            <AdapterName></AdapterName>
            <TextAdapterName></TextAdapterName>
            <Data>class7</Data>
            <LabelWidth>50</LabelWidth>
            <OnClickEvent></OnClickEvent>
        </CheckBoxDef>


        <CheckBoxDef>
            <ControlId>1208</ControlId>
            <Position>
                <X>77</X>
                <Y>257</Y>
            </Position>
            <Alignment>
                <TopLeft>true</TopLeft>
            </Alignment>
            <TemplateName>generic_check</TemplateName>
            <AdapterName></AdapterName>
            <TextAdapterName></TextAdapterName>
            <Data>class8</Data>
            <LabelWidth>50</LabelWidth>
            <OnClickEvent></OnClickEvent>
        </CheckBoxDef>


        <CheckBoxDef>
            <ControlId>1209</ControlId>
            <Position>
                <X>137</X>
                <Y>145</Y>
            </Position>
            <Alignment>
                <TopLeft>true</TopLeft>
            </Alignment>
            <TemplateName>generic_check</TemplateName>
            <AdapterName></AdapterName>
            <TextAdapterName></TextAdapterName>
            <Data>class9</Data>
            <LabelWidth>50</LabelWidth>
            <OnClickEvent></OnClickEvent>
        </CheckBoxDef>


        <CheckBoxDef>
            <ControlId>1210</ControlId>
            <Position>
                <X>137</X>
                <Y>159</Y>
            </Position>
            <Alignment>
                <TopLeft>true</TopLeft>
            </Alignment>
            <TemplateName>generic_check</TemplateName>
            <AdapterName></AdapterName>
            <TextAdapterName></TextAdapterName>
            <Data>class10</Data>
            <LabelWidth>50</LabelWidth>
            <OnClickEvent></OnClickEvent>
        </CheckBoxDef>


        <CheckBoxDef>
            <ControlId>1211</ControlId>
            <Position>
                <X>137</X>
                <Y>173</Y>
            </Position>
            <Alignment>
                <TopLeft>true</TopLeft>
            </Alignment>
            <TemplateName>generic_check</TemplateName>
            <AdapterName></AdapterName>
            <TextAdapterName></TextAdapterName>
            <Data>class11</Data>
            <LabelWidth>50</LabelWidth>
            <OnClickEvent></OnClickEvent>
        </CheckBoxDef>


        <CheckBoxDef>
            <ControlId>1212</ControlId>
            <Position>
                <X>137</X>
                <Y>187</Y>
            </Position>
            <Alignment>
                <TopLeft>true</TopLeft>
            </Alignment>
            <TemplateName>generic_check</TemplateName>
            <AdapterName></AdapterName>
            <TextAdapterName></TextAdapterName>
            <Data>class12</Data>
            <LabelWidth>50</LabelWidth>
            <OnClickEvent></OnClickEvent>
        </CheckBoxDef>


        <CheckBoxDef>
            <ControlId>1213</ControlId>
            <Position>
                <X>137</X>
                <Y>201</Y>
            </Position>
            <Alignment>
                <TopLeft>true</TopLeft>
            </Alignment>
            <TemplateName>generic_check</TemplateName>
            <AdapterName></AdapterName>
            <TextAdapterName></TextAdapterName>
            <Data>class13</Data>
            <LabelWidth>50</LabelWidth>
            <OnClickEvent></OnClickEvent>
        </CheckBoxDef>


        <CheckBoxDef>
            <ControlId>1214</ControlId>
            <Position>
                <X>137</X>
                <Y>215</Y>
            </Position>
            <Alignment>
                <TopLeft>true</TopLeft>
            </Alignment>
            <TemplateName>generic_check</TemplateName>
            <AdapterName></AdapterName>
            <TextAdapterName></TextAdapterName>
            <Data>class14</Data>
            <LabelWidth>50</LabelWidth>
            <OnClickEvent></OnClickEvent>
        </CheckBoxDef>


        <CheckBoxDef>
            <ControlId>1215</ControlId>
            <Position>
                <X>137</X>
                <Y>229</Y>
            </Position>
            <Alignment>
                <TopLeft>true</TopLeft>
            </Alignment>
            <TemplateName>generic_check</TemplateName>
            <AdapterName></AdapterName>
            <TextAdapterName></TextAdapterName>
            <Data>class15</Data>
            <LabelWidth>50</LabelWidth>
            <OnClickEvent></OnClickEvent>
        </CheckBoxDef>


        <CheckBoxDef>
            <ControlId>1216</ControlId>
            <Position>
                <X>137</X>
                <Y>243</Y>
            </Position>
            <Alignment>
                <TopLeft>true</TopLeft>
            </Alignment>
            <TemplateName>generic_check</TemplateName>
            <AdapterName></AdapterName>
            <TextAdapterName></TextAdapterName>
            <Data>class16</Data>
            <LabelWidth>50</LabelWidth>
            <OnClickEvent></OnClickEvent>
        </CheckBoxDef>


        <CheckBoxDef>
            <ControlId>1217</ControlId>
            <Position>
                <X>137</X>
                <Y>257</Y>
            </Position>
            <Alignment>
                <TopLeft>true</TopLeft>
            </Alignment>
            <TemplateName>generic_check</TemplateName>
            <AdapterName></AdapterName>
            <TextAdapterName></TextAdapterName>
            <Data>class17</Data>
            <LabelWidth>50</LabelWidth>
            <OnClickEvent></OnClickEvent>
        </CheckBoxDef>


        <CheckBoxDef>
            <ControlId>1218</ControlId>
            <Position>
                <X>197</X>
                <Y>145</Y>
            </Position>
            <Alignment>
                <TopLeft>true</TopLeft>
            </Alignment>
            <TemplateName>generic_check</TemplateName>
            <AdapterName></AdapterName>
            <TextAdapterName></TextAdapterName>
            <Data>class18</Data>
            <LabelWidth>50</LabelWidth>
            <OnClickEvent></OnClickEvent>
        </CheckBoxDef>


        <CheckBoxDef>
            <ControlId>1219</ControlId>
            <Position>
                <X>197</X>
                <Y>159</Y>
            </Position>
            <Alignment>
                <TopLeft>true</TopLeft>
            </Alignment>
            <TemplateName>generic_check</TemplateName>
            <AdapterName></AdapterName>
            <TextAdapterName></TextAdapterName>
            <Data>class19</Data>
            <LabelWidth>50</LabelWidth>
            <OnClickEvent></OnClickEvent>
        </CheckBoxDef>


        <CheckBoxDef>
            <ControlId>1220</ControlId>
            <Position>
                <X>197</X>
                <Y>173</Y>
            </Position>
            <Alignment>
                <TopLeft>true</TopLeft>
            </Alignment>
            <TemplateName>generic_check</TemplateName>
            <AdapterName></AdapterName>
            <TextAdapterName></TextAdapterName>
            <Data>class20</Data>
            <LabelWidth>50</LabelWidth>
            <OnClickEvent></OnClickEvent>
        </CheckBoxDef>


        <CheckBoxDef>
            <ControlId>1221</ControlId>
            <Position>
                <X>197</X>
                <Y>187</Y>
            </Position>
            <Alignment>
                <TopLeft>true</TopLeft>
            </Alignment>
            <TemplateName>generic_check</TemplateName>
            <AdapterName></AdapterName>
            <TextAdapterName></TextAdapterName>
            <Data>class21</Data>
            <LabelWidth>50</LabelWidth>
            <OnClickEvent></OnClickEvent>
        </CheckBoxDef>


        <CheckBoxDef>
            <ControlId>1222</ControlId>
            <Position>
                <X>197</X>
                <Y>201</Y>
            </Position>
            <Alignment>
                <TopLeft>true</TopLeft>
            </Alignment>
            <TemplateName>generic_check</TemplateName>
            <AdapterName></AdapterName>
            <TextAdapterName></TextAdapterName>
            <Data>class22</Data>
            <LabelWidth>50</LabelWidth>
            <OnClickEvent></OnClickEvent>
        </CheckBoxDef>


        <CheckBoxDef>
            <ControlId>1223</ControlId>
            <Position>
                <X>197</X>
                <Y>215</Y>
            </Position>
            <Alignment>
                <TopLeft>true</TopLeft>
            </Alignment>
            <TemplateName>generic_check</TemplateName>
            <AdapterName></AdapterName>
            <TextAdapterName></TextAdapterName>
            <Data>class23</Data>
            <LabelWidth>50</LabelWidth>
            <OnClickEvent></OnClickEvent>
        </CheckBoxDef>


        <CheckBoxDef>
            <ControlId>1224</ControlId>
            <Position>
                <X>197</X>
                <Y>229</Y>
            </Position>
            <Alignment>
                <TopLeft>true</TopLeft>
            </Alignment>
            <TemplateName>generic_check</TemplateName>
            <AdapterName></AdapterName>
            <TextAdapterName></TextAdapterName>
            <Data>class24</Data>
            <LabelWidth>50</LabelWidth>
            <OnClickEvent></OnClickEvent>
        </CheckBoxDef>


        <CheckBoxDef>
            <ControlId>1225</ControlId>
            <Position>
                <X>197</X>
                <Y>243</Y>
            </Position>
            <Alignment>
                <TopLeft>true</TopLeft>
            </Alignment>
            <TemplateName>generic_check</TemplateName>
            <AdapterName></AdapterName>
            <TextAdapterName></TextAdapterName>
            <Data>class25</Data>
            <LabelWidth>50</LabelWidth>
            <OnClickEvent></OnClickEvent>
        </CheckBoxDef>


        <CheckBoxDef>
            <ControlId>1226</ControlId>
            <Position>
                <X>197</X>
                <Y>257</Y>
            </Position>
            <Alignment>
                <TopLeft>true</TopLeft>
            </Alignment>
            <TemplateName>generic_check</TemplateName>
            <AdapterName></AdapterName>
            <TextAdapterName></TextAdapterName>
            <Data>class26</Data>
            <LabelWidth>50</LabelWidth>
            <OnClickEvent></OnClickEvent>
        </CheckBoxDef>


        <CheckBoxDef>
            <ControlId>1227</ControlId>
            <Position>
                <X>257</X>
                <Y>145</Y>
            </Position>
            <Alignment>
                <TopLeft>true</TopLeft>
            </Alignment>
            <TemplateName>generic_check</TemplateName>
            <AdapterName></AdapterName>
            <TextAdapterName></TextAdapterName>
            <Data>class27</Data>
            <LabelWidth>50</LabelWidth>
            <OnClickEvent></OnClickEvent>
        </CheckBoxDef>


        <CheckBoxDef>
            <ControlId>1228</ControlId>
            <Position>
                <X>257</X>
                <Y>159</Y>
            </Position>
            <Alignment>
                <TopLeft>true</TopLeft>
            </Alignment>
            <TemplateName>generic_check</TemplateName>
            <AdapterName></AdapterName>
            <TextAdapterName></TextAdapterName>
            <Data>class28</Data>
            <LabelWidth>50</LabelWidth>
            <OnClickEvent></OnClickEvent>
        </CheckBoxDef>


        <CheckBoxDef>
            <ControlId>1229</ControlId>
            <Position>
                <X>257</X>
                <Y>173</Y>
            </Position>
            <Alignment>
                <TopLeft>true</TopLeft>
            </Alignment>
            <TemplateName>generic_check</TemplateName>
            <AdapterName></AdapterName>
            <TextAdapterName></TextAdapterName>
            <Data>class29</Data>
            <LabelWidth>50</LabelWidth>
            <OnClickEvent></OnClickEvent>
        </CheckBoxDef>


        <CheckBoxDef>
            <ControlId>1230</ControlId>
            <Position>
                <X>257</X>
                <Y>187</Y>
            </Position>
            <Alignment>
                <TopLeft>true</TopLeft>
            </Alignment>
            <TemplateName>generic_check</TemplateName>
            <AdapterName></AdapterName>
            <TextAdapterName></TextAdapterName>
            <Data>class30</Data>
            <LabelWidth>50</LabelWidth>
            <OnClickEvent></OnClickEvent>
        </CheckBoxDef>


        <CheckBoxDef>
            <ControlId>1231</ControlId>
            <Position>
                <X>257</X>
                <Y>201</Y>
            </Position>
            <Alignment>
                <TopLeft>true</TopLeft>
            </Alignment>
            <TemplateName>generic_check</TemplateName>
            <AdapterName></AdapterName>
            <TextAdapterName></TextAdapterName>
            <Data>class31</Data>
            <LabelWidth>50</LabelWidth>
            <OnClickEvent></OnClickEvent>
        </CheckBoxDef>


        <CheckBoxDef>
            <ControlId>1232</ControlId>
            <Position>
                <X>257</X>
                <Y>215</Y>
            </Position>
            <Alignment>
                <TopLeft>true</TopLeft>
            </Alignment>
            <TemplateName>generic_check</TemplateName>
            <AdapterName></AdapterName>
            <TextAdapterName></TextAdapterName>
            <Data>class32</Data>
            <LabelWidth>50</LabelWidth>
            <OnClickEvent></OnClickEvent>
        </CheckBoxDef>


        <CheckBoxDef>
            <ControlId>1233</ControlId>
            <Position>
                <X>257</X>
                <Y>229</Y>
            </Position>
            <Alignment>
                <TopLeft>true</TopLeft>
            </Alignment>
            <TemplateName>generic_check</TemplateName>
            <AdapterName></AdapterName>
            <TextAdapterName></TextAdapterName>
            <Data>class33</Data>
            <LabelWidth>50</LabelWidth>
            <OnClickEvent></OnClickEvent>
        </CheckBoxDef>


        <CheckBoxDef>
            <ControlId>1234</ControlId>
            <Position>
                <X>257</X>
                <Y>243</Y>
            </Position>
            <Alignment>
                <TopLeft>true</TopLeft>
            </Alignment>
            <TemplateName>generic_check</TemplateName>
            <AdapterName></AdapterName>
            <TextAdapterName></TextAdapterName>
            <Data>class34</Data>
            <LabelWidth>50</LabelWidth>
            <OnClickEvent></OnClickEvent>
        </CheckBoxDef>


        <CheckBoxDef>
            <ControlId>1235</ControlId>
            <Position>
                <X>257</X>
                <Y>257</Y>
            </Position>
            <Alignment>
                <TopLeft>true</TopLeft>
            </Alignment>
            <TemplateName>generic_check</TemplateName>
            <AdapterName></AdapterName>
            <TextAdapterName></TextAdapterName>
            <Data>class35</Data>
            <LabelWidth>50</LabelWidth>
            <OnClickEvent></OnClickEvent>
        </CheckBoxDef>


        <CheckBoxDef>
            <ControlId>1236</ControlId>
            <Position>
                <X>317</X>
                <Y>145</Y>
            </Position>
            <Alignment>
                <TopLeft>true</TopLeft>
            </Alignment>
            <TemplateName>generic_check</TemplateName>
            <AdapterName></AdapterName>
            <TextAdapterName></TextAdapterName>
            <Data>class36</Data>
            <LabelWidth>50</LabelWidth>
            <OnClickEvent></OnClickEvent>
        </CheckBoxDef>


        <CheckBoxDef>
            <ControlId>1237</ControlId>
            <Position>
                <X>317</X>
                <Y>159</Y>
            </Position>
            <Alignment>
                <TopLeft>true</TopLeft>
            </Alignment>
            <TemplateName>generic_check</TemplateName>
            <AdapterName></AdapterName>
            <TextAdapterName></TextAdapterName>
            <Data>class37</Data>
            <LabelWidth>50</LabelWidth>
            <OnClickEvent></OnClickEvent>
        </CheckBoxDef>


        <CheckBoxDef>
            <ControlId>1238</ControlId>
            <Position>
                <X>317</X>
                <Y>173</Y>
            </Position>
            <Alignment>
                <TopLeft>true</TopLeft>
            </Alignment>
            <TemplateName>generic_check</TemplateName>
            <AdapterName></AdapterName>
            <TextAdapterName></TextAdapterName>
            <Data>class38</Data>
            <LabelWidth>50</LabelWidth>
            <OnClickEvent></OnClickEvent>
        </CheckBoxDef>


        <CheckBoxDef>
            <ControlId>1239</ControlId>
            <Position>
                <X>317</X>
                <Y>187</Y>
            </Position>
            <Alignment>
                <TopLeft>true</TopLeft>
            </Alignment>
            <TemplateName>generic_check</TemplateName>
            <AdapterName></AdapterName>
            <TextAdapterName></TextAdapterName>
            <Data>class39</Data>
            <LabelWidth>50</LabelWidth>
            <OnClickEvent></OnClickEvent>
        </CheckBoxDef>


        <CheckBoxDef>
            <ControlId>1240</ControlId>
            <Position>
                <X>317</X>
                <Y>201</Y>
            </Position>
            <Alignment>
                <TopLeft>true</TopLeft>
            </Alignment>
            <TemplateName>generic_check</TemplateName>
            <AdapterName></AdapterName>
            <TextAdapterName></TextAdapterName>
            <Data>class40</Data>
            <LabelWidth>50</LabelWidth>
            <OnClickEvent></OnClickEvent>
        </CheckBoxDef>


        <CheckBoxDef>
            <ControlId>1241</ControlId>
            <Position>
                <X>317</X>
                <Y>215</Y>
            </Position>
            <Alignment>
                <TopLeft>true</TopLeft>
            </Alignment>
            <TemplateName>generic_check</TemplateName>
            <AdapterName></AdapterName>
            <TextAdapterName></TextAdapterName>
            <Data>class41</Data>
            <LabelWidth>50</LabelWidth>
            <OnClickEvent></OnClickEvent>
        </CheckBoxDef>


        <CheckBoxDef>
            <ControlId>1242</ControlId>
            <Position>
                <X>317</X>
                <Y>229</Y>
            </Position>
            <Alignment>
                <TopLeft>true</TopLeft>
            </Alignment>
            <TemplateName>generic_check</TemplateName>
            <AdapterName></AdapterName>
            <TextAdapterName></TextAdapterName>
            <Data>class42</Data>
            <LabelWidth>50</LabelWidth>
            <OnClickEvent></OnClickEvent>
        </CheckBoxDef>


        <CheckBoxDef>
            <ControlId>1243</ControlId>
            <Position>
                <X>317</X>
                <Y>243</Y>
            </Position>
            <Alignment>
                <TopLeft>true</TopLeft>
            </Alignment>
            <TemplateName>generic_check</TemplateName>
            <AdapterName></AdapterName>
            <TextAdapterName></TextAdapterName>
            <Data>class43</Data>
            <LabelWidth>50</LabelWidth>
            <OnClickEvent></OnClickEvent>
        </CheckBoxDef>


        <CheckBoxDef>
            <ControlId>1244</ControlId>
            <Position>
                <X>317</X>
                <Y>257</Y>
            </Position>
            <Alignment>
                <TopLeft>true</TopLeft>
            </Alignment>
            <TemplateName>generic_check</TemplateName>
            <AdapterName></AdapterName>
            <TextAdapterName></TextAdapterName>
            <Data>class44</Data>
            <LabelWidth>50</LabelWidth>
            <OnClickEvent></OnClickEvent>
        </CheckBoxDef>


        <!--Miscellaneous Controls-->


        <ButtonDef>
            <ControlId>1002</ControlId>
            <Position>
                <X>134</X>
                <Y>1</Y>
            </Position>
            <Alignment>
                <OffsetBottom>true</OffsetBottom>
                <OffsetRight>true</OffsetRight>
            </Alignment>
            <TemplateName>button_tab</TemplateName>
            <Label>Search</Label>
        </ButtonDef>


        <LabelDef>
            <Position>
                <X>18</X>
                <Y>68</Y>
            </Position>
            <Alignment>
                <TopLeft>true</TopLeft>
            </Alignment>
            <Color>
                <R>208</R>
                <G>228</G>
                <B>229</B>
                <A>255</A>
            </Color>
            <FontName>arial9</FontName>
            <Width>50</Width>
            <Height>16</Height>
            <MaxCharacters>64</MaxCharacters>
            <Data>Min Level</Data>
        </LabelDef>


        <ButtonDef>
            <ControlId>1005</ControlId>
            <Position>
                <X>69</X>
                <Y>65</Y>
            </Position>
            <Alignment>
                <TopLeft>true</TopLeft>
            </Alignment>
            <TemplateName>button_left</TemplateName>
        </ButtonDef>


        <ButtonDef>
            <ControlId>1006</ControlId>
            <Position>
                <X>93</X>
                <Y>65</Y>
            </Position>
            <Alignment>
                <TopLeft>true</TopLeft>
            </Alignment>
            <TemplateName>button_right</TemplateName>
        </ButtonDef>


        <ScalarLabelDef>
            <Position>
                <X>80</X>
                <Y>68</Y>
            </Position>
            <Alignment>
                <TopLeft>true</TopLeft>
            </Alignment>
            <FontName>arial9</FontName>
            <Width>20</Width>
            <Height>16</Height>
            <MaxCharacters>64</MaxCharacters>
            <Color>
                <R>254</R>
                <G>217</G>
                <B>10</B>
                <A>255</A>
            </Color>
            <Adapter>lfg_min_level</Adapter>
            <Data>1</Data>
            <TextCentered>true</TextCentered>
        </ScalarLabelDef>


        <LabelDef>
            <Position>
                <X>18</X>
                <Y>87</Y>
            </Position>
            <Alignment>
                <TopLeft>true</TopLeft>
            </Alignment>
            <Color>
                <R>208</R>
                <G>228</G>
                <B>229</B>
                <A>255</A>
            </Color>
            <FontName>arial9</FontName>
            <Width>50</Width>
            <Height>16</Height>
            <MaxCharacters>64</MaxCharacters>
            <Data>Max Level</Data>
        </LabelDef>


        <ButtonDef>
            <ControlId>1007</ControlId>
            <Position>
                <X>69</X>
                <Y>84</Y>
            </Position>
            <Alignment>
                <TopLeft>true</TopLeft>
            </Alignment>
            <TemplateName>button_left</TemplateName>
        </ButtonDef>


        <ButtonDef>
            <ControlId>1008</ControlId>
            <Position>
                <X>93</X>
                <Y>84</Y>
            </Position>
            <Alignment>
                <TopLeft>true</TopLeft>
            </Alignment>
            <TemplateName>button_right</TemplateName>
        </ButtonDef>


        <ScalarLabelDef>
            <Position>
                <X>80</X>
                <Y>87</Y>
            </Position>
            <Alignment>
                <TopLeft>true</TopLeft>
            </Alignment>
            <FontName>arial9</FontName>
            <Width>20</Width>
            <Height>16</Height>
            <MaxCharacters>64</MaxCharacters>
            <Color>
                <R>254</R>
                <G>217</G>
                <B>10</B>
                <A>255</A>
            </Color>
            <Adapter>lfg_max_level</Adapter>
            <Data>50</Data>
            <TextCentered>true</TextCentered>
        </ScalarLabelDef>


        <ButtonDef>
            <ControlId>1000</ControlId>
            <Position>
                <X>69</X>
                <Y>1</Y>
            </Position>
            <Alignment>
                <OffsetBottom>true</OffsetBottom>
                <OffsetRight>true</OffsetRight>
            </Alignment>
            <TemplateName>button_tab</TemplateName>
            <Label>Clear</Label>
        </ButtonDef>


        <ButtonDef>
            <ControlId>1004</ControlId>
            <Position>
                <X>4</X>
                <Y>1</Y>
            </Position>
            <Alignment>
                <OffsetBottom>true</OffsetBottom>
                <OffsetRight>true</OffsetRight>
            </Alignment>
            <TemplateName>button_tab</TemplateName>
            <Label>Submit</Label>
        </ButtonDef>


        <CheckBoxDef>
            <ControlId>1017</ControlId>
            <Position>
                <X>16</X>
                <Y>6</Y>
            </Position>
            <Alignment>
                <TopLeft>true</TopLeft>
            </Alignment>
            <TemplateName>generic_check</TemplateName>
            <AdapterName></AdapterName>
            <TextAdapterName></TextAdapterName>
            <Data>Looking For Players</Data>
            <LabelWidth>150</LabelWidth>
            <OnClickEvent></OnClickEvent>
        </CheckBoxDef>


        <CheckBoxDef>
            <ControlId>1018</ControlId>
            <Position>
                <X>136</X>
                <Y>6</Y>
            </Position>
            <Alignment>
                <TopLeft>true</TopLeft>
            </Alignment>
            <TemplateName>generic_check</TemplateName>
            <AdapterName></AdapterName>
            <TextAdapterName></TextAdapterName>
            <Data>Not Looking</Data>
            <LabelWidth>150</LabelWidth>
            <OnClickEvent></OnClickEvent>
        </CheckBoxDef>


        <CheckBoxDef>
            <ControlId>1019</ControlId>
            <Position>
                <X>17</X>
                <Y>104</Y>
            </Position>
            <Alignment>
                <TopLeft>true</TopLeft>
            </Alignment>
            <TemplateName>generic_check</TemplateName>
            <AdapterName></AdapterName>
            <TextAdapterName></TextAdapterName>
            <Data>Battlegroup</Data>
            <LabelWidth>150</LabelWidth>
            <OnClickEvent></OnClickEvent>
        </CheckBoxDef>


        <!--ComboBoxes must go last in order of increasing Y positions-->


        <LabelDef>
            <Position>
                <X>18</X>
                <Y>45</Y>
            </Position>
            <Alignment>
                <TopLeft>true</TopLeft>
            </Alignment>
            <Color>
                <R>208</R>
                <G>228</G>
                <B>229</B>
                <A>192</A>
            </Color>
            <FontName>arial9</FontName>
            <Width>75</Width>
            <Height>16</Height>
            <MaxCharacters>64</MaxCharacters>
            <Data>Duration</Data>
        </LabelDef>


        <ComboBoxDef>
            <ControlId>1010</ControlId>
            <Position>
                <X>73</X>
                <Y>42</Y>
            </Position>
            <Alignment>
                <TopLeft>true</TopLeft>
            </Alignment>
            <TemplateName>generic_combobox</TemplateName>
        </ComboBoxDef>


        <LabelDef>
            <Position>
                <X>18</X>
                <Y>26</Y>
            </Position>
            <Alignment>
                <TopLeft>true</TopLeft>
            </Alignment>
            <Color>
                <R>208</R>
                <G>228</G>
                <B>229</B>
                <A>255</A>
            </Color>
            <FontName>arial9</FontName>
            <Width>75</Width>
            <Height>16</Height>
            <MaxCharacters>64</MaxCharacters>
            <Data>Objective</Data>
        </LabelDef>


        <ComboBoxDef>
            <ControlId>1009</ControlId>
            <Position>
                <X>73</X>
                <Y>23</Y>
            </Position>
            <Alignment>
                <TopLeft>true</TopLeft>
            </Alignment>
            <TemplateName>generic_combobox</TemplateName>
        </ComboBoxDef>


    </WindowTemplate>


</Root_Element>
