<?xml version="1.0"?>
<Root_Element ID="DAOCUi">

<!-- @@ Edited with the DAoC User Interface Editor v1.80 -->
<!-- @@ Free download available at http://www.bradtownsend.com/daoced -->


    <WindowTemplate>
        <Name>custom0_window</Name>
        <WindowId>custom0_window</WindowId>
        <CloseButton>false</CloseButton>
        <MoveButton>false</MoveButton>
        <TopRightResizeButton>false</TopRightResizeButton>
        <BottomRightResizeButton>false</BottomRightResizeButton>
        <BottomLeftResizeButton>false</BottomLeftResizeButton>
        <ResizeButtonOffsetX>0</ResizeButtonOffsetX>
        <ResizeButtonOffsetY>0</ResizeButtonOffsetY>
        <TitleWidth>0</TitleWidth>
        <TitleHeight>0</TitleHeight>
        <Width>240</Width>
        <Height>28</Height>
        <ResizeableWidth>0</ResizeableWidth>
        <ResizeableHeight>0</ResizeableHeight>
        <ResizeableTwoWayWidth>0</ResizeableTwoWayWidth>
        <ResizeableTwoWayHeight>0</ResizeableTwoWayHeight>
        <MinWidth>0</MinWidth>
        <MinHeight>0</MinHeight>
        <ContextTemplateName></ContextTemplateName>


        <StatusBarDef>
            <Position>
                <X>0</X>
                <Y>0</Y>
            </Position>
            <TemplateName>_witt_statusbar_mediumbig_blue</TemplateName>
            <AdapterName>summary_player_hits</AdapterName>
            <Width>240</Width>
        </StatusBarDef>


        <ScalarLabelDef>
            <Position>
                <X>0</X>
                <Y>5</Y>
            </Position>
            <FontName>_whatisthisfont14pxst</FontName>
            <Width>48</Width>
            <Height>20</Height>
            <MaxCharacters>4</MaxCharacters>
            <Color>
                <R>255</R>
                <G>255</G>
                <B>255</B>
                <A>255</A>
            </Color>
            <Adapter>summary_player_hits</Adapter>
            <TextCentered>true</TextCentered>
            <EndAligned>true</EndAligned>
        </ScalarLabelDef>


        <StatusIconDef>
            <Position>
                <X>1</X>
                <Y>1</Y>
            </Position>
            <TemplateName>_witt_combatmode</TemplateName>
            <AdapterName>combat_mode</AdapterName>
        </StatusIconDef>


    </WindowTemplate>


</Root_Element>
