<?xml version="1.0"?>
<Root_Element ID="DAOCUi">

<!-- @@ Edited with the DAoC User Interface Editor v1.80 -->
<!-- @@ Free download available at http://www.bradtownsend.com/daoced -->


    <WindowTemplate>
        <Name>stats_index</Name>
        <WindowId>StatsIndex</WindowId>
        <CloseButton>false</CloseButton>
        <MoveButton>false</MoveButton>
        <TopRightResizeButton>false</TopRightResizeButton>
        <BottomRightResizeButton>false</BottomRightResizeButton>
        <BottomLeftResizeButton>false</BottomLeftResizeButton>
        <ResizeButtonOffsetX>0</ResizeButtonOffsetX>
        <ResizeButtonOffsetY>0</ResizeButtonOffsetY>
        <TitleWidth>197</TitleWidth>
        <TitleHeight>5</TitleHeight>
        <Width>198</Width>
        <Height>27</Height>
        <ResizeableWidth>0</ResizeableWidth>
        <ResizeableHeight>0</ResizeableHeight>
        <ResizeableTwoWayWidth>0</ResizeableTwoWayWidth>
        <ResizeableTwoWayHeight>0</ResizeableTwoWayHeight>
        <MinWidth>0</MinWidth>
        <MinHeight>0</MinHeight>
        <ContextTemplateName></ContextTemplateName>


        <FullResizeImageDef>
            <Position>
                <X>0</X>
                <Y>0</Y>
            </Position>
            <TemplateName>_witt_bg_100</TemplateName>
            <Width>198</Width>
            <Height>28</Height>
        </FullResizeImageDef>


        <ButtonDef>
            <Position>
                <X>168</X>
                <Y>0</Y>
            </Position>
            <Alignment>
                <TopLeft>true</TopLeft>
                <OffsetRight>true</OffsetRight>
            </Alignment>
            <TemplateName>_stats_manager</TemplateName>
            <OnClickEvent>ToggleInterfaceElements</OnClickEvent>
        </ButtonDef>


        <InvisibleButtonDef>
            <Position>
                <X>170</X>
                <Y>0</Y>
            </Position>
            <Alignment>
                <TopLeft>true</TopLeft>
                <OffsetRight>true</OffsetRight>
            </Alignment>
            <Label></Label>
            <OnClickEvent>ToggleInterfaceElements</OnClickEvent>
            <Width>28</Width>
            <Height>28</Height>
        </InvisibleButtonDef>


        <CheckBoxDef>
            <ControlId>1000</ControlId>
            <Position>
                <X>112</X>
                <Y>0</Y>
            </Position>
            <Alignment>
                <TopLeft>true</TopLeft>
                <OffsetRight>true</OffsetRight>
            </Alignment>
            <ToolTipID>18</ToolTipID>
            <TemplateName>_stats_checkbox_attributes</TemplateName>
            <AdapterName></AdapterName>
            <TextAdapterName></TextAdapterName>
            <Data></Data>
            <LabelWidth>0</LabelWidth>
            <OnClickEvent></OnClickEvent>
        </CheckBoxDef>


        <CheckBoxDef>
            <ControlId>1001</ControlId>
            <Position>
                <X>0</X>
                <Y>0</Y>
            </Position>
            <Alignment>
                <TopLeft>true</TopLeft>
                <OffsetRight>true</OffsetRight>
            </Alignment>
            <ToolTipID>19</ToolTipID>
            <TemplateName>_stats_checkbox_inventory</TemplateName>
            <AdapterName></AdapterName>
            <TextAdapterName></TextAdapterName>
            <Data></Data>
            <LabelWidth>0</LabelWidth>
            <OnClickEvent></OnClickEvent>
        </CheckBoxDef>


        <CheckBoxDef>
            <ControlId>1002</ControlId>
            <Position>
                <X>28</X>
                <Y>0</Y>
            </Position>
            <Alignment>
                <TopLeft>true</TopLeft>
                <OffsetRight>true</OffsetRight>
            </Alignment>
            <ToolTipID>22</ToolTipID>
            <TemplateName>_stats_checkbox_spells</TemplateName>
            <AdapterName></AdapterName>
            <TextAdapterName></TextAdapterName>
            <Data></Data>
            <LabelWidth>0</LabelWidth>
            <OnClickEvent></OnClickEvent>
        </CheckBoxDef>


        <CheckBoxDef>
            <ControlId>1003</ControlId>
            <Position>
                <X>56</X>
                <Y>0</Y>
            </Position>
            <Alignment>
                <TopLeft>true</TopLeft>
                <OffsetRight>true</OffsetRight>
            </Alignment>
            <ToolTipID>21</ToolTipID>
            <TemplateName>_stats_checkbox_combat</TemplateName>
            <AdapterName></AdapterName>
            <TextAdapterName></TextAdapterName>
            <Data></Data>
            <LabelWidth>0</LabelWidth>
            <OnClickEvent></OnClickEvent>
        </CheckBoxDef>


        <CheckBoxDef>
            <ControlId>1004</ControlId>
            <Position>
                <X>84</X>
                <Y>0</Y>
            </Position>
            <Alignment>
                <TopLeft>true</TopLeft>
                <OffsetRight>true</OffsetRight>
            </Alignment>
            <ToolTipID>20</ToolTipID>
            <TemplateName>_stats_checkbox_abilities</TemplateName>
            <AdapterName></AdapterName>
            <TextAdapterName></TextAdapterName>
            <Data></Data>
            <LabelWidth>0</LabelWidth>
            <OnClickEvent></OnClickEvent>
        </CheckBoxDef>


        <CheckBoxDef>
            <ControlId>1005</ControlId>
            <Position>
                <X>140</X>
                <Y>0</Y>
            </Position>
            <Alignment>
                <TopLeft>true</TopLeft>
                <OffsetRight>true</OffsetRight>
            </Alignment>
            <ToolTipID>23</ToolTipID>
            <TemplateName>_stats_checkbox_group</TemplateName>
            <AdapterName></AdapterName>
            <TextAdapterName></TextAdapterName>
            <Data></Data>
            <LabelWidth>0</LabelWidth>
            <OnClickEvent></OnClickEvent>
        </CheckBoxDef>


    </WindowTemplate>


</Root_Element>
