<?xml version="1.0"?>
<Root_Element ID="DAOCUi">

<!-- @@ Edited with the DAoC User Interface Editor v1.80 -->
<!-- @@ Free download available at http://www.bradtownsend.com/daoced -->


    <WindowTemplate>
        <Name>float_target_window</Name>
        <WindowId>float_target</WindowId>
        <CloseButton>false</CloseButton>
        <MoveButton>false</MoveButton>
        <TopRightResizeButton>false</TopRightResizeButton>
        <BottomRightResizeButton>false</BottomRightResizeButton>
        <BottomLeftResizeButton>false</BottomLeftResizeButton>
        <ResizeButtonOffsetX>0</ResizeButtonOffsetX>
        <ResizeButtonOffsetY>0</ResizeButtonOffsetY>
        <TitleWidth>40</TitleWidth>
        <TitleHeight>18</TitleHeight>
        <Width>187</Width>
        <Height>20</Height>
        <ResizeableWidth>0</ResizeableWidth>
        <ResizeableHeight>0</ResizeableHeight>
        <ResizeableTwoWayWidth>0</ResizeableTwoWayWidth>
        <ResizeableTwoWayHeight>0</ResizeableTwoWayHeight>
        <MinWidth>0</MinWidth>
        <MinHeight>0</MinHeight>
        <ContextTemplateName></ContextTemplateName>


        <StatusIconDef>
            <Position>
                <X>1</X>
                <Y>1</Y>
            </Position>
            <TemplateName>attack_mode_blank2</TemplateName>
            <AdapterName>combat_mode</AdapterName>
        </StatusIconDef>


        <StatusBarDef>
            <Position>
                <X>1</X>
                <Y>1</Y>
            </Position>
            <TemplateName>b_bar_target_bigblue</TemplateName>
            <AdapterName>summary_target_hits</AdapterName>
            <Width>256</Width>
        </StatusBarDef>


        <ScalarLabelDef>
            <Position>
                <X>7</X>
                <Y>7</Y>
            </Position>
            <FontName>kr</FontName>
            <Width>25</Width>
            <Height>16</Height>
            <MaxCharacters>4</MaxCharacters>
            <Color>
                <R>255</R>
                <G>255</G>
                <B>255</B>
                <A>255</A>
            </Color>
            <Adapter>summary_target_hits</Adapter>
            <TextCentered>true</TextCentered>
            <DontDrawWhenNegOne>true</DontDrawWhenNegOne>
            <EndAligned>true</EndAligned>
        </ScalarLabelDef>


        <LabelDef>
            <Position>
                <X>36</X>
                <Y>7</Y>
            </Position>
            <Color>
                <R>255</R>
                <G>255</G>
                <B>255</B>
                <A>255</A>
            </Color>
            <FontName>kr</FontName>
            <Width>145</Width>
            <Height>16</Height>
            <MaxCharacters>64</MaxCharacters>
            <ColorAdapter>summary_target_color</ColorAdapter>
            <Adapter>summary_target</Adapter>
        </LabelDef>


        <ImageAreaDef>
            <Position>
                <X>2</X>
                <Y>2</Y>
            </Position>
            <TemplateName>b_target_border2</TemplateName>
        </ImageAreaDef>


        <StatusIconDef>
            <ControlId>attackmode</ControlId>
            <Position>
                <X>2</X>
                <Y>2</Y>
            </Position>
            <Alignment>
                <TopLeft>true</TopLeft>
            </Alignment>
            <TemplateName>attack_mode2</TemplateName>
            <AdapterName>combat_mode</AdapterName>
        </StatusIconDef>


    </WindowTemplate>


</Root_Element>
