<?xml version="1.0"?>
<Root_Element ID="DAOCUi">

<!-- @@ Edited with the DAoC User Interface Editor v1.80 -->
<!-- @@ Free download available at http://www.bradtownsend.com/daoced -->


    <CheckBoxTemplate>
        <Name>tree_check</Name>
        <Size>
            <X>12</X>
            <Y>12</Y>
        </Size>
        <Font>
            <Name>arial11</Name>
            <ColorNormal>
                <R>192</R>
                <G>192</G>
                <B>192</B>
                <A>255</A>
            </ColorNormal>
            <ColorPressed>
                <R>192</R>
                <G>192</G>
                <B>192</B>
                <A>255</A>
            </ColorPressed>
            <ColorHighlit>
                <R>192</R>
                <G>192</G>
                <B>192</B>
                <A>255</A>
            </ColorHighlit>
            <ColorDisabled>
                <R>128</R>
                <G>128</G>
                <B>128</B>
                <A>128</A>
            </ColorDisabled>
            <TextOffset>
                <X>14</X>
                <Y>0</Y>
            </TextOffset>
            <TextAlignment>
                <TopLeft>true</TopLeft>
            </TextAlignment>
            <ChangeFontColor>true</ChangeFontColor>
        </Font>
        <Texture>
            <TextureName>page1</TextureName>
            <Normal>
                <X>76</X>
                <Y>241</Y>
            </Normal>
            <Pressed>
                <X>63</X>
                <Y>241</Y>
            </Pressed>
            <NormalHighlit>
                <X>102</X>
                <Y>241</Y>
            </NormalHighlit>
            <PressedHighlit>
                <X>89</X>
                <Y>241</Y>
            </PressedHighlit>
            <Disabled>
                <X>76</X>
                <Y>241</Y>
            </Disabled>
        </Texture>
    </CheckBoxTemplate>


    <WindowTemplate>
        <Name>stats_spells</Name>
        <WindowId>c_windowInvalid</WindowId>
        <CloseButton>false</CloseButton>
        <MoveButton>false</MoveButton>
        <TopRightResizeButton>false</TopRightResizeButton>
        <BottomRightResizeButton>false</BottomRightResizeButton>
        <BottomLeftResizeButton>false</BottomLeftResizeButton>
        <ResizeButtonOffsetX>0</ResizeButtonOffsetX>
        <ResizeButtonOffsetY>0</ResizeButtonOffsetY>
        <TitleWidth>0</TitleWidth>
        <TitleHeight>0</TitleHeight>
        <Width>198</Width>
        <Height>380</Height>
        <ResizeableWidth>0</ResizeableWidth>
        <ResizeableHeight>0</ResizeableHeight>
        <ResizeableTwoWayWidth>0</ResizeableTwoWayWidth>
        <ResizeableTwoWayHeight>0</ResizeableTwoWayHeight>
        <MinWidth>0</MinWidth>
        <MinHeight>0</MinHeight>
        <ContextTemplateName></ContextTemplateName>


        <FullResizeImageDef>
            <Position>
                <X>0</X>
                <Y>0</Y>
            </Position>
            <TemplateName>_witt_bg_90</TemplateName>
            <Width>198</Width>
            <Height>380</Height>
        </FullResizeImageDef>


        <FullResizeImageDef>
            <Position>
                <X>0</X>
                <Y>0</Y>
            </Position>
            <TemplateName>_witt_bg_100</TemplateName>
            <Width>198</Width>
            <Height>19</Height>
        </FullResizeImageDef>


        <LabelDef>
            <Position>
                <X>0</X>
                <Y>4</Y>
            </Position>
            <Alignment>
                <CenterHorizontally>true</CenterHorizontally>
            </Alignment>
            <Color>
                <R>255</R>
                <G>255</G>
                <B>255</B>
                <A>255</A>
            </Color>
            <FontName>_whatisthisfont2</FontName>
            <Width>198</Width>
            <Height>15</Height>
            <MaxCharacters>128</MaxCharacters>
            <Data>SPELLS</Data>
            <TextCentered>true</TextCentered>
        </LabelDef>


        <TreeControlDef>
            <ControlId>1000</ControlId>
            <Position>
                <X>0</X>
                <Y>18</Y>
            </Position>
            <Alignment>
                <TopLeft>true</TopLeft>
            </Alignment>
            <TemplateName>_witt_listbox_noscroll</TemplateName>
            <AdapterName>stats_spells</AdapterName>
            <Width>198</Width>
            <Height>362</Height>
            <Column1Width>100</Column1Width>
            <Column1Offset>10</Column1Offset>
            <Column2Width>100</Column2Width>
            <Column2Offset>125</Column2Offset>
        </TreeControlDef>


    </WindowTemplate>


</Root_Element>
