<?xml version="1.0"?>
<Root_Element ID="DAOCUi">

<!-- @@ Edited with the DAoC User Interface Editor v1.80 -->
<!-- @@ Free download available at http://www.bradtownsend.com/daoced -->


    <WindowTemplate>
        <Name>mini_pet</Name>
        <WindowId>MiniPet</WindowId>
        <CloseButton>false</CloseButton>
        <MoveButton>false</MoveButton>
        <TopRightResizeButton>false</TopRightResizeButton>
        <BottomRightResizeButton>false</BottomRightResizeButton>
        <BottomLeftResizeButton>false</BottomLeftResizeButton>
        <ResizeButtonOffsetX>0</ResizeButtonOffsetX>
        <ResizeButtonOffsetY>0</ResizeButtonOffsetY>
        <TitleWidth>0</TitleWidth>
        <TitleHeight>0</TitleHeight>
        <Width>187</Width>
        <Height>87</Height>
        <ResizeableWidth>0</ResizeableWidth>
        <ResizeableHeight>0</ResizeableHeight>
        <ResizeableTwoWayWidth>0</ResizeableTwoWayWidth>
        <ResizeableTwoWayHeight>0</ResizeableTwoWayHeight>
        <MinWidth>0</MinWidth>
        <MinHeight>0</MinHeight>
        <ContextTemplateName></ContextTemplateName>


        <FullResizeImageDef>
            <ControlId>Background</ControlId>
            <Position>
                <X>1</X>
                <Y>15</Y>
            </Position>
            <Alignment>
                <GrowWidth>true</GrowWidth>
                <GrowHeight>true</GrowHeight>
            </Alignment>
            <TemplateName>dlg_background_0px</TemplateName>
            <Width>187</Width>
            <Height>72</Height>
        </FullResizeImageDef>


        <StatusBarDef>
            <Position>
                <X>1</X>
                <Y>3</Y>
            </Position>
            <Alignment>
                <TopLeft>true</TopLeft>
            </Alignment>
            <TemplateName>b_bar_health_smallred</TemplateName>
            <AdapterName>mini_pet_life</AdapterName>
            <Width>187</Width>
        </StatusBarDef>


        <ScalarLabelDef>
            <ControlId>pet life percentage</ControlId>
            <Position>
                <X>10</X>
                <Y>4</Y>
            </Position>
            <Alignment>
                <TopLeft>true</TopLeft>
            </Alignment>
            <FontName>arial9ds</FontName>
            <Width>100</Width>
            <Height>25</Height>
            <MaxCharacters>999</MaxCharacters>
            <Color>
                <R>255</R>
                <G>255</G>
                <B>255</B>
                <A>255</A>
            </Color>
            <Adapter>mini_pet_life</Adapter>
            <DontDrawWhenZero>true</DontDrawWhenZero>
        </ScalarLabelDef>


        <LabelDef>
            <Position>
                <X>32</X>
                <Y>4</Y>
            </Position>
            <Color>
                <R>192</R>
                <G>192</G>
                <B>192</B>
                <A>255</A>
            </Color>
            <FontName>arial9ds</FontName>
            <Width>160</Width>
            <Height>16</Height>
            <MaxCharacters>64</MaxCharacters>
            <Adapter>mini_pet_title</Adapter>
        </LabelDef>


        <InvisibleButtonDef>
            <ControlId>1009</ControlId>
            <Position>
                <X>0</X>
                <Y>0</Y>
            </Position>
            <Alignment>
                <TopLeft>true</TopLeft>
            </Alignment>
            <Label></Label>
            <OnClickEvent>PetTarget</OnClickEvent>
            <Width>186</Width>
            <Height>15</Height>
        </InvisibleButtonDef>


        <CheckBoxDef>
            <ControlId>1000</ControlId>
            <Position>
                <X>12</X>
                <Y>38</Y>
            </Position>
            <Alignment>
                <TopLeft>true</TopLeft>
            </Alignment>
            <TemplateName>generic_check</TemplateName>
            <AdapterName>mini_pet_combat0</AdapterName>
            <TextAdapterName></TextAdapterName>
            <Data>Aggro</Data>
            <LabelWidth>35</LabelWidth>
            <OnClickEvent></OnClickEvent>
        </CheckBoxDef>


        <CheckBoxDef>
            <ControlId>1001</ControlId>
            <Position>
                <X>65</X>
                <Y>38</Y>
            </Position>
            <Alignment>
                <TopLeft>true</TopLeft>
            </Alignment>
            <TemplateName>generic_check</TemplateName>
            <AdapterName>mini_pet_combat1</AdapterName>
            <TextAdapterName></TextAdapterName>
            <Data>Defense</Data>
            <LabelWidth>37</LabelWidth>
            <OnClickEvent></OnClickEvent>
        </CheckBoxDef>


        <CheckBoxDef>
            <ControlId>1002</ControlId>
            <Position>
                <X>125</X>
                <Y>38</Y>
            </Position>
            <Alignment>
                <TopLeft>true</TopLeft>
            </Alignment>
            <TemplateName>generic_check</TemplateName>
            <AdapterName>mini_pet_combat2</AdapterName>
            <TextAdapterName></TextAdapterName>
            <Data>Passive</Data>
            <LabelWidth>37</LabelWidth>
            <OnClickEvent></OnClickEvent>
        </CheckBoxDef>


        <CheckBoxDef>
            <ControlId>1003</ControlId>
            <Position>
                <X>9</X>
                <Y>52</Y>
            </Position>
            <Alignment>
                <TopLeft>true</TopLeft>
            </Alignment>
            <TemplateName>generic_check</TemplateName>
            <AdapterName>mini_pet_movement0</AdapterName>
            <TextAdapterName></TextAdapterName>
            <Data>Fo</Data>
            <LabelWidth>23</LabelWidth>
            <OnClickEvent></OnClickEvent>
        </CheckBoxDef>


        <CheckBoxDef>
            <ControlId>1004</ControlId>
            <Position>
                <X>90</X>
                <Y>52</Y>
            </Position>
            <Alignment>
                <TopLeft>true</TopLeft>
            </Alignment>
            <TemplateName>generic_check</TemplateName>
            <AdapterName>mini_pet_movement1</AdapterName>
            <TextAdapterName></TextAdapterName>
            <Data>St</Data>
            <LabelWidth>24</LabelWidth>
            <OnClickEvent></OnClickEvent>
        </CheckBoxDef>


        <CheckBoxDef>
            <ControlId>1005</ControlId>
            <Position>
                <X>130</X>
                <Y>52</Y>
            </Position>
            <Alignment>
                <TopLeft>true</TopLeft>
            </Alignment>
            <TemplateName>generic_check</TemplateName>
            <AdapterName>mini_pet_movement2</AdapterName>
            <TextAdapterName></TextAdapterName>
            <Data>Go2</Data>
            <LabelWidth>24</LabelWidth>
            <OnClickEvent></OnClickEvent>
        </CheckBoxDef>


        <CheckBoxDef>
            <ControlId>1006</ControlId>
            <Position>
                <X>48</X>
                <Y>52</Y>
            </Position>
            <Alignment>
                <TopLeft>true</TopLeft>
            </Alignment>
            <TemplateName>generic_check</TemplateName>
            <AdapterName>mini_pet_movement3</AdapterName>
            <TextAdapterName></TextAdapterName>
            <Data>He</Data>
            <LabelWidth>24</LabelWidth>
            <OnClickEvent></OnClickEvent>
        </CheckBoxDef>


        <ButtonDef>
            <ControlId>1007</ControlId>
            <Position>
                <X>22</X>
                <Y>19</Y>
            </Position>
            <Alignment>
                <TopLeft>true</TopLeft>
            </Alignment>
            <TemplateName>button_tab</TemplateName>
            <Label>Attack</Label>
            <OnClickEvent>PetAttack</OnClickEvent>
        </ButtonDef>


        <ButtonDef>
            <ControlId>1008</ControlId>
            <Position>
                <X>94</X>
                <Y>19</Y>
            </Position>
            <Alignment>
                <TopLeft>true</TopLeft>
            </Alignment>
            <TemplateName>button_tab</TemplateName>
            <Label>Release</Label>
            <OnClickEvent>PetRelease</OnClickEvent>
        </ButtonDef>


        <IconDef>
            <Position>
                <X>33</X>
                <Y>67</Y>
            </Position>
            <Alignment>
                <TopLeft>true</TopLeft>
            </Alignment>
            <TemplateName>plain_icon_small</TemplateName>
            <AdapterName>mini_pet_effect0</AdapterName>
            <IconId>0</IconId>
            <Data></Data>
        </IconDef>


        <IconDef>
            <Position>
                <X>53</X>
                <Y>67</Y>
            </Position>
            <Alignment>
                <TopLeft>true</TopLeft>
            </Alignment>
            <TemplateName>plain_icon_small</TemplateName>
            <AdapterName>mini_pet_effect1</AdapterName>
            <IconId>0</IconId>
            <Data></Data>
        </IconDef>


        <IconDef>
            <Position>
                <X>73</X>
                <Y>67</Y>
            </Position>
            <Alignment>
                <TopLeft>true</TopLeft>
            </Alignment>
            <TemplateName>plain_icon_small</TemplateName>
            <AdapterName>mini_pet_effect2</AdapterName>
            <IconId>0</IconId>
            <Data></Data>
        </IconDef>


        <IconDef>
            <Position>
                <X>93</X>
                <Y>67</Y>
            </Position>
            <Alignment>
                <TopLeft>true</TopLeft>
            </Alignment>
            <TemplateName>plain_icon_small</TemplateName>
            <AdapterName>mini_pet_effect3</AdapterName>
            <IconId>0</IconId>
            <Data></Data>
        </IconDef>


        <IconDef>
            <Position>
                <X>113</X>
                <Y>67</Y>
            </Position>
            <Alignment>
                <TopLeft>true</TopLeft>
            </Alignment>
            <TemplateName>plain_icon_small</TemplateName>
            <AdapterName>mini_pet_effect4</AdapterName>
            <IconId>0</IconId>
            <Data></Data>
        </IconDef>


        <IconDef>
            <Position>
                <X>133</X>
                <Y>67</Y>
            </Position>
            <Alignment>
                <TopLeft>true</TopLeft>
            </Alignment>
            <TemplateName>plain_icon_small</TemplateName>
            <AdapterName>mini_pet_effect5</AdapterName>
            <IconId>0</IconId>
            <Data></Data>
        </IconDef>


    </WindowTemplate>


</Root_Element>
