<?xml version="1.0"?>
<Root_Element ID="DAOCUi">

<!-- @@ Edited with the DAoC User Interface Editor v1.80 -->
<!-- @@ Free download available at http://www.bradtownsend.com/daoced -->


    <ListBoxTemplate>
        <Name>keyconfig_listbox</Name>
        <LinePadding>3</LinePadding>
        <CellPadding>10</CellPadding>
        <LabelLength>128</LabelLength>
        <ScrollbarTemplate>chat_vscroll</ScrollbarTemplate>
        <DrawScroll>true</DrawScroll>
        <ScrollbarTopOffset>0</ScrollbarTopOffset>
        <ScrollbarBottomOffset>0</ScrollbarBottomOffset>
        <ScrollbarRightOffset>0</ScrollbarRightOffset>
        <Sorting>false</Sorting>
        <BackgroundTemplate>dlg_background_1px</BackgroundTemplate>
        <IconTemplate>plain_icon_small</IconTemplate>
        <TextFont>
            <Name>arial9</Name>
            <ColorNormal>
                <R>208</R>
                <G>228</G>
                <B>229</B>
                <A>255</A>
            </ColorNormal>
            <ColorHighlit>
                <R>254</R>
                <G>217</G>
                <B>10</B>
                <A>255</A>
            </ColorHighlit>
            <ColorGreyed>
                <R>82</R>
                <G>217</G>
                <B>94</B>
                <A>255</A>
            </ColorGreyed>
            <TextTopOffset>2</TextTopOffset>
            <TextBottomOffset>2</TextBottomOffset>
            <TextLeftOffset>0</TextLeftOffset>
            <TextRightOffset>0</TextRightOffset>
            <LineOffset>0</LineOffset>
        </TextFont>
            <IconSize>
                <X>16</X>
                <Y>16</Y>
            </IconSize>
    </ListBoxTemplate>


    <WindowTemplate>
        <Name>key_config</Name>
        <WindowId>KeyConfig</WindowId>
        <CloseButton>true</CloseButton>
        <MoveButton>false</MoveButton>
        <TopRightResizeButton>false</TopRightResizeButton>
        <BottomRightResizeButton>false</BottomRightResizeButton>
        <BottomLeftResizeButton>false</BottomLeftResizeButton>
        <ResizeButtonOffsetX>0</ResizeButtonOffsetX>
        <ResizeButtonOffsetY>0</ResizeButtonOffsetY>
        <TitleWidth>310</TitleWidth>
        <TitleHeight>18</TitleHeight>
        <Width>310</Width>
        <Height>355</Height>
        <ResizeableWidth>0</ResizeableWidth>
        <ResizeableHeight>0</ResizeableHeight>
        <ResizeableTwoWayWidth>0</ResizeableTwoWayWidth>
        <ResizeableTwoWayHeight>0</ResizeableTwoWayHeight>
        <MinWidth>0</MinWidth>
        <MinHeight>0</MinHeight>
        <ContextTemplateName></ContextTemplateName>


        <FullResizeImageDef>
            <Position>
                <X>0</X>
                <Y>0</Y>
            </Position>
            <Alignment>
                <GrowWidth>true</GrowWidth>
                <GrowHeight>true</GrowHeight>
            </Alignment>
            <TemplateName>_witt_bg_90</TemplateName>
            <Width>310</Width>
            <Height>355</Height>
        </FullResizeImageDef>


        <FullResizeImageDef>
            <Position>
                <X>0</X>
                <Y>298</Y>
            </Position>
            <Alignment>
                <TopLeft>true</TopLeft>
            </Alignment>
            <TemplateName>_witt_bg_80</TemplateName>
            <Width>310</Width>
            <Height>36</Height>
        </FullResizeImageDef>


        <FullResizeImageDef>
            <Position>
                <X>0</X>
                <Y>0</Y>
            </Position>
            <Alignment>
                <GrowWidth>true</GrowWidth>
            </Alignment>
            <TemplateName>_witt_bg_100</TemplateName>
            <Width>310</Width>
            <Height>19</Height>
        </FullResizeImageDef>


        <LabelDef>
            <Position>
                <X>0</X>
                <Y>4</Y>
            </Position>
            <Alignment>
                <CenterHorizontally>true</CenterHorizontally>
            </Alignment>
            <Color>
                <R>255</R>
                <G>255</G>
                <B>255</B>
                <A>255</A>
            </Color>
            <FontName>_whatisthisfont2</FontName>
            <Width>310</Width>
            <Height>15</Height>
            <MaxCharacters>128</MaxCharacters>
            <Data>KEY CONFIG</Data>
            <TextCentered>true</TextCentered>
        </LabelDef>


        <ListBoxDef>
            <ControlId>1000</ControlId>
            <Position>
                <X>0</X>
                <Y>18</Y>
            </Position>
            <Alignment>
                <TopLeft>true</TopLeft>
            </Alignment>
            <Width>310</Width>
            <Height>260</Height>
            <TemplateName>_witt_listbox_80</TemplateName>
            <AdapterName>key_config</AdapterName>
            <Sorting>false</Sorting>
            <Columns>2</Columns>
            <IconTemplate></IconTemplate>
            <ShowIndicator>false</ShowIndicator>
            <ShowDefaultToolTips>false</ShowDefaultToolTips>
            <OnHeaderClickEvent></OnHeaderClickEvent>
            <OnClickEvent></OnClickEvent>
        </ListBoxDef>


        <ButtonDef>
            <Position>
                <X>3</X>
                <Y>280</Y>
            </Position>
            <Alignment>
                <TopLeft>true</TopLeft>
            </Alignment>
            <TemplateName>_witt_hr_button</TemplateName>
            <Label>CLEAR</Label>
            <OnClickEvent>InGameKeyConfigClearKey</OnClickEvent>
        </ButtonDef>


        <ButtonDef>
            <Position>
                <X>181</X>
                <Y>280</Y>
            </Position>
            <Alignment>
                <TopLeft>true</TopLeft>
            </Alignment>
            <TemplateName>_witt_hr_button</TemplateName>
            <Label>RPG</Label>
            <OnClickEvent>InGameKeyConfigResetRPG</OnClickEvent>
        </ButtonDef>


        <ButtonDef>
            <Position>
                <X>3</X>
                <Y>280</Y>
            </Position>
            <Alignment>
                <TopLeft>true</TopLeft>
                <OffsetRight>true</OffsetRight>
            </Alignment>
            <TemplateName>_witt_hr_button</TemplateName>
            <Label>FPS</Label>
            <OnClickEvent>InGameKeyConfigResetFPS</OnClickEvent>
        </ButtonDef>


        <ButtonDef>
            <Position>
                <X>117</X>
                <Y>280</Y>
            </Position>
            <Alignment>
                <TopLeft>true</TopLeft>
            </Alignment>
            <TemplateName>_witt_hr_button</TemplateName>
            <Label>MMO</Label>
            <OnClickEvent>InGameKeyConfigResetMMO</OnClickEvent>
        </ButtonDef>


        <ButtonDef>
            <Position>
                <X>3</X>
                <Y>1</Y>
            </Position>
            <Alignment>
                <TopLeft>true</TopLeft>
                <OffsetBottom>true</OffsetBottom>
            </Alignment>
            <TemplateName>_witt_hr_button</TemplateName>
            <Label>CANCEL</Label>
            <OnClickEvent>InGameKeyConfigCancel</OnClickEvent>
        </ButtonDef>


        <ButtonDef>
            <Position>
                <X>3</X>
                <Y>1</Y>
            </Position>
            <Alignment>
                <OffsetBottom>true</OffsetBottom>
                <OffsetRight>true</OffsetRight>
            </Alignment>
            <TemplateName>_witt_hr_button</TemplateName>
            <Label>ACCEPT</Label>
            <OnClickEvent>InGameKeyConfigAccept</OnClickEvent>
        </ButtonDef>


        <CheckBoxDef>
            <ControlId>1010</ControlId>
            <Position>
                <X>0</X>
                <Y>301</Y>
            </Position>
            <Alignment>
                <TopLeft>true</TopLeft>
            </Alignment>
            <TemplateName>_witt_checkbox</TemplateName>
            <AdapterName></AdapterName>
            <TextAdapterName></TextAdapterName>
            <Data>CTRL Key as Modifier</Data>
            <LabelWidth>120</LabelWidth>
            <OnClickEvent></OnClickEvent>
        </CheckBoxDef>


        <CheckBoxDef>
            <ControlId>1011</ControlId>
            <Position>
                <X>0</X>
                <Y>316</Y>
            </Position>
            <Alignment>
                <TopLeft>true</TopLeft>
            </Alignment>
            <TemplateName>_witt_checkbox</TemplateName>
            <AdapterName></AdapterName>
            <TextAdapterName></TextAdapterName>
            <Data>ALT Key as Modifier</Data>
            <LabelWidth>120</LabelWidth>
            <OnClickEvent></OnClickEvent>
        </CheckBoxDef>


        <CheckBoxDef>
            <ControlId>1012</ControlId>
            <Position>
                <X>138</X>
                <Y>301</Y>
            </Position>
            <Alignment>
                <TopLeft>true</TopLeft>
            </Alignment>
            <TemplateName>_witt_checkbox</TemplateName>
            <AdapterName></AdapterName>
            <TextAdapterName></TextAdapterName>
            <Data>Forward breaks run-lock</Data>
            <LabelWidth>120</LabelWidth>
            <OnClickEvent></OnClickEvent>
        </CheckBoxDef>


        <CheckBoxDef>
            <ControlId>1013</ControlId>
            <Position>
                <X>138</X>
                <Y>316</Y>
            </Position>
            <Alignment>
                <TopLeft>true</TopLeft>
            </Alignment>
            <TemplateName>_witt_checkbox</TemplateName>
            <AdapterName></AdapterName>
            <TextAdapterName></TextAdapterName>
            <Data>Modifiers break move keys</Data>
            <LabelWidth>120</LabelWidth>
            <OnClickEvent></OnClickEvent>
        </CheckBoxDef>


    </WindowTemplate>


</Root_Element>
