<?xml version="1.0" encoding="ISO-8859-1"?>
<XML ID="DAOCUi">
	<Canvas>
		<Name>spl1_s</Name>
		<File>icons/spl1_s.bmp</File>
	</Canvas>
	<Canvas>
		<Name>spl2_s</Name>
		<File>icons/spl2_s.bmp</File>
	</Canvas>
	<Canvas>
		<Name>spl3_s</Name>
		<File>icons/spl3_s.bmp</File>
	</Canvas>
	<Canvas>
		<Name>spl4_s</Name>
		<File>icons/spl4_s.bmp</File>
	</Canvas>
	<Canvas>
		<Name>spl5_s</Name>
		<File>icons/spl5_s.bmp</File>
	</Canvas>
	<Canvas>
		<Name>spl6_s</Name>
		<File>icons/spl6_s.bmp</File>
	</Canvas>
	<Canvas>
		<Name>spl7_s</Name>
		<File>icons/spl7_s.bmp</File>
	</Canvas>
	<Canvas>
		<Name>spl8_s</Name>
		<File>icons/spl8_s.bmp</File>
	</Canvas>
	<Canvas>
		<Name>spl9_s</Name>
		<File>icons/spl9_s.bmp</File>
	</Canvas>
	<Canvas>
		<Name>spl10_s</Name>
		<File>icons/spl10_s.bmp</File>
	</Canvas>
	<Canvas>
		<Name>spl11_s</Name>
		<File>icons/spl11_s.bmp</File>
	</Canvas>
	<Canvas>
		<Name>spl12_s</Name>
		<File>icons/spl12_s.bmp</File>
	</Canvas>
	<Canvas>
		<Name>spl13_s</Name>
		<File>icons/spl13_s.bmp</File>
	</Canvas>
	<Canvas>
		<Name>spl14_s</Name>
		<File>icons/spl14_s.bmp</File>
	</Canvas>
	<Canvas>
		<Name>spl15_s</Name>
		<File>icons/spl15_s.bmp</File>
	</Canvas>
	<Canvas>
		<Name>spl1_b</Name>
		<File>icons/spl1_b.bmp</File>
	</Canvas>
	<Canvas>
		<Name>spl2_b</Name>
		<File>icons/spl2_b.bmp</File>
	</Canvas>
	<Canvas>
		<Name>spl3_b</Name>
		<File>icons/spl3_b.bmp</File>
	</Canvas>
	<Canvas>
		<Name>spl4_b</Name>
		<File>icons/spl4_b.bmp</File>
	</Canvas>
	<Canvas>
		<Name>spl5_b</Name>
		<File>icons/spl5_b.bmp</File>
	</Canvas>
	<Canvas>
		<Name>spl6_b</Name>
		<File>icons/spl6_b.bmp</File>
	</Canvas>
	<Canvas>
		<Name>spl7_b</Name>
		<File>icons/spl7_b.bmp</File>
	</Canvas>
	<Canvas>
		<Name>spl8_b</Name>
		<File>icons/spl8_b.bmp</File>
	</Canvas>
	<Canvas>
		<Name>spl9_b</Name>
		<File>icons/spl9_b.bmp</File>
	</Canvas>
	<Canvas>
		<Name>spl10_b</Name>
		<File>icons/spl10_b.bmp</File>
	</Canvas>
	<Canvas>
		<Name>spl11_b</Name>
		<File>icons/spl11_b.bmp</File>
	</Canvas>
	<Canvas>
		<Name>spl12_b</Name>
		<File>icons/spl12_b.bmp</File>
	</Canvas>
	<Canvas>
		<Name>spl13_b</Name>
		<File>icons/spl13_b.bmp</File>
	</Canvas>
	<Canvas>
		<Name>spl14_b</Name>
		<File>icons/spl14_b.bmp</File>
	</Canvas>
	<Canvas>
		<Name>spl15_b</Name>
		<File>icons/spl15_b.bmp</File>
	</Canvas>
	<Canvas>
		<Name>spl15_b</Name>
		<File>icons/spl15_b.bmp</File>
	</Canvas>
</XML>
