<?xml version="1.0"?>
<Root_Element ID="DAOCUi">

<!-- @@ Edited with the DAoC User Interface Editor v1.80 -->
<!-- @@ Free download available at http://www.bradtownsend.com/daoced -->


    <WindowTemplate>
        <Name>casual_group_finder_window</Name>
        <WindowId></WindowId>
        <CloseButton>false</CloseButton>
        <MoveButton>false</MoveButton>
        <TopRightResizeButton>false</TopRightResizeButton>
        <BottomRightResizeButton>false</BottomRightResizeButton>
        <BottomLeftResizeButton>false</BottomLeftResizeButton>
        <ResizeButtonOffsetX>0</ResizeButtonOffsetX>
        <ResizeButtonOffsetY>0</ResizeButtonOffsetY>
        <TitleWidth>136</TitleWidth>
        <TitleHeight>5</TitleHeight>
        <Width>136</Width>
        <Height>120</Height>
        <ResizeableWidth>0</ResizeableWidth>
        <ResizeableHeight>0</ResizeableHeight>
        <ResizeableTwoWayWidth>0</ResizeableTwoWayWidth>
        <ResizeableTwoWayHeight>0</ResizeableTwoWayHeight>
        <MinWidth>0</MinWidth>
        <MinHeight>0</MinHeight>
        <ContextTemplateName></ContextTemplateName>


        <FullResizeImageDef>
            <ControlId>BackgroundImage</ControlId>
            <Position>
                <X>0</X>
                <Y>0</Y>
            </Position>
            <Alignment>
                <TopLeft>true</TopLeft>
            </Alignment>
            <TemplateName>dlg_background_1px</TemplateName>
            <Width>136</Width>
            <Height>122</Height>
        </FullResizeImageDef>


        <LabelDef>
            <Position>
                <X>5</X>
                <Y>2</Y>
            </Position>
            <Alignment>
                <TopLeft>true</TopLeft>
            </Alignment>
            <Color>
                <R>82</R>
                <G>217</G>
                <B>94</B>
                <A>255</A>
            </Color>
            <FontName>mini7</FontName>
            <Width>150</Width>
            <Height>16</Height>
            <MaxCharacters>64</MaxCharacters>
            <Data>Group Settings</Data>
        </LabelDef>


        <CheckBoxDef>
            <ControlId>1003</ControlId>
            <Position>
                <X>12</X>
                <Y>14</Y>
            </Position>
            <Alignment>
                <TopLeft>true</TopLeft>
            </Alignment>
            <TemplateName>generic_check</TemplateName>
            <AdapterName></AdapterName>
            <TextAdapterName></TextAdapterName>
            <Data>Queue for PvE Group</Data>
            <LabelWidth>180</LabelWidth>
            <OnClickEvent></OnClickEvent>
        </CheckBoxDef>


        <LabelDef>
            <Position>
                <X>5</X>
                <Y>31</Y>
            </Position>
            <Alignment>
                <TopLeft>true</TopLeft>
            </Alignment>
            <Color>
                <R>82</R>
                <G>217</G>
                <B>94</B>
                <A>255</A>
            </Color>
            <FontName>mini7</FontName>
            <Width>150</Width>
            <Height>16</Height>
            <MaxCharacters>64</MaxCharacters>
            <Data>Select your roles</Data>
        </LabelDef>


        <CheckBoxDef>
            <ControlId>1004</ControlId>
            <Position>
                <X>12</X>
                <Y>42</Y>
            </Position>
            <Alignment>
                <TopLeft>true</TopLeft>
            </Alignment>
            <TemplateName>generic_check</TemplateName>
            <AdapterName></AdapterName>
            <TextAdapterName></TextAdapterName>
            <Data>Healer</Data>
            <LabelWidth>100</LabelWidth>
            <OnClickEvent></OnClickEvent>
        </CheckBoxDef>


        <CheckBoxDef>
            <ControlId>1005</ControlId>
            <Position>
                <X>12</X>
                <Y>56</Y>
            </Position>
            <Alignment>
                <TopLeft>true</TopLeft>
            </Alignment>
            <TemplateName>generic_check</TemplateName>
            <AdapterName></AdapterName>
            <TextAdapterName></TextAdapterName>
            <Data>Crowd Control</Data>
            <LabelWidth>100</LabelWidth>
            <OnClickEvent></OnClickEvent>
        </CheckBoxDef>


        <CheckBoxDef>
            <ControlId>1006</ControlId>
            <Position>
                <X>12</X>
                <Y>70</Y>
            </Position>
            <Alignment>
                <TopLeft>true</TopLeft>
            </Alignment>
            <TemplateName>generic_check</TemplateName>
            <AdapterName></AdapterName>
            <TextAdapterName></TextAdapterName>
            <Data>Utility</Data>
            <LabelWidth>100</LabelWidth>
            <OnClickEvent></OnClickEvent>
        </CheckBoxDef>


        <CheckBoxDef>
            <ControlId>1007</ControlId>
            <Position>
                <X>12</X>
                <Y>84</Y>
            </Position>
            <Alignment>
                <TopLeft>true</TopLeft>
            </Alignment>
            <TemplateName>generic_check</TemplateName>
            <AdapterName></AdapterName>
            <TextAdapterName></TextAdapterName>
            <Data>DPS</Data>
            <LabelWidth>100</LabelWidth>
            <OnClickEvent></OnClickEvent>
        </CheckBoxDef>


        <ButtonDef>
            <ControlId>1000</ControlId>
            <Position>
                <X>4</X>
                <Y>101</Y>
            </Position>
            <Alignment>
                <TopLeft>true</TopLeft>
            </Alignment>
            <TemplateName>button_small</TemplateName>
            <Label>SET</Label>
        </ButtonDef>


        <ButtonDef>
            <ControlId>1001</ControlId>
            <Position>
                <X>66</X>
                <Y>101</Y>
            </Position>
            <Alignment>
                <TopLeft>true</TopLeft>
            </Alignment>
            <TemplateName>button_small</TemplateName>
            <Label>CANCEL</Label>
        </ButtonDef>


    </WindowTemplate>


</Root_Element>
