<?xml version="1.0"?>
<Root_Element ID="DAOCUi">

<!-- @@ Edited with the DAoC User Interface Editor v1.80 -->
<!-- @@ Free download available at http://www.bradtownsend.com/daoced -->


    <Texture>
        <Name>No_Map</Name>
        <File>custom/Maps/no_map.dds</File>
    </Texture>


    <TextAreaTemplate>
        <Name>map_textarea</Name>
        <BackgroundTemplate>none</BackgroundTemplate>
        <ScrollbarTemplate>vscroll_no_gutter</ScrollbarTemplate>
        <LinePadding>0</LinePadding>
        <TextOffset>
            <X>0</X>
            <Y>0</Y>
        </TextOffset>
        <ScrollbarOffset>
            <X>0</X>
            <Y>0</Y>
        </ScrollbarOffset>
        <ScrollbarSizeOffset>
            <X>0</X>
            <Y>0</Y>
        </ScrollbarSizeOffset>
        <Font>
            <Name>barb10</Name>
            <ColorNormal>
                <R>192</R>
                <G>192</G>
                <B>192</B>
                <A>255</A>
            </ColorNormal>
            <ColorActive>
                <R>255</R>
                <G>255</G>
                <B>255</B>
                <A>255</A>
            </ColorActive>
        </Font>
    </TextAreaTemplate>


    <ButtonTemplate>
        <Name>button_wide</Name>
        <Size>
            <X>100</X>
            <Y>16</Y>
        </Size>
        <Font>
            <Name>button_large</Name>
            <ColorNormal>
                <R>192</R>
                <G>192</G>
                <B>192</B>
                <A>255</A>
            </ColorNormal>
            <ColorPressed>
                <R>255</R>
                <G>192</G>
                <B>0</B>
                <A>255</A>
            </ColorPressed>
            <ColorHighlit>
                <R>255</R>
                <G>255</G>
                <B>255</B>
                <A>255</A>
            </ColorHighlit>
            <ColorDisabled>
                <R>128</R>
                <G>128</G>
                <B>128</B>
                <A>255</A>
            </ColorDisabled>
        </Font>
        <Texture>
            <TextureName>page3</TextureName>
            <Normal>
                <X>155</X>
                <Y>222</Y>
            </Normal>
            <Pressed>
                <X>155</X>
                <Y>239</Y>
            </Pressed>
            <NormalHighlit>
                <X>155</X>
                <Y>205</Y>
            </NormalHighlit>
            <PressedHighlit>
                <X>155</X>
                <Y>239</Y>
            </PressedHighlit>
            <Disabled>
                <X>155</X>
                <Y>222</Y>
            </Disabled>
        </Texture>
    </ButtonTemplate>


    <WindowTemplate>
        <Name>map_window</Name>
        <WindowId></WindowId>
        <CloseButton>false</CloseButton>
        <MoveButton>false</MoveButton>
        <TopRightResizeButton>false</TopRightResizeButton>
        <BottomRightResizeButton>false</BottomRightResizeButton>
        <BottomLeftResizeButton>false</BottomLeftResizeButton>
        <ResizeButtonOffsetX>0</ResizeButtonOffsetX>
        <ResizeButtonOffsetY>0</ResizeButtonOffsetY>
        <TitleWidth>0</TitleWidth>
        <TitleHeight>0</TitleHeight>
        <Width>256</Width>
        <Height>354</Height>
        <ResizeableWidth>0</ResizeableWidth>
        <ResizeableHeight>0</ResizeableHeight>
        <ResizeableTwoWayWidth>0</ResizeableTwoWayWidth>
        <ResizeableTwoWayHeight>0</ResizeableTwoWayHeight>
        <MinWidth>256</MinWidth>
        <MinHeight>0</MinHeight>
        <ContextTemplateName></ContextTemplateName>


        <FullResizeImageDef>
            <ControlId>Background</ControlId>
            <Position>
                <X>0</X>
                <Y>0</Y>
            </Position>
            <TemplateName>dlg_background_transparent</TemplateName>
            <Width>256</Width>
            <Height>20</Height>
        </FullResizeImageDef>


        <LabelDef>
            <Position>
                <X>0</X>
                <Y>280</Y>
            </Position>
            <Alignment>
                <TopLeft>true</TopLeft>
            </Alignment>
            <Color>
                <R>208</R>
                <G>228</G>
                <B>229</B>
                <A>255</A>
            </Color>
            <FontName>arial9</FontName>
            <Width>256</Width>
            <Height>15</Height>
            <MaxCharacters>128</MaxCharacters>
            <Adapter>map_info0</Adapter>
            <TextCentered>true</TextCentered>
        </LabelDef>


        <ButtonDef>
            <ControlId>1006</ControlId>
            <Position>
                <X>0</X>
                <Y>0</Y>
            </Position>
            <Alignment>
                <TopLeft>true</TopLeft>
                <OffsetRight>true</OffsetRight>
            </Alignment>
            <TemplateName>b_button_gps</TemplateName>
        </ButtonDef>


        <ButtonDef>
            <ControlId>1003</ControlId>
            <Position>
                <X>38</X>
                <Y>0</Y>
            </Position>
            <Alignment>
                <TopLeft>true</TopLeft>
                <OffsetRight>true</OffsetRight>
            </Alignment>
            <TemplateName>b_button_inf</TemplateName>
        </ButtonDef>


        <ButtonDef>
            <ControlId>1009</ControlId>
            <Position>
                <X>19</X>
                <Y>0</Y>
            </Position>
            <Alignment>
                <OffsetRight>true</OffsetRight>
            </Alignment>
            <TemplateName>b_button_qst</TemplateName>
        </ButtonDef>


        <DynamicImageDef>
            <ControlId>1000</ControlId>
            <Position>
                <X>0</X>
                <Y>20</Y>
            </Position>
            <Alignment>
                <TopLeft>true</TopLeft>
            </Alignment>
            <TextureName>no_map</TextureName>
            <Dimensions>
                <X>256</X>
                <Y>256</Y>
            </Dimensions>
            <TextureCoords>
                <X>0</X>
                <Y>0</Y>
            </TextureCoords>
        </DynamicImageDef>


        <!-- The waypoint image areas -->


        <ImageAreaDef>
            <ControlId>1050</ControlId>
            <Position>
                <X>0</X>
                <Y>0</Y>
            </Position>
            <TemplateName>quest_waypoint</TemplateName>
        </ImageAreaDef>


        <ImageAreaDef>
            <ControlId>1051</ControlId>
            <Position>
                <X>0</X>
                <Y>0</Y>
            </Position>
            <TemplateName>quest_giver</TemplateName>
        </ImageAreaDef>


        <ImageAreaDef>
            <ControlId>1100</ControlId>
            <Position>
                <X>0</X>
                <Y>0</Y>
            </Position>
            <Alignment>
                <TopLeft>true</TopLeft>
            </Alignment>
            <TemplateName>group_location1</TemplateName>
        </ImageAreaDef>


        <ImageAreaDef>
            <ControlId>1101</ControlId>
            <Position>
                <X>0</X>
                <Y>0</Y>
            </Position>
            <Alignment>
                <TopLeft>true</TopLeft>
            </Alignment>
            <TemplateName>group_location2</TemplateName>
        </ImageAreaDef>


        <ImageAreaDef>
            <ControlId>1102</ControlId>
            <Position>
                <X>0</X>
                <Y>0</Y>
            </Position>
            <Alignment>
                <TopLeft>true</TopLeft>
            </Alignment>
            <TemplateName>group_location3</TemplateName>
        </ImageAreaDef>


        <ImageAreaDef>
            <ControlId>1103</ControlId>
            <Position>
                <X>0</X>
                <Y>0</Y>
            </Position>
            <Alignment>
                <TopLeft>true</TopLeft>
            </Alignment>
            <TemplateName>group_location4</TemplateName>
        </ImageAreaDef>


        <ImageAreaDef>
            <ControlId>1104</ControlId>
            <Position>
                <X>0</X>
                <Y>0</Y>
            </Position>
            <Alignment>
                <TopLeft>true</TopLeft>
            </Alignment>
            <TemplateName>group_location5</TemplateName>
        </ImageAreaDef>


        <ImageAreaDef>
            <ControlId>1105</ControlId>
            <Position>
                <X>0</X>
                <Y>0</Y>
            </Position>
            <Alignment>
                <TopLeft>true</TopLeft>
            </Alignment>
            <TemplateName>group_location6</TemplateName>
        </ImageAreaDef>


        <ImageAreaDef>
            <ControlId>1106</ControlId>
            <Position>
                <X>0</X>
                <Y>0</Y>
            </Position>
            <Alignment>
                <TopLeft>true</TopLeft>
            </Alignment>
            <TemplateName>group_location7</TemplateName>
        </ImageAreaDef>


        <ImageAreaDef>
            <ControlId>1107</ControlId>
            <Position>
                <X>0</X>
                <Y>0</Y>
            </Position>
            <Alignment>
                <TopLeft>true</TopLeft>
            </Alignment>
            <TemplateName>group_location8</TemplateName>
        </ImageAreaDef>


        <ImageAreaDef>
            <ControlId>1004</ControlId>
            <Position>
                <X>0</X>
                <Y>0</Y>
            </Position>
            <Alignment>
                <TopLeft>true</TopLeft>
            </Alignment>
            <TemplateName>player_location</TemplateName>
        </ImageAreaDef>


        <ComboBoxDef>
            <ControlId>1002</ControlId>
            <Position>
                <X>92</X>
                <Y>2</Y>
            </Position>
            <Alignment>
                <TopLeft>true</TopLeft>
            </Alignment>
            <TemplateName>_witt_combo_nobg</TemplateName>
        </ComboBoxDef>


        <ComboBoxDef>
            <ControlId>1001</ControlId>
            <Position>
                <X>0</X>
                <Y>2</Y>
            </Position>
            <Alignment>
                <TopLeft>true</TopLeft>
            </Alignment>
            <TemplateName>_witt_combo_nobg</TemplateName>
        </ComboBoxDef>


        <TextAreaDef>
            <ControlId>1005</ControlId>
            <Position>
                <X>0</X>
                <Y>276</Y>
            </Position>
            <TemplateName>_witt_textarea</TemplateName>
            <AdapterName>map_info</AdapterName>
            <HasHotSpots>false</HasHotSpots>
            <MaxCharacters>32768</MaxCharacters>
            <Width>256</Width>
            <Height>78</Height>
        </TextAreaDef>


    </WindowTemplate>


</Root_Element>
