<?xml version="1.0"?>
<Root_Element ID="DAOCUi">

<!-- @@ Edited with the DAoC User Interface Editor v1.80 -->
<!-- @@ Free download available at http://www.bradtownsend.com/daoced -->


    <WindowTemplate>
        <Name>custom14_window</Name>
        <WindowId>custom14_window</WindowId>
        <CloseButton>true</CloseButton>
        <MoveButton>false</MoveButton>
        <TopRightResizeButton>false</TopRightResizeButton>
        <BottomRightResizeButton>false</BottomRightResizeButton>
        <BottomLeftResizeButton>false</BottomLeftResizeButton>
        <ResizeButtonOffsetX>0</ResizeButtonOffsetX>
        <ResizeButtonOffsetY>0</ResizeButtonOffsetY>
        <TitleWidth>0</TitleWidth>
        <TitleHeight>0</TitleHeight>
        <Width>235</Width>
        <Height>185</Height>
        <ResizeableWidth>0</ResizeableWidth>
        <ResizeableHeight>0</ResizeableHeight>
        <ResizeableTwoWayWidth>0</ResizeableTwoWayWidth>
        <ResizeableTwoWayHeight>0</ResizeableTwoWayHeight>
        <MinWidth>10</MinWidth>
        <MinHeight>10</MinHeight>
        <ContextTemplateName></ContextTemplateName>


        <ImageAreaDef>
            <Position>
                <X>0</X>
                <Y>1</Y>
            </Position>
            <TemplateName>b_miniresists</TemplateName>
        </ImageAreaDef>


        <ImageAreaDef>
            <Position>
                <X>0</X>
                <Y>1</Y>
            </Position>
            <TemplateName>b_miniresists_text</TemplateName>
        </ImageAreaDef>


        <CheckBoxDef>
            <Position>
                <X>2</X>
                <Y>3</Y>
            </Position>
            <TemplateName>b_miniresists_hib</TemplateName>
            <AdapterName></AdapterName>
            <TextAdapterName></TextAdapterName>
            <Data></Data>
            <LabelWidth>100</LabelWidth>
            <OnClickEvent></OnClickEvent>
        </CheckBoxDef>


        <CheckBoxDef>
            <Position>
                <X>2</X>
                <Y>61</Y>
            </Position>
            <TemplateName>b_miniresists_alb</TemplateName>
            <AdapterName></AdapterName>
            <TextAdapterName></TextAdapterName>
            <Data></Data>
            <LabelWidth>100</LabelWidth>
            <OnClickEvent></OnClickEvent>
        </CheckBoxDef>


        <CheckBoxDef>
            <Position>
                <X>2</X>
                <Y>129</Y>
            </Position>
            <TemplateName>b_miniresists_mid</TemplateName>
            <AdapterName></AdapterName>
            <TextAdapterName></TextAdapterName>
            <Data></Data>
            <LabelWidth>100</LabelWidth>
            <OnClickEvent></OnClickEvent>
        </CheckBoxDef>


    </WindowTemplate>


</Root_Element>
