<?xml version="1.0"?>
<Root_Element ID="DAOCUi">

<!-- @@ Edited with the DAoC User Interface Editor v1.80 -->
<!-- @@ Free download available at http://www.bradtownsend.com/daoced -->


    <WindowTemplate>
        <Name>main_menu_window</Name>
        <WindowId>main_menu</WindowId>
        <CloseButton>true</CloseButton>
        <MoveButton>false</MoveButton>
        <TopRightResizeButton>false</TopRightResizeButton>
        <BottomRightResizeButton>false</BottomRightResizeButton>
        <BottomLeftResizeButton>false</BottomLeftResizeButton>
        <ResizeButtonOffsetX>0</ResizeButtonOffsetX>
        <ResizeButtonOffsetY>0</ResizeButtonOffsetY>
        <TitleWidth>166</TitleWidth>
        <TitleHeight>16</TitleHeight>
        <Width>166</Width>
        <Height>118</Height>
        <ResizeableWidth>0</ResizeableWidth>
        <ResizeableHeight>0</ResizeableHeight>
        <ResizeableTwoWayWidth>0</ResizeableTwoWayWidth>
        <ResizeableTwoWayHeight>0</ResizeableTwoWayHeight>
        <MinWidth>0</MinWidth>
        <MinHeight>0</MinHeight>
        <ContextTemplateName></ContextTemplateName>


        <FullResizeImageDef>
            <ControlId>ImageBackground</ControlId>
            <Position>
                <X>0</X>
                <Y>0</Y>
            </Position>
            <TemplateName>_witt_bg_90</TemplateName>
            <Width>166</Width>
            <Height>118</Height>
        </FullResizeImageDef>


        <FullResizeImageDef>
            <Position>
                <X>0</X>
                <Y>0</Y>
            </Position>
            <TemplateName>_witt_bg_100</TemplateName>
            <Width>166</Width>
            <Height>19</Height>
        </FullResizeImageDef>


        <LabelDef>
            <Position>
                <X>0</X>
                <Y>4</Y>
            </Position>
            <Alignment>
                <CenterHorizontally>true</CenterHorizontally>
            </Alignment>
            <Color>
                <R>255</R>
                <G>255</G>
                <B>255</B>
                <A>255</A>
            </Color>
            <FontName>_whatisthisfont2</FontName>
            <Width>166</Width>
            <Height>15</Height>
            <MaxCharacters>128</MaxCharacters>
            <Data>MAIN MENU</Data>
            <TextCentered>true</TextCentered>
        </LabelDef>


        <ButtonDef>
            <ControlId>20</ControlId>
            <Position>
                <X>3</X>
                <Y>21</Y>
            </Position>
            <Alignment>
                <CenterHorizontally>true</CenterHorizontally>
            </Alignment>
            <TemplateName>_witt_hr160_button</TemplateName>
            <Label>Help Window</Label>
            <OnClickEvent>ToggleHelp</OnClickEvent>
        </ButtonDef>


        <ButtonDef>
            <ControlId>20</ControlId>
            <Position>
                <X>3</X>
                <Y>39</Y>
            </Position>
            <Alignment>
                <CenterHorizontally>true</CenterHorizontally>
            </Alignment>
            <TemplateName>_witt_hr160_button</TemplateName>
            <Label>Interface Elements</Label>
            <OnClickEvent>ToggleInterfaceElements</OnClickEvent>
        </ButtonDef>


        <ButtonDef>
            <ControlId>20</ControlId>
            <Position>
                <X>3</X>
                <Y>57</Y>
            </Position>
            <Alignment>
                <CenterHorizontally>true</CenterHorizontally>
            </Alignment>
            <TemplateName>_witt_hr160_button</TemplateName>
            <Label>In-Game Options</Label>
            <OnClickEvent>ToggleOptions</OnClickEvent>
        </ButtonDef>


        <ButtonDef>
            <ControlId>20</ControlId>
            <Position>
                <X>3</X>
                <Y>75</Y>
            </Position>
            <Alignment>
                <CenterHorizontally>true</CenterHorizontally>
            </Alignment>
            <TemplateName>_witt_hr160_button</TemplateName>
            <Label>Configure Keyboard</Label>
            <OnClickEvent>ShowKeyboardConfig</OnClickEvent>
        </ButtonDef>


        <ButtonDef>
            <ControlId>20</ControlId>
            <Position>
                <X>2</X>
                <Y>1</Y>
            </Position>
            <Alignment>
                <OffsetBottom>true</OffsetBottom>
                <CenterHorizontally>true</CenterHorizontally>
            </Alignment>
            <TemplateName>_witt_hr160_button</TemplateName>
            <Label>Quit</Label>
            <OnClickEvent>Quit</OnClickEvent>
        </ButtonDef>


    </WindowTemplate>


</Root_Element>
