<?xml version="1.0"?>
<Root_Element ID="DAOCUi">

<!-- @@ Edited with the DAoC User Interface Editor v1.80 -->
<!-- @@ Free download available at http://www.bradtownsend.com/daoced -->


    <Texture>
        <Name>warmap_alb</Name>
        <File>custom/albmap.tga</File>
    </Texture>


    <ImageAreaTemplate>
        <Name>warmap_pennine</Name>
        <TextureName>warmap_alb</TextureName>
        <Size>
            <X>128</X>
            <Y>128</Y>
        </Size>
        <TopLeft>
            <X>0</X>
            <Y>128</Y>
        </TopLeft>
    </ImageAreaTemplate>


    <ImageAreaTemplate>
        <Name>warmap_snowdonia</Name>
        <TextureName>warmap_alb</TextureName>
        <Size>
            <X>128</X>
            <Y>128</Y>
        </Size>
        <TopLeft>
            <X>128</X>
            <Y>0</Y>
        </TopLeft>
    </ImageAreaTemplate>


    <ImageAreaTemplate>
        <Name>warmap_sauvage</Name>
        <TextureName>warmap_alb</TextureName>
        <Size>
            <X>128</X>
            <Y>128</Y>
        </Size>
        <TopLeft>
            <X>128</X>
            <Y>128</Y>
        </TopLeft>
    </ImageAreaTemplate>


    <ImageAreaTemplate>
        <Name>warmap_hadrians</Name>
        <TextureName>warmap_alb</TextureName>
        <Size>
            <X>128</X>
            <Y>128</Y>
        </Size>
        <TopLeft>
            <X>0</X>
            <Y>0</Y>
        </TopLeft>
    </ImageAreaTemplate>


    <ImageAreaTemplate>
        <Name>alb_symbol</Name>
        <TextureName>realm_symbols</TextureName>
        <Size>
            <X>64</X>
            <Y>64</Y>
        </Size>
        <TopLeft>
            <X>0</X>
            <Y>64</Y>
        </TopLeft>
    </ImageAreaTemplate>


    <ButtonTemplate>
        <Name>g_rwsymbol_alb</Name>
        <Size>
            <X>64</X>
            <Y>64</Y>
        </Size>
        <Font>
            <Name>arial9</Name>
            <ColorNormal>
                <R>255</R>
                <G>255</G>
                <B>255</B>
                <A>255</A>
            </ColorNormal>
            <ColorPressed>
                <R>255</R>
                <G>255</G>
                <B>255</B>
                <A>255</A>
            </ColorPressed>
            <ColorHighlit>
                <R>255</R>
                <G>255</G>
                <B>255</B>
                <A>255</A>
            </ColorHighlit>
            <ColorDisabled>
                <R>255</R>
                <G>255</G>
                <B>255</B>
                <A>255</A>
            </ColorDisabled>
        </Font>
        <Texture>
            <TextureName>realm_symbols</TextureName>
            <Normal>
                <X>1</X>
                <Y>65</Y>
            </Normal>
            <Pressed>
                <X>0</X>
                <Y>64</Y>
            </Pressed>
            <NormalHighlit>
                <X>1</X>
                <Y>65</Y>
            </NormalHighlit>
            <PressedHighlit>
                <X>0</X>
                <Y>64</Y>
            </PressedHighlit>
            <Disabled>
                <X>1</X>
                <Y>65</Y>
            </Disabled>
        </Texture>
    </ButtonTemplate>


    <WindowTemplate>
        <Name>realmwar_alb</Name>
        <WindowId></WindowId>
        <CloseButton>false</CloseButton>
        <MoveButton>false</MoveButton>
        <TopRightResizeButton>false</TopRightResizeButton>
        <BottomRightResizeButton>false</BottomRightResizeButton>
        <BottomLeftResizeButton>false</BottomLeftResizeButton>
        <ResizeButtonOffsetX>0</ResizeButtonOffsetX>
        <ResizeButtonOffsetY>0</ResizeButtonOffsetY>
        <TitleWidth>0</TitleWidth>
        <TitleHeight>0</TitleHeight>
        <Width>294</Width>
        <Height>384</Height>
        <ResizeableWidth>0</ResizeableWidth>
        <ResizeableHeight>0</ResizeableHeight>
        <ResizeableTwoWayWidth>0</ResizeableTwoWayWidth>
        <ResizeableTwoWayHeight>0</ResizeableTwoWayHeight>
        <MinWidth>0</MinWidth>
        <MinHeight>0</MinHeight>
        <ContextTemplateName></ContextTemplateName>


        <!--Images-->


        <!--Control ID's are used for placing active map elements-->


        <ImageAreaDef>
            <ControlId>1000</ControlId>
            <Position>
                <X>38</X>
                <Y>128</Y>
            </Position>
            <Alignment>
                <TopLeft>true</TopLeft>
            </Alignment>
            <TemplateName>warmap_pennine</TemplateName>
        </ImageAreaDef>


        <ImageAreaDef>
            <ControlId>1001</ControlId>
            <Position>
                <X>38</X>
                <Y>0</Y>
            </Position>
            <Alignment>
                <TopLeft>true</TopLeft>
            </Alignment>
            <TemplateName>warmap_hadrians</TemplateName>
        </ImageAreaDef>


        <ImageAreaDef>
            <ControlId>1002</ControlId>
            <Position>
                <X>166</X>
                <Y>128</Y>
            </Position>
            <Alignment>
                <TopLeft>true</TopLeft>
            </Alignment>
            <TemplateName>warmap_sauvage</TemplateName>
        </ImageAreaDef>


        <ImageAreaDef>
            <ControlId>1003</ControlId>
            <Position>
                <X>38</X>
                <Y>256</Y>
            </Position>
            <Alignment>
                <TopLeft>true</TopLeft>
            </Alignment>
            <TemplateName>warmap_snowdonia</TemplateName>
        </ImageAreaDef>


        <!--Mini Info-->


        <FullResizeImageDef>
            <Position>
                <X>163</X>
                <Y>254</Y>
            </Position>
            <TemplateName>_witt_bg_80</TemplateName>
            <Width>129</Width>
            <Height>127</Height>
        </FullResizeImageDef>


        <LabelDef>
            <Position>
                <X>172</X>
                <Y>291</Y>
            </Position>
            <Alignment>
                <TopLeft>true</TopLeft>
            </Alignment>
            <Color>
                <R>254</R>
                <G>217</G>
                <B>10</B>
                <A>255</A>
            </Color>
            <FontName>_whatisthisfont2</FontName>
            <Width>110</Width>
            <Height>16</Height>
            <MaxCharacters>64</MaxCharacters>
            <Data>Keep Name</Data>
            <ColorAdapter>realmwar_info_alb</ColorAdapter>
            <Adapter>realmwar_info_alb0</Adapter>
        </LabelDef>


        <LabelDef>
            <Position>
                <X>174</X>
                <Y>304</Y>
            </Position>
            <Alignment>
                <TopLeft>true</TopLeft>
            </Alignment>
            <Color>
                <R>255</R>
                <G>255</G>
                <B>255</B>
                <A>255</A>
            </Color>
            <FontName>_whatisthisfont3</FontName>
            <Width>110</Width>
            <Height>16</Height>
            <MaxCharacters>64</MaxCharacters>
            <Data>Realm</Data>
            <ColorAdapter>realmwar_info_alb</ColorAdapter>
            <Adapter>realmwar_info_alb1</Adapter>
        </LabelDef>


        <LabelDef>
            <Position>
                <X>174</X>
                <Y>319</Y>
            </Position>
            <Color>
                <R>255</R>
                <G>255</G>
                <B>255</B>
                <A>255</A>
            </Color>
            <FontName>_whatisthisfont3</FontName>
            <Width>110</Width>
            <Height>16</Height>
            <MaxCharacters>64</MaxCharacters>
            <Data>Claimed by:</Data>
            <ColorAdapter>realmwar_info_alb</ColorAdapter>
            <Adapter>realmwar_info_alb2</Adapter>
        </LabelDef>


        <LabelDef>
            <Position>
                <X>174</X>
                <Y>334</Y>
            </Position>
            <Alignment>
                <TopLeft>true</TopLeft>
            </Alignment>
            <Color>
                <R>255</R>
                <G>255</G>
                <B>255</B>
                <A>255</A>
            </Color>
            <FontName>_whatisthisfont3</FontName>
            <Width>110</Width>
            <Height>16</Height>
            <MaxCharacters>64</MaxCharacters>
            <Data>Claiming Guild</Data>
            <ColorAdapter>realmwar_info_alb</ColorAdapter>
            <Adapter>realmwar_info_alb3</Adapter>
        </LabelDef>


        <LabelDef>
            <Position>
                <X>174</X>
                <Y>349</Y>
            </Position>
            <Alignment>
                <TopLeft>true</TopLeft>
            </Alignment>
            <Color>
                <R>255</R>
                <G>255</G>
                <B>255</B>
                <A>255</A>
            </Color>
            <FontName>_whatisthisfont3</FontName>
            <Width>110</Width>
            <Height>16</Height>
            <MaxCharacters>64</MaxCharacters>
            <Data>Under Siege</Data>
            <ColorAdapter>realmwar_info_alb</ColorAdapter>
            <Adapter>realmwar_info_alb4</Adapter>
        </LabelDef>


        <LabelDef>
            <Position>
                <X>174</X>
                <Y>364</Y>
            </Position>
            <Alignment>
                <TopLeft>true</TopLeft>
            </Alignment>
            <Color>
                <R>255</R>
                <G>255</G>
                <B>255</B>
                <A>255</A>
            </Color>
            <FontName>_whatisthisfont3</FontName>
            <Width>110</Width>
            <Height>16</Height>
            <MaxCharacters>64</MaxCharacters>
            <Data>More Stuff Here</Data>
            <ColorAdapter>realmwar_info_alb</ColorAdapter>
            <Adapter>realmwar_info_alb5</Adapter>
        </LabelDef>


        <!--Realm Checks-->


        <!--These are run by ControlID-->


        <CheckBoxDef>
            <ControlId>2000</ControlId>
            <Position>
                <X>0</X>
                <Y>134</Y>
            </Position>
            <Alignment>
                <TopLeft>true</TopLeft>
            </Alignment>
            <TemplateName>realm_symbol_check</TemplateName>
            <AdapterName></AdapterName>
            <TextAdapterName></TextAdapterName>
            <Data></Data>
            <LabelWidth>0</LabelWidth>
            <OnClickEvent></OnClickEvent>
        </CheckBoxDef>


        <CheckBoxDef>
            <ControlId>2001</ControlId>
            <Position>
                <X>0</X>
                <Y>172</Y>
            </Position>
            <Alignment>
                <TopLeft>true</TopLeft>
            </Alignment>
            <TemplateName>realm_symbol_check</TemplateName>
            <AdapterName></AdapterName>
            <TextAdapterName></TextAdapterName>
            <Data></Data>
            <LabelWidth>0</LabelWidth>
            <OnClickEvent></OnClickEvent>
        </CheckBoxDef>


        <CheckBoxDef>
            <ControlId>2002</ControlId>
            <Position>
                <X>0</X>
                <Y>210</Y>
            </Position>
            <Alignment>
                <TopLeft>true</TopLeft>
            </Alignment>
            <TemplateName>realm_symbol_check</TemplateName>
            <AdapterName></AdapterName>
            <TextAdapterName></TextAdapterName>
            <Data></Data>
            <LabelWidth>0</LabelWidth>
            <OnClickEvent></OnClickEvent>
        </CheckBoxDef>


        <CheckBoxDef>
            <ControlId>2003</ControlId>
            <Position>
                <X>0</X>
                <Y>96</Y>
            </Position>
            <Alignment>
                <TopLeft>true</TopLeft>
            </Alignment>
            <TemplateName>realm_symbol_check</TemplateName>
            <AdapterName></AdapterName>
            <TextAdapterName></TextAdapterName>
            <Data></Data>
            <LabelWidth>0</LabelWidth>
            <OnClickEvent></OnClickEvent>
        </CheckBoxDef>


        <ImageAreaDef>
            <ControlId>small_hib_icon</ControlId>
            <Position>
                <X>4</X>
                <Y>139</Y>
            </Position>
            <Alignment>
                <TopLeft>true</TopLeft>
            </Alignment>
            <TemplateName>realm_symbol_hib</TemplateName>
        </ImageAreaDef>


        <ImageAreaDef>
            <ControlId>small_mid_icon</ControlId>
            <Position>
                <X>5</X>
                <Y>177</Y>
            </Position>
            <Alignment>
                <TopLeft>true</TopLeft>
            </Alignment>
            <TemplateName>realm_symbol_mid</TemplateName>
        </ImageAreaDef>


        <ImageAreaDef>
            <ControlId>small_alb_icon</ControlId>
            <Position>
                <X>5</X>
                <Y>215</Y>
            </Position>
            <Alignment>
                <TopLeft>true</TopLeft>
            </Alignment>
            <TemplateName>realm_symbol_alb</TemplateName>
        </ImageAreaDef>


        <ImageAreaDef>
            <Position>
                <X>6</X>
                <Y>101</Y>
            </Position>
            <TemplateName>realm_symbol_ev</TemplateName>
        </ImageAreaDef>


        <!--Buttons-->


        <ButtonDef>
            <ControlId>2011</ControlId>
            <Position>
                <X>165</X>
                <Y>256</Y>
            </Position>
            <Alignment>
                <TopLeft>true</TopLeft>
            </Alignment>
            <TemplateName>_witt_hr_button</TemplateName>
            <Label>Close</Label>
            <OnClickEvent>ShowWarMap</OnClickEvent>
        </ButtonDef>


        <ButtonDef>
            <ControlId>2012</ControlId>
            <Position>
                <X>228</X>
                <Y>256</Y>
            </Position>
            <Alignment>
                <TopLeft>true</TopLeft>
            </Alignment>
            <TemplateName>_witt_hr_button</TemplateName>
            <Label>Teleport</Label>
            <OnClickEvent>WarmapTeleportRequest</OnClickEvent>
        </ButtonDef>


        <ButtonDef>
            <Position>
                <X>165</X>
                <Y>273</Y>
            </Position>
            <Alignment>
                <TopLeft>true</TopLeft>
            </Alignment>
            <TemplateName>_witt_hr_button</TemplateName>
            <Label>Bonuses</Label>
            <OnClickEvent>ToggleBonuses</OnClickEvent>
        </ButtonDef>


        <ButtonDef>
            <ControlId>2012</ControlId>
            <Position>
                <X>228</X>
                <Y>273</Y>
            </Position>
            <Alignment>
                <TopLeft>true</TopLeft>
            </Alignment>
            <TemplateName>_witt_hr_button</TemplateName>
            <Label>Update</Label>
            <OnClickEvent>WarmapUpdateBattles</OnClickEvent>
        </ButtonDef>


        <!--Active map elements here.  Note that order is important.-->


        <!--Discs-->


        <ImageAreaDef>
            <ControlId>1100</ControlId>
            <Position>
                <X>0</X>
                <Y>0</Y>
            </Position>
            <Alignment>
                <TopLeft>true</TopLeft>
            </Alignment>
            <TemplateName>realmwar_destination</TemplateName>
        </ImageAreaDef>


        <ImageAreaDef>
            <ControlId>1101</ControlId>
            <Position>
                <X>0</X>
                <Y>0</Y>
            </Position>
            <Alignment>
                <TopLeft>true</TopLeft>
            </Alignment>
            <TemplateName>realmwar_destination</TemplateName>
        </ImageAreaDef>


        <ImageAreaDef>
            <ControlId>1102</ControlId>
            <Position>
                <X>0</X>
                <Y>0</Y>
            </Position>
            <Alignment>
                <TopLeft>true</TopLeft>
            </Alignment>
            <TemplateName>realmwar_destination</TemplateName>
        </ImageAreaDef>


        <ImageAreaDef>
            <ControlId>1103</ControlId>
            <Position>
                <X>0</X>
                <Y>0</Y>
            </Position>
            <Alignment>
                <TopLeft>true</TopLeft>
            </Alignment>
            <TemplateName>realmwar_destination</TemplateName>
        </ImageAreaDef>


        <ImageAreaDef>
            <ControlId>1104</ControlId>
            <Position>
                <X>0</X>
                <Y>0</Y>
            </Position>
            <Alignment>
                <TopLeft>true</TopLeft>
            </Alignment>
            <TemplateName>realmwar_destination</TemplateName>
        </ImageAreaDef>


        <ImageAreaDef>
            <ControlId>1105</ControlId>
            <Position>
                <X>0</X>
                <Y>0</Y>
            </Position>
            <Alignment>
                <TopLeft>true</TopLeft>
            </Alignment>
            <TemplateName>realmwar_destination</TemplateName>
        </ImageAreaDef>


        <ImageAreaDef>
            <ControlId>1106</ControlId>
            <Position>
                <X>0</X>
                <Y>0</Y>
            </Position>
            <Alignment>
                <TopLeft>true</TopLeft>
            </Alignment>
            <TemplateName>realmwar_destination</TemplateName>
        </ImageAreaDef>


        <ImageAreaDef>
            <ControlId>1107</ControlId>
            <Position>
                <X>0</X>
                <Y>0</Y>
            </Position>
            <Alignment>
                <TopLeft>true</TopLeft>
            </Alignment>
            <TemplateName>realmwar_selection</TemplateName>
        </ImageAreaDef>


        <ImageAreaDef>
            <ControlId>1109</ControlId>
            <Position>
                <X>0</X>
                <Y>0</Y>
            </Position>
            <Alignment>
                <TopLeft>true</TopLeft>
            </Alignment>
            <TemplateName>realmwar_destination</TemplateName>
        </ImageAreaDef>


        <ImageAreaDef>
            <ControlId>1110</ControlId>
            <Position>
                <X>0</X>
                <Y>0</Y>
            </Position>
            <Alignment>
                <TopLeft>true</TopLeft>
            </Alignment>
            <TemplateName>realmwar_destination</TemplateName>
        </ImageAreaDef>


        <ImageAreaDef>
            <ControlId>1111</ControlId>
            <Position>
                <X>0</X>
                <Y>0</Y>
            </Position>
            <Alignment>
                <TopLeft>true</TopLeft>
            </Alignment>
            <TemplateName>realmwar_destination</TemplateName>
        </ImageAreaDef>


        <ImageAreaDef>
            <ControlId>1112</ControlId>
            <Position>
                <X>0</X>
                <Y>0</Y>
            </Position>
            <Alignment>
                <TopLeft>true</TopLeft>
            </Alignment>
            <TemplateName>realmwar_destination</TemplateName>
        </ImageAreaDef>


        <!--Fires-->


        <ImageAreaDef>
            <ControlId>1200</ControlId>
            <Position>
                <X>0</X>
                <Y>0</Y>
            </Position>
            <Alignment>
                <TopLeft>true</TopLeft>
            </Alignment>
            <TemplateName>realmwar_siege</TemplateName>
        </ImageAreaDef>


        <ImageAreaDef>
            <ControlId>1201</ControlId>
            <Position>
                <X>0</X>
                <Y>0</Y>
            </Position>
            <Alignment>
                <TopLeft>true</TopLeft>
            </Alignment>
            <TemplateName>realmwar_siege</TemplateName>
        </ImageAreaDef>


        <ImageAreaDef>
            <ControlId>1202</ControlId>
            <Position>
                <X>0</X>
                <Y>0</Y>
            </Position>
            <Alignment>
                <TopLeft>true</TopLeft>
            </Alignment>
            <TemplateName>realmwar_siege</TemplateName>
        </ImageAreaDef>


        <ImageAreaDef>
            <ControlId>1203</ControlId>
            <Position>
                <X>0</X>
                <Y>0</Y>
            </Position>
            <Alignment>
                <TopLeft>true</TopLeft>
            </Alignment>
            <TemplateName>realmwar_siege</TemplateName>
        </ImageAreaDef>


        <ImageAreaDef>
            <ControlId>1204</ControlId>
            <Position>
                <X>0</X>
                <Y>0</Y>
            </Position>
            <Alignment>
                <TopLeft>true</TopLeft>
            </Alignment>
            <TemplateName>realmwar_siege</TemplateName>
        </ImageAreaDef>


        <ImageAreaDef>
            <ControlId>1205</ControlId>
            <Position>
                <X>0</X>
                <Y>0</Y>
            </Position>
            <Alignment>
                <TopLeft>true</TopLeft>
            </Alignment>
            <TemplateName>realmwar_siege</TemplateName>
        </ImageAreaDef>


        <ImageAreaDef>
            <ControlId>1206</ControlId>
            <Position>
                <X>0</X>
                <Y>0</Y>
            </Position>
            <Alignment>
                <TopLeft>true</TopLeft>
            </Alignment>
            <TemplateName>realmwar_siege</TemplateName>
        </ImageAreaDef>


        <ImageAreaDef>
            <ControlId>1207</ControlId>
            <Position>
                <X>0</X>
                <Y>0</Y>
            </Position>
            <Alignment>
                <TopLeft>true</TopLeft>
            </Alignment>
            <TemplateName>realmwar_siege</TemplateName>
        </ImageAreaDef>


        <ImageAreaDef>
            <ControlId>1600</ControlId>
            <Position>
                <X>0</X>
                <Y>0</Y>
            </Position>
            <Alignment>
                <TopLeft>true</TopLeft>
            </Alignment>
            <TemplateName>realmwar_siege</TemplateName>
        </ImageAreaDef>


        <ImageAreaDef>
            <ControlId>1601</ControlId>
            <Position>
                <X>0</X>
                <Y>0</Y>
            </Position>
            <Alignment>
                <TopLeft>true</TopLeft>
            </Alignment>
            <TemplateName>realmwar_siege</TemplateName>
        </ImageAreaDef>


        <ImageAreaDef>
            <ControlId>1602</ControlId>
            <Position>
                <X>0</X>
                <Y>0</Y>
            </Position>
            <Alignment>
                <TopLeft>true</TopLeft>
            </Alignment>
            <TemplateName>realmwar_siege</TemplateName>
        </ImageAreaDef>


        <ImageAreaDef>
            <ControlId>1603</ControlId>
            <Position>
                <X>0</X>
                <Y>0</Y>
            </Position>
            <Alignment>
                <TopLeft>true</TopLeft>
            </Alignment>
            <TemplateName>realmwar_siege</TemplateName>
        </ImageAreaDef>


        <ImageAreaDef>
            <ControlId>1604</ControlId>
            <Position>
                <X>0</X>
                <Y>0</Y>
            </Position>
            <Alignment>
                <TopLeft>true</TopLeft>
            </Alignment>
            <TemplateName>realmwar_siege</TemplateName>
        </ImageAreaDef>


        <ImageAreaDef>
            <ControlId>1605</ControlId>
            <Position>
                <X>0</X>
                <Y>0</Y>
            </Position>
            <Alignment>
                <TopLeft>true</TopLeft>
            </Alignment>
            <TemplateName>realmwar_siege</TemplateName>
        </ImageAreaDef>


        <ImageAreaDef>
            <ControlId>1606</ControlId>
            <Position>
                <X>0</X>
                <Y>0</Y>
            </Position>
            <Alignment>
                <TopLeft>true</TopLeft>
            </Alignment>
            <TemplateName>realmwar_siege</TemplateName>
        </ImageAreaDef>


        <ImageAreaDef>
            <ControlId>1607</ControlId>
            <Position>
                <X>0</X>
                <Y>0</Y>
            </Position>
            <Alignment>
                <TopLeft>true</TopLeft>
            </Alignment>
            <TemplateName>realmwar_siege</TemplateName>
        </ImageAreaDef>


        <ImageAreaDef>
            <ControlId>1608</ControlId>
            <Position>
                <X>0</X>
                <Y>0</Y>
            </Position>
            <Alignment>
                <TopLeft>true</TopLeft>
            </Alignment>
            <TemplateName>realmwar_siege</TemplateName>
        </ImageAreaDef>


        <ImageAreaDef>
            <ControlId>1609</ControlId>
            <Position>
                <X>0</X>
                <Y>0</Y>
            </Position>
            <Alignment>
                <TopLeft>true</TopLeft>
            </Alignment>
            <TemplateName>realmwar_siege</TemplateName>
        </ImageAreaDef>


        <ImageAreaDef>
            <ControlId>1610</ControlId>
            <Position>
                <X>0</X>
                <Y>0</Y>
            </Position>
            <Alignment>
                <TopLeft>true</TopLeft>
            </Alignment>
            <TemplateName>realmwar_siege</TemplateName>
        </ImageAreaDef>


        <ImageAreaDef>
            <ControlId>1611</ControlId>
            <Position>
                <X>0</X>
                <Y>0</Y>
            </Position>
            <Alignment>
                <TopLeft>true</TopLeft>
            </Alignment>
            <TemplateName>realmwar_siege</TemplateName>
        </ImageAreaDef>


        <ImageAreaDef>
            <ControlId>1612</ControlId>
            <Position>
                <X>0</X>
                <Y>0</Y>
            </Position>
            <Alignment>
                <TopLeft>true</TopLeft>
            </Alignment>
            <TemplateName>realmwar_siege</TemplateName>
        </ImageAreaDef>


        <ImageAreaDef>
            <ControlId>1613</ControlId>
            <Position>
                <X>0</X>
                <Y>0</Y>
            </Position>
            <Alignment>
                <TopLeft>true</TopLeft>
            </Alignment>
            <TemplateName>realmwar_siege</TemplateName>
        </ImageAreaDef>


        <ImageAreaDef>
            <ControlId>1614</ControlId>
            <Position>
                <X>0</X>
                <Y>0</Y>
            </Position>
            <Alignment>
                <TopLeft>true</TopLeft>
            </Alignment>
            <TemplateName>realmwar_siege</TemplateName>
        </ImageAreaDef>


        <ImageAreaDef>
            <ControlId>1615</ControlId>
            <Position>
                <X>0</X>
                <Y>0</Y>
            </Position>
            <Alignment>
                <TopLeft>true</TopLeft>
            </Alignment>
            <TemplateName>realmwar_siege</TemplateName>
        </ImageAreaDef>


        <ImageAreaDef>
            <ControlId>1616</ControlId>
            <Position>
                <X>0</X>
                <Y>0</Y>
            </Position>
            <Alignment>
                <TopLeft>true</TopLeft>
            </Alignment>
            <TemplateName>realmwar_siege</TemplateName>
        </ImageAreaDef>


        <ImageAreaDef>
            <ControlId>1617</ControlId>
            <Position>
                <X>0</X>
                <Y>0</Y>
            </Position>
            <Alignment>
                <TopLeft>true</TopLeft>
            </Alignment>
            <TemplateName>realmwar_siege</TemplateName>
        </ImageAreaDef>


        <ImageAreaDef>
            <ControlId>1618</ControlId>
            <Position>
                <X>0</X>
                <Y>0</Y>
            </Position>
            <Alignment>
                <TopLeft>true</TopLeft>
            </Alignment>
            <TemplateName>realmwar_siege</TemplateName>
        </ImageAreaDef>


        <ImageAreaDef>
            <ControlId>1619</ControlId>
            <Position>
                <X>0</X>
                <Y>0</Y>
            </Position>
            <Alignment>
                <TopLeft>true</TopLeft>
            </Alignment>
            <TemplateName>realmwar_siege</TemplateName>
        </ImageAreaDef>


        <ImageAreaDef>
            <ControlId>1620</ControlId>
            <Position>
                <X>0</X>
                <Y>0</Y>
            </Position>
            <Alignment>
                <TopLeft>true</TopLeft>
            </Alignment>
            <TemplateName>realmwar_siege</TemplateName>
        </ImageAreaDef>


        <ImageAreaDef>
            <ControlId>1621</ControlId>
            <Position>
                <X>0</X>
                <Y>0</Y>
            </Position>
            <Alignment>
                <TopLeft>true</TopLeft>
            </Alignment>
            <TemplateName>realmwar_siege</TemplateName>
        </ImageAreaDef>


        <ImageAreaDef>
            <ControlId>1622</ControlId>
            <Position>
                <X>0</X>
                <Y>0</Y>
            </Position>
            <Alignment>
                <TopLeft>true</TopLeft>
            </Alignment>
            <TemplateName>realmwar_siege</TemplateName>
        </ImageAreaDef>


        <ImageAreaDef>
            <ControlId>1623</ControlId>
            <Position>
                <X>0</X>
                <Y>0</Y>
            </Position>
            <Alignment>
                <TopLeft>true</TopLeft>
            </Alignment>
            <TemplateName>realmwar_siege</TemplateName>
        </ImageAreaDef>


        <ImageAreaDef>
            <ControlId>1624</ControlId>
            <Position>
                <X>0</X>
                <Y>0</Y>
            </Position>
            <Alignment>
                <TopLeft>true</TopLeft>
            </Alignment>
            <TemplateName>realmwar_siege</TemplateName>
        </ImageAreaDef>


        <ImageAreaDef>
            <ControlId>1625</ControlId>
            <Position>
                <X>0</X>
                <Y>0</Y>
            </Position>
            <Alignment>
                <TopLeft>true</TopLeft>
            </Alignment>
            <TemplateName>realmwar_siege</TemplateName>
        </ImageAreaDef>


        <ImageAreaDef>
            <ControlId>1626</ControlId>
            <Position>
                <X>0</X>
                <Y>0</Y>
            </Position>
            <Alignment>
                <TopLeft>true</TopLeft>
            </Alignment>
            <TemplateName>realmwar_siege</TemplateName>
        </ImageAreaDef>


        <ImageAreaDef>
            <ControlId>1627</ControlId>
            <Position>
                <X>0</X>
                <Y>0</Y>
            </Position>
            <Alignment>
                <TopLeft>true</TopLeft>
            </Alignment>
            <TemplateName>realmwar_siege</TemplateName>
        </ImageAreaDef>


        <!--Small Battles-->


        <!--Medium Battles-->


        <!--Large Battles-->


        <!--Small Reports-->


        <!--Medium Reports-->


        <!--Large Reports-->


        <!--Towers-->


        <StatusIconDef>
            <ControlId>1300</ControlId>
            <Position>
                <X>0</X>
                <Y>0</Y>
            </Position>
            <Alignment>
                <TopLeft>true</TopLeft>
            </Alignment>
            <TemplateName>realmwar_tower</TemplateName>
            <AdapterName></AdapterName>
        </StatusIconDef>


        <StatusIconDef>
            <ControlId>1301</ControlId>
            <Position>
                <X>0</X>
                <Y>0</Y>
            </Position>
            <Alignment>
                <TopLeft>true</TopLeft>
            </Alignment>
            <TemplateName>realmwar_tower</TemplateName>
            <AdapterName></AdapterName>
        </StatusIconDef>


        <StatusIconDef>
            <ControlId>1302</ControlId>
            <Position>
                <X>0</X>
                <Y>0</Y>
            </Position>
            <Alignment>
                <TopLeft>true</TopLeft>
            </Alignment>
            <TemplateName>realmwar_tower</TemplateName>
            <AdapterName></AdapterName>
        </StatusIconDef>


        <StatusIconDef>
            <ControlId>1303</ControlId>
            <Position>
                <X>0</X>
                <Y>0</Y>
            </Position>
            <Alignment>
                <TopLeft>true</TopLeft>
            </Alignment>
            <TemplateName>realmwar_tower</TemplateName>
            <AdapterName></AdapterName>
        </StatusIconDef>


        <StatusIconDef>
            <ControlId>1304</ControlId>
            <Position>
                <X>0</X>
                <Y>0</Y>
            </Position>
            <Alignment>
                <TopLeft>true</TopLeft>
            </Alignment>
            <TemplateName>realmwar_tower</TemplateName>
            <AdapterName></AdapterName>
        </StatusIconDef>


        <StatusIconDef>
            <ControlId>1305</ControlId>
            <Position>
                <X>0</X>
                <Y>0</Y>
            </Position>
            <Alignment>
                <TopLeft>true</TopLeft>
            </Alignment>
            <TemplateName>realmwar_tower</TemplateName>
            <AdapterName></AdapterName>
        </StatusIconDef>


        <StatusIconDef>
            <ControlId>1306</ControlId>
            <Position>
                <X>0</X>
                <Y>0</Y>
            </Position>
            <Alignment>
                <TopLeft>true</TopLeft>
            </Alignment>
            <TemplateName>realmwar_tower</TemplateName>
            <AdapterName></AdapterName>
        </StatusIconDef>


        <StatusIconDef>
            <ControlId>1307</ControlId>
            <Position>
                <X>0</X>
                <Y>0</Y>
            </Position>
            <Alignment>
                <TopLeft>true</TopLeft>
            </Alignment>
            <TemplateName>realmwar_tower</TemplateName>
            <AdapterName></AdapterName>
        </StatusIconDef>


        <StatusIconDef>
            <ControlId>1308</ControlId>
            <Position>
                <X>0</X>
                <Y>0</Y>
            </Position>
            <Alignment>
                <TopLeft>true</TopLeft>
            </Alignment>
            <TemplateName>realmwar_tower</TemplateName>
            <AdapterName></AdapterName>
        </StatusIconDef>


        <StatusIconDef>
            <ControlId>1309</ControlId>
            <Position>
                <X>0</X>
                <Y>0</Y>
            </Position>
            <Alignment>
                <TopLeft>true</TopLeft>
            </Alignment>
            <TemplateName>realmwar_tower</TemplateName>
            <AdapterName></AdapterName>
        </StatusIconDef>


        <StatusIconDef>
            <ControlId>1310</ControlId>
            <Position>
                <X>0</X>
                <Y>0</Y>
            </Position>
            <Alignment>
                <TopLeft>true</TopLeft>
            </Alignment>
            <TemplateName>realmwar_tower</TemplateName>
            <AdapterName></AdapterName>
        </StatusIconDef>


        <StatusIconDef>
            <ControlId>1311</ControlId>
            <Position>
                <X>0</X>
                <Y>0</Y>
            </Position>
            <Alignment>
                <TopLeft>true</TopLeft>
            </Alignment>
            <TemplateName>realmwar_tower</TemplateName>
            <AdapterName></AdapterName>
        </StatusIconDef>


        <StatusIconDef>
            <ControlId>1312</ControlId>
            <Position>
                <X>0</X>
                <Y>0</Y>
            </Position>
            <Alignment>
                <TopLeft>true</TopLeft>
            </Alignment>
            <TemplateName>realmwar_tower</TemplateName>
            <AdapterName></AdapterName>
        </StatusIconDef>


        <StatusIconDef>
            <ControlId>1313</ControlId>
            <Position>
                <X>0</X>
                <Y>0</Y>
            </Position>
            <Alignment>
                <TopLeft>true</TopLeft>
            </Alignment>
            <TemplateName>realmwar_tower</TemplateName>
            <AdapterName></AdapterName>
        </StatusIconDef>


        <StatusIconDef>
            <ControlId>1314</ControlId>
            <Position>
                <X>0</X>
                <Y>0</Y>
            </Position>
            <Alignment>
                <TopLeft>true</TopLeft>
            </Alignment>
            <TemplateName>realmwar_tower</TemplateName>
            <AdapterName></AdapterName>
        </StatusIconDef>


        <StatusIconDef>
            <ControlId>1315</ControlId>
            <Position>
                <X>0</X>
                <Y>0</Y>
            </Position>
            <Alignment>
                <TopLeft>true</TopLeft>
            </Alignment>
            <TemplateName>realmwar_tower</TemplateName>
            <AdapterName></AdapterName>
        </StatusIconDef>


        <StatusIconDef>
            <ControlId>1316</ControlId>
            <Position>
                <X>0</X>
                <Y>0</Y>
            </Position>
            <Alignment>
                <TopLeft>true</TopLeft>
            </Alignment>
            <TemplateName>realmwar_tower</TemplateName>
            <AdapterName></AdapterName>
        </StatusIconDef>


        <StatusIconDef>
            <ControlId>1317</ControlId>
            <Position>
                <X>0</X>
                <Y>0</Y>
            </Position>
            <Alignment>
                <TopLeft>true</TopLeft>
            </Alignment>
            <TemplateName>realmwar_tower</TemplateName>
            <AdapterName></AdapterName>
        </StatusIconDef>


        <StatusIconDef>
            <ControlId>1318</ControlId>
            <Position>
                <X>0</X>
                <Y>0</Y>
            </Position>
            <Alignment>
                <TopLeft>true</TopLeft>
            </Alignment>
            <TemplateName>realmwar_tower</TemplateName>
            <AdapterName></AdapterName>
        </StatusIconDef>


        <StatusIconDef>
            <ControlId>1319</ControlId>
            <Position>
                <X>0</X>
                <Y>0</Y>
            </Position>
            <Alignment>
                <TopLeft>true</TopLeft>
            </Alignment>
            <TemplateName>realmwar_tower</TemplateName>
            <AdapterName></AdapterName>
        </StatusIconDef>


        <StatusIconDef>
            <ControlId>1320</ControlId>
            <Position>
                <X>0</X>
                <Y>0</Y>
            </Position>
            <Alignment>
                <TopLeft>true</TopLeft>
            </Alignment>
            <TemplateName>realmwar_tower</TemplateName>
            <AdapterName></AdapterName>
        </StatusIconDef>


        <StatusIconDef>
            <ControlId>1321</ControlId>
            <Position>
                <X>0</X>
                <Y>0</Y>
            </Position>
            <Alignment>
                <TopLeft>true</TopLeft>
            </Alignment>
            <TemplateName>realmwar_tower</TemplateName>
            <AdapterName></AdapterName>
        </StatusIconDef>


        <StatusIconDef>
            <ControlId>1322</ControlId>
            <Position>
                <X>0</X>
                <Y>0</Y>
            </Position>
            <Alignment>
                <TopLeft>true</TopLeft>
            </Alignment>
            <TemplateName>realmwar_tower</TemplateName>
            <AdapterName></AdapterName>
        </StatusIconDef>


        <StatusIconDef>
            <ControlId>1323</ControlId>
            <Position>
                <X>0</X>
                <Y>0</Y>
            </Position>
            <Alignment>
                <TopLeft>true</TopLeft>
            </Alignment>
            <TemplateName>realmwar_tower</TemplateName>
            <AdapterName></AdapterName>
        </StatusIconDef>


        <StatusIconDef>
            <ControlId>1324</ControlId>
            <Position>
                <X>0</X>
                <Y>0</Y>
            </Position>
            <Alignment>
                <TopLeft>true</TopLeft>
            </Alignment>
            <TemplateName>realmwar_tower</TemplateName>
            <AdapterName></AdapterName>
        </StatusIconDef>


        <StatusIconDef>
            <ControlId>1325</ControlId>
            <Position>
                <X>0</X>
                <Y>0</Y>
            </Position>
            <Alignment>
                <TopLeft>true</TopLeft>
            </Alignment>
            <TemplateName>realmwar_tower</TemplateName>
            <AdapterName></AdapterName>
        </StatusIconDef>


        <StatusIconDef>
            <ControlId>1326</ControlId>
            <Position>
                <X>0</X>
                <Y>0</Y>
            </Position>
            <Alignment>
                <TopLeft>true</TopLeft>
            </Alignment>
            <TemplateName>realmwar_tower</TemplateName>
            <AdapterName></AdapterName>
        </StatusIconDef>


        <StatusIconDef>
            <ControlId>1327</ControlId>
            <Position>
                <X>0</X>
                <Y>0</Y>
            </Position>
            <Alignment>
                <TopLeft>true</TopLeft>
            </Alignment>
            <TemplateName>realmwar_tower</TemplateName>
            <AdapterName></AdapterName>
        </StatusIconDef>


        <!--Keeps-->


        <StatusIconDef>
            <ControlId>1400</ControlId>
            <Position>
                <X>0</X>
                <Y>0</Y>
            </Position>
            <Alignment>
                <TopLeft>true</TopLeft>
            </Alignment>
            <TemplateName>realmwar_keep</TemplateName>
            <AdapterName></AdapterName>
        </StatusIconDef>


        <StatusIconDef>
            <ControlId>1401</ControlId>
            <Position>
                <X>0</X>
                <Y>0</Y>
            </Position>
            <Alignment>
                <TopLeft>true</TopLeft>
            </Alignment>
            <TemplateName>realmwar_keep</TemplateName>
            <AdapterName></AdapterName>
        </StatusIconDef>


        <StatusIconDef>
            <ControlId>1402</ControlId>
            <Position>
                <X>0</X>
                <Y>0</Y>
            </Position>
            <Alignment>
                <TopLeft>true</TopLeft>
            </Alignment>
            <TemplateName>realmwar_keep</TemplateName>
            <AdapterName></AdapterName>
        </StatusIconDef>


        <StatusIconDef>
            <ControlId>1403</ControlId>
            <Position>
                <X>0</X>
                <Y>0</Y>
            </Position>
            <Alignment>
                <TopLeft>true</TopLeft>
            </Alignment>
            <TemplateName>realmwar_keep</TemplateName>
            <AdapterName></AdapterName>
        </StatusIconDef>


        <StatusIconDef>
            <ControlId>1404</ControlId>
            <Position>
                <X>0</X>
                <Y>0</Y>
            </Position>
            <Alignment>
                <TopLeft>true</TopLeft>
            </Alignment>
            <TemplateName>realmwar_keep</TemplateName>
            <AdapterName></AdapterName>
        </StatusIconDef>


        <StatusIconDef>
            <ControlId>1405</ControlId>
            <Position>
                <X>0</X>
                <Y>0</Y>
            </Position>
            <Alignment>
                <TopLeft>true</TopLeft>
            </Alignment>
            <TemplateName>realmwar_keep</TemplateName>
            <AdapterName></AdapterName>
        </StatusIconDef>


        <StatusIconDef>
            <ControlId>1406</ControlId>
            <Position>
                <X>0</X>
                <Y>0</Y>
            </Position>
            <Alignment>
                <TopLeft>true</TopLeft>
            </Alignment>
            <TemplateName>realmwar_keep</TemplateName>
            <AdapterName></AdapterName>
        </StatusIconDef>


        <ImageAreaDef>
            <ControlId>1407</ControlId>
            <Position>
                <X>0</X>
                <Y>0</Y>
            </Position>
            <Alignment>
                <TopLeft>true</TopLeft>
            </Alignment>
            <TemplateName>relic_symbol</TemplateName>
        </ImageAreaDef>


        <ImageAreaDef>
            <ControlId>1408</ControlId>
            <Position>
                <X>0</X>
                <Y>0</Y>
            </Position>
            <Alignment>
                <TopLeft>true</TopLeft>
            </Alignment>
            <TemplateName>relic_symbol</TemplateName>
        </ImageAreaDef>


        <StatusIconDef>
            <ControlId>1409</ControlId>
            <Position>
                <X>0</X>
                <Y>0</Y>
            </Position>
            <Alignment>
                <TopLeft>true</TopLeft>
            </Alignment>
            <TemplateName>realmwar_keep</TemplateName>
            <AdapterName></AdapterName>
        </StatusIconDef>


        <StatusIconDef>
            <ControlId>1410</ControlId>
            <Position>
                <X>0</X>
                <Y>0</Y>
            </Position>
            <Alignment>
                <TopLeft>true</TopLeft>
            </Alignment>
            <TemplateName>realmwar_keep</TemplateName>
            <AdapterName></AdapterName>
        </StatusIconDef>


        <!--Milegates-->


        <StatusIconDef>
            <ControlId>1500</ControlId>
            <Position>
                <X>0</X>
                <Y>0</Y>
            </Position>
            <Alignment>
                <TopLeft>true</TopLeft>
            </Alignment>
            <TemplateName>realmwar_milegate</TemplateName>
            <AdapterName></AdapterName>
        </StatusIconDef>


        <StatusIconDef>
            <ControlId>1501</ControlId>
            <Position>
                <X>0</X>
                <Y>0</Y>
            </Position>
            <Alignment>
                <TopLeft>true</TopLeft>
            </Alignment>
            <TemplateName>realmwar_milegate</TemplateName>
            <AdapterName></AdapterName>
        </StatusIconDef>


        <StatusIconDef>
            <ControlId>1502</ControlId>
            <Position>
                <X>0</X>
                <Y>0</Y>
            </Position>
            <Alignment>
                <TopLeft>true</TopLeft>
            </Alignment>
            <TemplateName>realmwar_milegate</TemplateName>
            <AdapterName></AdapterName>
        </StatusIconDef>


        <StatusIconDef>
            <ControlId>1503</ControlId>
            <Position>
                <X>0</X>
                <Y>0</Y>
            </Position>
            <Alignment>
                <TopLeft>true</TopLeft>
            </Alignment>
            <TemplateName>realmwar_milegate</TemplateName>
            <AdapterName></AdapterName>
        </StatusIconDef>


        <!--Player Position-->


        <ImageAreaDef>
            <ControlId>2013</ControlId>
            <Position>
                <X>0</X>
                <Y>0</Y>
            </Position>
            <Alignment>
                <TopLeft>true</TopLeft>
            </Alignment>
            <TemplateName>player_location</TemplateName>
        </ImageAreaDef>


        <!--Tower Hotspots-->


        <InvisibleButtonDef>
            <ControlId>3300</ControlId>
            <Position>
                <X>0</X>
                <Y>0</Y>
            </Position>
            <Alignment>
                <TopLeft>true</TopLeft>
            </Alignment>
            <Label></Label>
            <OnClickEvent>WarmapTowerSelect0</OnClickEvent>
            <Width>16</Width>
            <Height>16</Height>
        </InvisibleButtonDef>


        <InvisibleButtonDef>
            <ControlId>3301</ControlId>
            <Position>
                <X>0</X>
                <Y>0</Y>
            </Position>
            <Alignment>
                <TopLeft>true</TopLeft>
            </Alignment>
            <Label></Label>
            <OnClickEvent>WarmapTowerSelect1</OnClickEvent>
            <Width>16</Width>
            <Height>16</Height>
        </InvisibleButtonDef>


        <InvisibleButtonDef>
            <ControlId>3302</ControlId>
            <Position>
                <X>0</X>
                <Y>0</Y>
            </Position>
            <Alignment>
                <TopLeft>true</TopLeft>
            </Alignment>
            <Label></Label>
            <OnClickEvent>WarmapTowerSelect2</OnClickEvent>
            <Width>16</Width>
            <Height>16</Height>
        </InvisibleButtonDef>


        <InvisibleButtonDef>
            <ControlId>3303</ControlId>
            <Position>
                <X>0</X>
                <Y>0</Y>
            </Position>
            <Alignment>
                <TopLeft>true</TopLeft>
            </Alignment>
            <Label></Label>
            <OnClickEvent>WarmapTowerSelect3</OnClickEvent>
            <Width>16</Width>
            <Height>16</Height>
        </InvisibleButtonDef>


        <InvisibleButtonDef>
            <ControlId>3304</ControlId>
            <Position>
                <X>0</X>
                <Y>0</Y>
            </Position>
            <Alignment>
                <TopLeft>true</TopLeft>
            </Alignment>
            <Label></Label>
            <OnClickEvent>WarmapTowerSelect4</OnClickEvent>
            <Width>16</Width>
            <Height>16</Height>
        </InvisibleButtonDef>


        <InvisibleButtonDef>
            <ControlId>3305</ControlId>
            <Position>
                <X>0</X>
                <Y>0</Y>
            </Position>
            <Alignment>
                <TopLeft>true</TopLeft>
            </Alignment>
            <Label></Label>
            <OnClickEvent>WarmapTowerSelect5</OnClickEvent>
            <Width>16</Width>
            <Height>16</Height>
        </InvisibleButtonDef>


        <InvisibleButtonDef>
            <ControlId>3306</ControlId>
            <Position>
                <X>0</X>
                <Y>0</Y>
            </Position>
            <Alignment>
                <TopLeft>true</TopLeft>
            </Alignment>
            <Label></Label>
            <OnClickEvent>WarmapTowerSelect6</OnClickEvent>
            <Width>16</Width>
            <Height>16</Height>
        </InvisibleButtonDef>


        <InvisibleButtonDef>
            <ControlId>3307</ControlId>
            <Position>
                <X>0</X>
                <Y>0</Y>
            </Position>
            <Alignment>
                <TopLeft>true</TopLeft>
            </Alignment>
            <Label></Label>
            <OnClickEvent>WarmapTowerSelect7</OnClickEvent>
            <Width>16</Width>
            <Height>16</Height>
        </InvisibleButtonDef>


        <InvisibleButtonDef>
            <ControlId>3308</ControlId>
            <Position>
                <X>0</X>
                <Y>0</Y>
            </Position>
            <Alignment>
                <TopLeft>true</TopLeft>
            </Alignment>
            <Label></Label>
            <OnClickEvent>WarmapTowerSelect8</OnClickEvent>
            <Width>16</Width>
            <Height>16</Height>
        </InvisibleButtonDef>


        <InvisibleButtonDef>
            <ControlId>3309</ControlId>
            <Position>
                <X>0</X>
                <Y>0</Y>
            </Position>
            <Alignment>
                <TopLeft>true</TopLeft>
            </Alignment>
            <Label></Label>
            <OnClickEvent>WarmapTowerSelect9</OnClickEvent>
            <Width>16</Width>
            <Height>16</Height>
        </InvisibleButtonDef>


        <InvisibleButtonDef>
            <ControlId>3310</ControlId>
            <Position>
                <X>0</X>
                <Y>0</Y>
            </Position>
            <Alignment>
                <TopLeft>true</TopLeft>
            </Alignment>
            <Label></Label>
            <OnClickEvent>WarmapTowerSelect10</OnClickEvent>
            <Width>16</Width>
            <Height>16</Height>
        </InvisibleButtonDef>


        <InvisibleButtonDef>
            <ControlId>3311</ControlId>
            <Position>
                <X>0</X>
                <Y>0</Y>
            </Position>
            <Alignment>
                <TopLeft>true</TopLeft>
            </Alignment>
            <Label></Label>
            <OnClickEvent>WarmapTowerSelect11</OnClickEvent>
            <Width>16</Width>
            <Height>16</Height>
        </InvisibleButtonDef>


        <InvisibleButtonDef>
            <ControlId>3312</ControlId>
            <Position>
                <X>0</X>
                <Y>0</Y>
            </Position>
            <Alignment>
                <TopLeft>true</TopLeft>
            </Alignment>
            <Label></Label>
            <OnClickEvent>WarmapTowerSelect12</OnClickEvent>
            <Width>16</Width>
            <Height>16</Height>
        </InvisibleButtonDef>


        <InvisibleButtonDef>
            <ControlId>3313</ControlId>
            <Position>
                <X>0</X>
                <Y>0</Y>
            </Position>
            <Alignment>
                <TopLeft>true</TopLeft>
            </Alignment>
            <Label></Label>
            <OnClickEvent>WarmapTowerSelect13</OnClickEvent>
            <Width>16</Width>
            <Height>16</Height>
        </InvisibleButtonDef>


        <InvisibleButtonDef>
            <ControlId>3314</ControlId>
            <Position>
                <X>0</X>
                <Y>0</Y>
            </Position>
            <Alignment>
                <TopLeft>true</TopLeft>
            </Alignment>
            <Label></Label>
            <OnClickEvent>WarmapTowerSelect14</OnClickEvent>
            <Width>16</Width>
            <Height>16</Height>
        </InvisibleButtonDef>


        <InvisibleButtonDef>
            <ControlId>3315</ControlId>
            <Position>
                <X>0</X>
                <Y>0</Y>
            </Position>
            <Alignment>
                <TopLeft>true</TopLeft>
            </Alignment>
            <Label></Label>
            <OnClickEvent>WarmapTowerSelect15</OnClickEvent>
            <Width>16</Width>
            <Height>16</Height>
        </InvisibleButtonDef>


        <InvisibleButtonDef>
            <ControlId>3316</ControlId>
            <Position>
                <X>0</X>
                <Y>0</Y>
            </Position>
            <Alignment>
                <TopLeft>true</TopLeft>
            </Alignment>
            <Label></Label>
            <OnClickEvent>WarmapTowerSelect16</OnClickEvent>
            <Width>16</Width>
            <Height>16</Height>
        </InvisibleButtonDef>


        <InvisibleButtonDef>
            <ControlId>3317</ControlId>
            <Position>
                <X>0</X>
                <Y>0</Y>
            </Position>
            <Alignment>
                <TopLeft>true</TopLeft>
            </Alignment>
            <Label></Label>
            <OnClickEvent>WarmapTowerSelect17</OnClickEvent>
            <Width>16</Width>
            <Height>16</Height>
        </InvisibleButtonDef>


        <InvisibleButtonDef>
            <ControlId>3318</ControlId>
            <Position>
                <X>0</X>
                <Y>0</Y>
            </Position>
            <Alignment>
                <TopLeft>true</TopLeft>
            </Alignment>
            <Label></Label>
            <OnClickEvent>WarmapTowerSelect18</OnClickEvent>
            <Width>16</Width>
            <Height>16</Height>
        </InvisibleButtonDef>


        <InvisibleButtonDef>
            <ControlId>3319</ControlId>
            <Position>
                <X>0</X>
                <Y>0</Y>
            </Position>
            <Alignment>
                <TopLeft>true</TopLeft>
            </Alignment>
            <Label></Label>
            <OnClickEvent>WarmapTowerSelect19</OnClickEvent>
            <Width>16</Width>
            <Height>16</Height>
        </InvisibleButtonDef>


        <InvisibleButtonDef>
            <ControlId>3320</ControlId>
            <Position>
                <X>0</X>
                <Y>0</Y>
            </Position>
            <Alignment>
                <TopLeft>true</TopLeft>
            </Alignment>
            <Label></Label>
            <OnClickEvent>WarmapTowerSelect20</OnClickEvent>
            <Width>16</Width>
            <Height>16</Height>
        </InvisibleButtonDef>


        <InvisibleButtonDef>
            <ControlId>3321</ControlId>
            <Position>
                <X>0</X>
                <Y>0</Y>
            </Position>
            <Alignment>
                <TopLeft>true</TopLeft>
            </Alignment>
            <Label></Label>
            <OnClickEvent>WarmapTowerSelect21</OnClickEvent>
            <Width>16</Width>
            <Height>16</Height>
        </InvisibleButtonDef>


        <InvisibleButtonDef>
            <ControlId>3322</ControlId>
            <Position>
                <X>0</X>
                <Y>0</Y>
            </Position>
            <Alignment>
                <TopLeft>true</TopLeft>
            </Alignment>
            <Label></Label>
            <OnClickEvent>WarmapTowerSelect22</OnClickEvent>
            <Width>16</Width>
            <Height>16</Height>
        </InvisibleButtonDef>


        <InvisibleButtonDef>
            <ControlId>3323</ControlId>
            <Position>
                <X>0</X>
                <Y>0</Y>
            </Position>
            <Alignment>
                <TopLeft>true</TopLeft>
            </Alignment>
            <Label></Label>
            <OnClickEvent>WarmapTowerSelect23</OnClickEvent>
            <Width>16</Width>
            <Height>16</Height>
        </InvisibleButtonDef>


        <InvisibleButtonDef>
            <ControlId>3324</ControlId>
            <Position>
                <X>0</X>
                <Y>0</Y>
            </Position>
            <Alignment>
                <TopLeft>true</TopLeft>
            </Alignment>
            <Label></Label>
            <OnClickEvent>WarmapTowerSelect24</OnClickEvent>
            <Width>16</Width>
            <Height>16</Height>
        </InvisibleButtonDef>


        <InvisibleButtonDef>
            <ControlId>3325</ControlId>
            <Position>
                <X>0</X>
                <Y>0</Y>
            </Position>
            <Alignment>
                <TopLeft>true</TopLeft>
            </Alignment>
            <Label></Label>
            <OnClickEvent>WarmapTowerSelect25</OnClickEvent>
            <Width>16</Width>
            <Height>16</Height>
        </InvisibleButtonDef>


        <InvisibleButtonDef>
            <ControlId>3326</ControlId>
            <Position>
                <X>0</X>
                <Y>0</Y>
            </Position>
            <Alignment>
                <TopLeft>true</TopLeft>
            </Alignment>
            <Label></Label>
            <OnClickEvent>WarmapTowerSelect26</OnClickEvent>
            <Width>16</Width>
            <Height>16</Height>
        </InvisibleButtonDef>


        <InvisibleButtonDef>
            <ControlId>3327</ControlId>
            <Position>
                <X>0</X>
                <Y>0</Y>
            </Position>
            <Alignment>
                <TopLeft>true</TopLeft>
            </Alignment>
            <Label></Label>
            <OnClickEvent>WarmapTowerSelect27</OnClickEvent>
            <Width>16</Width>
            <Height>16</Height>
        </InvisibleButtonDef>


        <!--Keep Hotspots-->


        <InvisibleButtonDef>
            <ControlId>3400</ControlId>
            <Position>
                <X>0</X>
                <Y>0</Y>
            </Position>
            <Alignment>
                <TopLeft>true</TopLeft>
            </Alignment>
            <Label></Label>
            <OnClickEvent>WarmapKeepSelect0</OnClickEvent>
            <Width>16</Width>
            <Height>16</Height>
        </InvisibleButtonDef>


        <InvisibleButtonDef>
            <ControlId>3401</ControlId>
            <Position>
                <X>0</X>
                <Y>0</Y>
            </Position>
            <Alignment>
                <TopLeft>true</TopLeft>
            </Alignment>
            <Label></Label>
            <OnClickEvent>WarmapKeepSelect1</OnClickEvent>
            <Width>16</Width>
            <Height>16</Height>
        </InvisibleButtonDef>


        <InvisibleButtonDef>
            <ControlId>3402</ControlId>
            <Position>
                <X>0</X>
                <Y>0</Y>
            </Position>
            <Alignment>
                <TopLeft>true</TopLeft>
            </Alignment>
            <Label></Label>
            <OnClickEvent>WarmapKeepSelect2</OnClickEvent>
            <Width>16</Width>
            <Height>16</Height>
        </InvisibleButtonDef>


        <InvisibleButtonDef>
            <ControlId>3403</ControlId>
            <Position>
                <X>0</X>
                <Y>0</Y>
            </Position>
            <Alignment>
                <TopLeft>true</TopLeft>
            </Alignment>
            <Label></Label>
            <OnClickEvent>WarmapKeepSelect3</OnClickEvent>
            <Width>16</Width>
            <Height>16</Height>
        </InvisibleButtonDef>


        <InvisibleButtonDef>
            <ControlId>3404</ControlId>
            <Position>
                <X>0</X>
                <Y>0</Y>
            </Position>
            <Alignment>
                <TopLeft>true</TopLeft>
            </Alignment>
            <Label></Label>
            <OnClickEvent>WarmapKeepSelect4</OnClickEvent>
            <Width>16</Width>
            <Height>16</Height>
        </InvisibleButtonDef>


        <InvisibleButtonDef>
            <ControlId>3405</ControlId>
            <Position>
                <X>0</X>
                <Y>0</Y>
            </Position>
            <Alignment>
                <TopLeft>true</TopLeft>
            </Alignment>
            <Label></Label>
            <OnClickEvent>WarmapKeepSelect5</OnClickEvent>
            <Width>16</Width>
            <Height>16</Height>
        </InvisibleButtonDef>


        <InvisibleButtonDef>
            <ControlId>3406</ControlId>
            <Position>
                <X>0</X>
                <Y>0</Y>
            </Position>
            <Alignment>
                <TopLeft>true</TopLeft>
            </Alignment>
            <Label></Label>
            <OnClickEvent>WarmapKeepSelect6</OnClickEvent>
            <Width>16</Width>
            <Height>16</Height>
        </InvisibleButtonDef>


        <InvisibleButtonDef>
            <ControlId>3407</ControlId>
            <Position>
                <X>0</X>
                <Y>0</Y>
            </Position>
            <Alignment>
                <TopLeft>true</TopLeft>
            </Alignment>
            <Label></Label>
            <OnClickEvent>WarmapPowerRelicSelect</OnClickEvent>
            <Width>16</Width>
            <Height>16</Height>
        </InvisibleButtonDef>


        <InvisibleButtonDef>
            <ControlId>3408</ControlId>
            <Position>
                <X>0</X>
                <Y>0</Y>
            </Position>
            <Alignment>
                <TopLeft>true</TopLeft>
            </Alignment>
            <Label></Label>
            <OnClickEvent>WarmapStrengthRelicSelect</OnClickEvent>
            <Width>16</Width>
            <Height>16</Height>
        </InvisibleButtonDef>


        <InvisibleButtonDef>
            <ControlId>3409</ControlId>
            <Position>
                <X>0</X>
                <Y>0</Y>
            </Position>
            <Alignment>
                <TopLeft>true</TopLeft>
            </Alignment>
            <Label></Label>
            <OnClickEvent>WarmapPowerBorderSelect</OnClickEvent>
            <Width>16</Width>
            <Height>16</Height>
        </InvisibleButtonDef>


        <InvisibleButtonDef>
            <ControlId>3410</ControlId>
            <Position>
                <X>0</X>
                <Y>0</Y>
            </Position>
            <Alignment>
                <TopLeft>true</TopLeft>
            </Alignment>
            <Label></Label>
            <OnClickEvent>WarmapStrengthBorderSelect</OnClickEvent>
            <Width>16</Width>
            <Height>16</Height>
        </InvisibleButtonDef>


        <InvisibleButtonDef>
            <ControlId>3411</ControlId>
            <Position>
                <X>0</X>
                <Y>0</Y>
            </Position>
            <Alignment>
                <TopLeft>true</TopLeft>
            </Alignment>
            <Label></Label>
            <OnClickEvent>WarmapPowerRelicTownSelect</OnClickEvent>
            <Width>16</Width>
            <Height>16</Height>
        </InvisibleButtonDef>


        <InvisibleButtonDef>
            <ControlId>3412</ControlId>
            <Position>
                <X>0</X>
                <Y>0</Y>
            </Position>
            <Alignment>
                <TopLeft>true</TopLeft>
            </Alignment>
            <Label></Label>
            <OnClickEvent>WarmapStrengthRelicTownSelect</OnClickEvent>
            <Width>16</Width>
            <Height>16</Height>
        </InvisibleButtonDef>


    </WindowTemplate>


</Root_Element>
