<?xml version="1.0"?>
<Root_Element ID="DAOCUi">

<!-- @@ Edited with the DAoC User Interface Editor v1.80 -->
<!-- @@ Free download available at http://www.bradtownsend.com/daoced -->


    <WindowTemplate>
        <Name>emblem_picker</Name>
        <WindowId>EmblemPicker</WindowId>
        <CloseButton>true</CloseButton>
        <MoveButton>false</MoveButton>
        <TopRightResizeButton>false</TopRightResizeButton>
        <BottomRightResizeButton>false</BottomRightResizeButton>
        <BottomLeftResizeButton>false</BottomLeftResizeButton>
        <ResizeButtonOffsetX>0</ResizeButtonOffsetX>
        <ResizeButtonOffsetY>0</ResizeButtonOffsetY>
        <TitleWidth>230</TitleWidth>
        <TitleHeight>18</TitleHeight>
        <Width>230</Width>
        <Height>292</Height>
        <ResizeableWidth>0</ResizeableWidth>
        <ResizeableHeight>0</ResizeableHeight>
        <ResizeableTwoWayWidth>0</ResizeableTwoWayWidth>
        <ResizeableTwoWayHeight>0</ResizeableTwoWayHeight>
        <MinWidth>0</MinWidth>
        <MinHeight>0</MinHeight>
        <ContextTemplateName></ContextTemplateName>


        <FullResizeImageDef>
            <Position>
                <X>0</X>
                <Y>0</Y>
            </Position>
            <Alignment>
                <TopLeft>true</TopLeft>
            </Alignment>
            <TemplateName>_witt_bg_90</TemplateName>
            <Width>230</Width>
            <Height>292</Height>
        </FullResizeImageDef>


        <FullResizeImageDef>
            <Position>
                <X>0</X>
                <Y>0</Y>
            </Position>
            <TemplateName>_witt_bg_100</TemplateName>
            <Width>230</Width>
            <Height>19</Height>
        </FullResizeImageDef>


        <LabelDef>
            <ControlId>1006</ControlId>
            <Position>
                <X>0</X>
                <Y>4</Y>
            </Position>
            <Alignment>
                <CenterHorizontally>true</CenterHorizontally>
            </Alignment>
            <Color>
                <R>255</R>
                <G>255</G>
                <B>255</B>
                <A>255</A>
            </Color>
            <FontName>_whatisthisfont2</FontName>
            <Width>230</Width>
            <Height>16</Height>
            <MaxCharacters>128</MaxCharacters>
            <Data>EMBLEM PICKER</Data>
            <TextCentered>true</TextCentered>
        </LabelDef>


        <ButtonDef>
            <ControlId>1000</ControlId>
            <Position>
                <X>3</X>
                <Y>1</Y>
            </Position>
            <Alignment>
                <OffsetBottom>true</OffsetBottom>
                <OffsetRight>true</OffsetRight>
            </Alignment>
            <TemplateName>_witt_hr_button</TemplateName>
            <Label>Accept</Label>
        </ButtonDef>


        <ButtonDef>
            <ControlId>1001</ControlId>
            <Position>
                <X>3</X>
                <Y>1</Y>
            </Position>
            <Alignment>
                <OffsetBottom>true</OffsetBottom>
            </Alignment>
            <TemplateName>_witt_hr_button</TemplateName>
            <Label>Cancel</Label>
        </ButtonDef>


        <LabelDef>
            <Position>
                <X>40</X>
                <Y>35</Y>
            </Position>
            <Alignment>
                <OffsetBottom>true</OffsetBottom>
            </Alignment>
            <Color>
                <R>255</R>
                <G>255</G>
                <B>255</B>
                <A>255</A>
            </Color>
            <FontName>_whatisthisfont3</FontName>
            <Width>64</Width>
            <Height>15</Height>
            <MaxCharacters>50</MaxCharacters>
            <Data>Emblem</Data>
            <TextCentered>true</TextCentered>
        </LabelDef>


        <ButtonDef>
            <ControlId>1002</ControlId>
            <Position>
                <X>33</X>
                <Y>38</Y>
            </Position>
            <Alignment>
                <TopLeft>true</TopLeft>
                <OffsetBottom>true</OffsetBottom>
            </Alignment>
            <TemplateName>_witt_button_left</TemplateName>
        </ButtonDef>


        <ButtonDef>
            <ControlId>1003</ControlId>
            <Position>
                <X>102</X>
                <Y>38</Y>
            </Position>
            <Alignment>
                <TopLeft>true</TopLeft>
                <OffsetBottom>true</OffsetBottom>
            </Alignment>
            <TemplateName>_witt_button_right</TemplateName>
        </ButtonDef>


        <LabelDef>
            <Position>
                <X>40</X>
                <Y>20</Y>
            </Position>
            <Alignment>
                <OffsetBottom>true</OffsetBottom>
            </Alignment>
            <Color>
                <R>255</R>
                <G>255</G>
                <B>255</B>
                <A>255</A>
            </Color>
            <FontName>_whatisthisfont3</FontName>
            <Width>64</Width>
            <Height>15</Height>
            <MaxCharacters>50</MaxCharacters>
            <Data>Pattern</Data>
            <TextCentered>true</TextCentered>
        </LabelDef>


        <ButtonDef>
            <ControlId>1004</ControlId>
            <Position>
                <X>33</X>
                <Y>23</Y>
            </Position>
            <Alignment>
                <TopLeft>true</TopLeft>
                <OffsetBottom>true</OffsetBottom>
            </Alignment>
            <TemplateName>_witt_button_left</TemplateName>
        </ButtonDef>


        <ButtonDef>
            <ControlId>1005</ControlId>
            <Position>
                <X>102</X>
                <Y>23</Y>
            </Position>
            <Alignment>
                <TopLeft>true</TopLeft>
                <OffsetBottom>true</OffsetBottom>
            </Alignment>
            <TemplateName>_witt_button_right</TemplateName>
        </ButtonDef>


        <LabelDef>
            <Position>
                <X>127</X>
                <Y>35</Y>
            </Position>
            <Alignment>
                <OffsetBottom>true</OffsetBottom>
            </Alignment>
            <Color>
                <R>255</R>
                <G>255</G>
                <B>255</B>
                <A>255</A>
            </Color>
            <FontName>_whatisthisfont3</FontName>
            <Width>64</Width>
            <Height>15</Height>
            <MaxCharacters>50</MaxCharacters>
            <Data>Primary</Data>
            <TextCentered>true</TextCentered>
        </LabelDef>


        <ButtonDef>
            <ControlId>1006</ControlId>
            <Position>
                <X>119</X>
                <Y>38</Y>
            </Position>
            <Alignment>
                <TopLeft>true</TopLeft>
                <OffsetBottom>true</OffsetBottom>
            </Alignment>
            <TemplateName>_witt_button_left</TemplateName>
        </ButtonDef>


        <ButtonDef>
            <ControlId>1007</ControlId>
            <Position>
                <X>188</X>
                <Y>38</Y>
            </Position>
            <Alignment>
                <TopLeft>true</TopLeft>
                <OffsetBottom>true</OffsetBottom>
            </Alignment>
            <TemplateName>_witt_button_right</TemplateName>
        </ButtonDef>


        <LabelDef>
            <Position>
                <X>127</X>
                <Y>20</Y>
            </Position>
            <Alignment>
                <OffsetBottom>true</OffsetBottom>
            </Alignment>
            <Color>
                <R>255</R>
                <G>255</G>
                <B>255</B>
                <A>255</A>
            </Color>
            <FontName>_whatisthisfont3</FontName>
            <Width>64</Width>
            <Height>15</Height>
            <MaxCharacters>50</MaxCharacters>
            <Data>Secondary</Data>
            <TextCentered>true</TextCentered>
        </LabelDef>


        <ButtonDef>
            <ControlId>1008</ControlId>
            <Position>
                <X>119</X>
                <Y>23</Y>
            </Position>
            <Alignment>
                <TopLeft>true</TopLeft>
                <OffsetBottom>true</OffsetBottom>
            </Alignment>
            <TemplateName>_witt_button_left</TemplateName>
        </ButtonDef>


        <ButtonDef>
            <ControlId>1009</ControlId>
            <Position>
                <X>188</X>
                <Y>23</Y>
            </Position>
            <Alignment>
                <TopLeft>true</TopLeft>
                <OffsetBottom>true</OffsetBottom>
            </Alignment>
            <TemplateName>_witt_button_right</TemplateName>
        </ButtonDef>


    </WindowTemplate>


</Root_Element>
