<?xml version="1.0"?>
<Root_Element ID="DAOCUi">

<!-- @@ Edited with the DAoC User Interface Editor v1.80 -->
<!-- @@ Free download available at http://www.bradtownsend.com/daoced -->


    <WindowTemplate>
        <Name>command</Name>
        <WindowId>Command</WindowId>
        <CloseButton>false</CloseButton>
        <MoveButton>false</MoveButton>
        <TopRightResizeButton>false</TopRightResizeButton>
        <BottomRightResizeButton>false</BottomRightResizeButton>
        <BottomLeftResizeButton>false</BottomLeftResizeButton>
        <ResizeButtonOffsetX>0</ResizeButtonOffsetX>
        <ResizeButtonOffsetY>0</ResizeButtonOffsetY>
        <TitleWidth>125</TitleWidth>
        <TitleHeight>3</TitleHeight>
        <Width>125</Width>
        <Height>197</Height>
        <ResizeableWidth>0</ResizeableWidth>
        <ResizeableHeight>0</ResizeableHeight>
        <ResizeableTwoWayWidth>0</ResizeableTwoWayWidth>
        <ResizeableTwoWayHeight>0</ResizeableTwoWayHeight>
        <MinWidth>0</MinWidth>
        <MinHeight>0</MinHeight>
        <ContextTemplateName></ContextTemplateName>


        <!--Left Column Buttons-->


        <ButtonDef>
            <ControlId>0</ControlId>
            <Position>
                <X>0</X>
                <Y>0</Y>
            </Position>
            <Alignment>
                <TopLeft>true</TopLeft>
            </Alignment>
            <TemplateName>button_tab</TemplateName>
            <Label>Attack</Label>
            <OnClickEvent>ToggleAttackMode</OnClickEvent>
        </ButtonDef>


        <ButtonDef>
            <ControlId>1</ControlId>
            <Position>
                <X>0</X>
                <Y>18</Y>
            </Position>
            <Alignment>
                <TopLeft>true</TopLeft>
            </Alignment>
            <TemplateName>button_tab</TemplateName>
            <Label>Sprint</Label>
            <OnClickEvent>Sprint</OnClickEvent>
        </ButtonDef>


        <ButtonDef>
            <ControlId>2</ControlId>
            <Position>
                <X>0</X>
                <Y>36</Y>
            </Position>
            <Alignment>
                <TopLeft>true</TopLeft>
            </Alignment>
            <TemplateName>button_tab</TemplateName>
            <Label>Sit</Label>
            <OnClickEvent>ToggleSitting</OnClickEvent>
        </ButtonDef>


        <ButtonDef>
            <ControlId>3</ControlId>
            <Position>
                <X>0</X>
                <Y>54</Y>
            </Position>
            <Alignment>
                <TopLeft>true</TopLeft>
            </Alignment>
            <TemplateName>button_tab</TemplateName>
            <Label>Follow</Label>
            <OnClickEvent>Follow</OnClickEvent>
        </ButtonDef>


        <ButtonDef>
            <ControlId>4</ControlId>
            <Position>
                <X>0</X>
                <Y>72</Y>
            </Position>
            <Alignment>
                <TopLeft>true</TopLeft>
            </Alignment>
            <TemplateName>button_tab</TemplateName>
            <Label>Stick</Label>
            <OnClickEvent>Stick</OnClickEvent>
        </ButtonDef>


        <ButtonDef>
            <ControlId>6</ControlId>
            <Position>
                <X>0</X>
                <Y>90</Y>
            </Position>
            <Alignment>
                <TopLeft>true</TopLeft>
            </Alignment>
            <TemplateName>button_tab</TemplateName>
            <Label>Face</Label>
            <OnClickEvent>Face</OnClickEvent>
        </ButtonDef>


        <ButtonDef>
            <ControlId>7</ControlId>
            <Position>
                <X>0</X>
                <Y>108</Y>
            </Position>
            <Alignment>
                <TopLeft>true</TopLeft>
            </Alignment>
            <TemplateName>button_tab</TemplateName>
            <Label>Pray</Label>
            <OnClickEvent>Pray</OnClickEvent>
        </ButtonDef>


        <ButtonDef>
            <ControlId>8</ControlId>
            <Position>
                <X>0</X>
                <Y>126</Y>
            </Position>
            <Alignment>
                <TopLeft>true</TopLeft>
            </Alignment>
            <TemplateName>button_tab</TemplateName>
            <Label>Release</Label>
            <OnClickEvent>Release</OnClickEvent>
        </ButtonDef>


        <ButtonDef>
            <ControlId>9</ControlId>
            <Position>
                <X>0</X>
                <Y>144</Y>
            </Position>
            <Alignment>
                <TopLeft>true</TopLeft>
            </Alignment>
            <TemplateName>button_tab</TemplateName>
            <Label>Bonuses</Label>
            <OnClickEvent>Bonuses</OnClickEvent>
        </ButtonDef>


        <ButtonDef>
            <ControlId>10</ControlId>
            <Position>
                <X>0</X>
                <Y>162</Y>
            </Position>
            <Alignment>
                <TopLeft>true</TopLeft>
            </Alignment>
            <TemplateName>button_tab</TemplateName>
            <Label>Bind</Label>
            <OnClickEvent>Bind</OnClickEvent>
        </ButtonDef>


        <ButtonDef>
            <Position>
                <X>0</X>
                <Y>180</Y>
            </Position>
            <Alignment>
                <TopLeft>true</TopLeft>
            </Alignment>
            <TemplateName>button_tab</TemplateName>
            <Label>Clock</Label>
            <OnClickEvent>ToggleClock</OnClickEvent>
        </ButtonDef>


        <!--Right Column Buttons-->


        <ButtonDef>
            <ControlId>11</ControlId>
            <Position>
                <X>63</X>
                <Y>0</Y>
            </Position>
            <Alignment>
                <TopLeft>true</TopLeft>
            </Alignment>
            <TemplateName>button_tab</TemplateName>
            <Label>Keeps</Label>
            <OnClickEvent>Realm</OnClickEvent>
        </ButtonDef>


        <ButtonDef>
            <ControlId>12</ControlId>
            <Position>
                <X>63</X>
                <Y>18</Y>
            </Position>
            <Alignment>
                <TopLeft>true</TopLeft>
            </Alignment>
            <TemplateName>button_tab</TemplateName>
            <Label>Relics</Label>
            <OnClickEvent>Relic</OnClickEvent>
        </ButtonDef>


        <ButtonDef>
            <ControlId>13</ControlId>
            <Position>
                <X>63</X>
                <Y>36</Y>
            </Position>
            <Alignment>
                <TopLeft>true</TopLeft>
            </Alignment>
            <TemplateName>button_tab</TemplateName>
            <Label>Task</Label>
            <OnClickEvent>Task</OnClickEvent>
        </ButtonDef>


        <ButtonDef>
            <ControlId>14</ControlId>
            <Position>
                <X>63</X>
                <Y>54</Y>
            </Position>
            <Alignment>
                <TopLeft>true</TopLeft>
            </Alignment>
            <TemplateName>button_tab</TemplateName>
            <Label>Friends</Label>
            <OnClickEvent>Friends</OnClickEvent>
        </ButtonDef>


        <ButtonDef>
            <ControlId>15</ControlId>
            <Position>
                <X>63</X>
                <Y>72</Y>
            </Position>
            <Alignment>
                <TopLeft>true</TopLeft>
            </Alignment>
            <TemplateName>button_tab</TemplateName>
            <Label>AFK</Label>
            <OnClickEvent>Afk</OnClickEvent>
        </ButtonDef>


        <ButtonDef>
            <ControlId>16</ControlId>
            <Position>
                <X>63</X>
                <Y>90</Y>
            </Position>
            <Alignment>
                <TopLeft>true</TopLeft>
            </Alignment>
            <TemplateName>button_tab</TemplateName>
            <Label>Compass</Label>
            <OnClickEvent>ToggleCompass</OnClickEvent>
        </ButtonDef>


        <ButtonDef>
            <ControlId>17</ControlId>
            <Position>
                <X>63</X>
                <Y>108</Y>
            </Position>
            <Alignment>
                <TopLeft>true</TopLeft>
            </Alignment>
            <TemplateName>button_tab</TemplateName>
            <Label>Help</Label>
            <OnClickEvent>Help</OnClickEvent>
        </ButtonDef>


        <ButtonDef>
            <ControlId>18</ControlId>
            <Position>
                <X>63</X>
                <Y>126</Y>
            </Position>
            <Alignment>
                <TopLeft>true</TopLeft>
            </Alignment>
            <TemplateName>button_tab</TemplateName>
            <Label>Journal</Label>
            <OnClickEvent>Journal</OnClickEvent>
        </ButtonDef>


        <ButtonDef>
            <ControlId>19</ControlId>
            <Position>
                <X>63</X>
                <Y>144</Y>
            </Position>
            <Alignment>
                <TopLeft>true</TopLeft>
            </Alignment>
            <TemplateName>button_tab</TemplateName>
            <Label>Quit</Label>
            <OnClickEvent>Quit</OnClickEvent>
        </ButtonDef>


        <ButtonDef>
            <ControlId>20</ControlId>
            <Position>
                <X>63</X>
                <Y>162</Y>
            </Position>
            <Alignment>
                <TopLeft>true</TopLeft>
            </Alignment>
            <TemplateName>button_tab</TemplateName>
            <Label>Keyboard</Label>
            <OnClickEvent>ShowKeyboardConfig</OnClickEvent>
        </ButtonDef>


        <ButtonDef>
            <Position>
                <X>63</X>
                <Y>180</Y>
            </Position>
            <Alignment>
                <TopLeft>true</TopLeft>
            </Alignment>
            <TemplateName>button_tab</TemplateName>
            <Label>Map</Label>
            <OnClickEvent>ToggleMap</OnClickEvent>
        </ButtonDef>


    </WindowTemplate>


</Root_Element>
