<?xml version="1.0"?>
<Root_Element ID="DAOCUi">

<!-- @@ Edited with the DAoC User Interface Editor v1.80 -->
<!-- @@ Free download available at http://www.bradtownsend.com/daoced -->


    <Texture>
        <Name>warmap_agramon</Name>
        <File>custom/z163.tga</File>
    </Texture>


    <ImageAreaTemplate>
        <Name>warmap_agramon</Name>
        <TextureName>warmap_agramon</TextureName>
        <Size>
            <X>256</X>
            <Y>256</Y>
        </Size>
        <TopLeft>
            <X>0</X>
            <Y>0</Y>
        </TopLeft>
    </ImageAreaTemplate>


    <WindowTemplate>
        <Name>realmwar_agramon</Name>
        <WindowId></WindowId>
        <CloseButton>false</CloseButton>
        <MoveButton>true</MoveButton>
        <TopRightResizeButton>false</TopRightResizeButton>
        <BottomRightResizeButton>false</BottomRightResizeButton>
        <BottomLeftResizeButton>false</BottomLeftResizeButton>
        <ResizeButtonOffsetX>0</ResizeButtonOffsetX>
        <ResizeButtonOffsetY>0</ResizeButtonOffsetY>
        <TitleWidth>270</TitleWidth>
        <TitleHeight>0</TitleHeight>
        <Width>308</Width>
        <Height>288</Height>
        <ResizeableWidth>0</ResizeableWidth>
        <ResizeableHeight>0</ResizeableHeight>
        <ResizeableTwoWayWidth>0</ResizeableTwoWayWidth>
        <ResizeableTwoWayHeight>0</ResizeableTwoWayHeight>
        <MinWidth>0</MinWidth>
        <MinHeight>0</MinHeight>
        <ContextTemplateName></ContextTemplateName>


        <FullResizeImageDef>
            <Position>
                <X>40</X>
                <Y>0</Y>
            </Position>
            <Alignment>
                <GrowWidth>true</GrowWidth>
                <GrowHeight>true</GrowHeight>
            </Alignment>
            <TemplateName>_witt_bg_80</TemplateName>
            <Width>263</Width>
            <Height>288</Height>
        </FullResizeImageDef>


        <!--Images-->


        <!--Control ID's are used for placing active map elements-->


        <CheckBoxDef>
            <ControlId>2000</ControlId>
            <Position>
                <X>0</X>
                <Y>134</Y>
            </Position>
            <Alignment>
                <TopLeft>true</TopLeft>
            </Alignment>
            <TemplateName>realm_symbol_check</TemplateName>
            <AdapterName></AdapterName>
            <TextAdapterName></TextAdapterName>
            <Data></Data>
            <LabelWidth>0</LabelWidth>
            <OnClickEvent></OnClickEvent>
        </CheckBoxDef>


        <CheckBoxDef>
            <ControlId>2001</ControlId>
            <Position>
                <X>0</X>
                <Y>172</Y>
            </Position>
            <Alignment>
                <TopLeft>true</TopLeft>
            </Alignment>
            <TemplateName>realm_symbol_check</TemplateName>
            <AdapterName></AdapterName>
            <TextAdapterName></TextAdapterName>
            <Data></Data>
            <LabelWidth>0</LabelWidth>
            <OnClickEvent></OnClickEvent>
        </CheckBoxDef>


        <CheckBoxDef>
            <ControlId>2002</ControlId>
            <Position>
                <X>0</X>
                <Y>210</Y>
            </Position>
            <Alignment>
                <TopLeft>true</TopLeft>
            </Alignment>
            <TemplateName>realm_symbol_check</TemplateName>
            <AdapterName></AdapterName>
            <TextAdapterName></TextAdapterName>
            <Data></Data>
            <LabelWidth>0</LabelWidth>
            <OnClickEvent></OnClickEvent>
        </CheckBoxDef>


        <CheckBoxDef>
            <ControlId>2003</ControlId>
            <Position>
                <X>0</X>
                <Y>96</Y>
            </Position>
            <Alignment>
                <TopLeft>true</TopLeft>
            </Alignment>
            <TemplateName>realm_symbol_check</TemplateName>
            <AdapterName></AdapterName>
            <TextAdapterName></TextAdapterName>
            <Data></Data>
            <LabelWidth>0</LabelWidth>
            <OnClickEvent></OnClickEvent>
        </CheckBoxDef>


        <ImageAreaDef>
            <ControlId>small_hib_icon</ControlId>
            <Position>
                <X>4</X>
                <Y>139</Y>
            </Position>
            <Alignment>
                <TopLeft>true</TopLeft>
            </Alignment>
            <TemplateName>realm_symbol_hib</TemplateName>
        </ImageAreaDef>


        <ImageAreaDef>
            <ControlId>small_mid_icon</ControlId>
            <Position>
                <X>5</X>
                <Y>176</Y>
            </Position>
            <Alignment>
                <TopLeft>true</TopLeft>
            </Alignment>
            <TemplateName>realm_symbol_mid</TemplateName>
        </ImageAreaDef>


        <ImageAreaDef>
            <ControlId>small_alb_icon</ControlId>
            <Position>
                <X>5</X>
                <Y>215</Y>
            </Position>
            <Alignment>
                <TopLeft>true</TopLeft>
            </Alignment>
            <TemplateName>realm_symbol_alb</TemplateName>
        </ImageAreaDef>


        <ImageAreaDef>
            <Position>
                <X>6</X>
                <Y>101</Y>
            </Position>
            <TemplateName>realm_symbol_ev</TemplateName>
        </ImageAreaDef>


        <ImageAreaDef>
            <ControlId>1000</ControlId>
            <Position>
                <X>43</X>
                <Y>25</Y>
            </Position>
            <TemplateName>warmap_agramon</TemplateName>
        </ImageAreaDef>


        <!--Mini Info-->


        <LabelDef>
            <Position>
                <X>43</X>
                <Y>290</Y>
            </Position>
            <Color>
                <R>254</R>
                <G>217</G>
                <B>10</B>
                <A>255</A>
            </Color>
            <FontName>_whatisthisfont2</FontName>
            <Width>128</Width>
            <Height>16</Height>
            <MaxCharacters>64</MaxCharacters>
            <Data>Keep Name</Data>
            <ColorAdapter>realmwar_info_agramon</ColorAdapter>
            <Adapter>realmwar_info_agramon0</Adapter>
        </LabelDef>


        <LabelDef>
            <Position>
                <X>43</X>
                <Y>304</Y>
            </Position>
            <Color>
                <R>255</R>
                <G>255</G>
                <B>255</B>
                <A>255</A>
            </Color>
            <FontName>_whatisthisfont3</FontName>
            <Width>128</Width>
            <Height>16</Height>
            <MaxCharacters>64</MaxCharacters>
            <Data>Realm</Data>
            <ColorAdapter>realmwar_info_agramon</ColorAdapter>
            <Adapter>realmwar_info_agramon1</Adapter>
        </LabelDef>


        <LabelDef>
            <Position>
                <X>43</X>
                <Y>320</Y>
            </Position>
            <Color>
                <R>255</R>
                <G>255</G>
                <B>255</B>
                <A>255</A>
            </Color>
            <FontName>_whatisthisfont3</FontName>
            <Width>128</Width>
            <Height>16</Height>
            <MaxCharacters>64</MaxCharacters>
            <Data>Claimed by:</Data>
            <ColorAdapter>realmwar_info_agramon</ColorAdapter>
            <Adapter>realmwar_info_agramon2</Adapter>
        </LabelDef>


        <LabelDef>
            <Position>
                <X>43</X>
                <Y>336</Y>
            </Position>
            <Color>
                <R>255</R>
                <G>255</G>
                <B>255</B>
                <A>255</A>
            </Color>
            <FontName>_whatisthisfont3</FontName>
            <Width>128</Width>
            <Height>16</Height>
            <MaxCharacters>64</MaxCharacters>
            <Data>Claiming Guild</Data>
            <ColorAdapter>realmwar_info_agramon</ColorAdapter>
            <Adapter>realmwar_info_agramon3</Adapter>
        </LabelDef>


        <LabelDef>
            <Position>
                <X>43</X>
                <Y>352</Y>
            </Position>
            <Color>
                <R>255</R>
                <G>255</G>
                <B>255</B>
                <A>255</A>
            </Color>
            <FontName>_whatisthisfont3</FontName>
            <Width>128</Width>
            <Height>16</Height>
            <MaxCharacters>64</MaxCharacters>
            <Data>Under Siege</Data>
            <ColorAdapter>realmwar_info_agramon</ColorAdapter>
            <Adapter>realmwar_info_agramon4</Adapter>
        </LabelDef>


        <LabelDef>
            <Position>
                <X>43</X>
                <Y>368</Y>
            </Position>
            <Color>
                <R>255</R>
                <G>255</G>
                <B>255</B>
                <A>255</A>
            </Color>
            <FontName>_whatisthisfont3</FontName>
            <Width>128</Width>
            <Height>16</Height>
            <MaxCharacters>64</MaxCharacters>
            <Data>More Stuff Here</Data>
            <ColorAdapter>realmwar_info_agramon</ColorAdapter>
            <Adapter>realmwar_info_agramon5</Adapter>
        </LabelDef>


        <!--Realm Checks-->


        <!--These are run by ControlID-->


        <!--Buttons-->


        <ButtonDef>
            <ControlId>2010</ControlId>
            <Position>
                <X>43</X>
                <Y>3</Y>
            </Position>
            <Alignment>
                <TopLeft>true</TopLeft>
            </Alignment>
            <TemplateName>_witt_hr_button</TemplateName>
            <Label>Map Key</Label>
            <OnClickEvent>ToggleWarmapKey</OnClickEvent>
        </ButtonDef>


        <ButtonDef>
            <ControlId>2011</ControlId>
            <Position>
                <X>173</X>
                <Y>3</Y>
            </Position>
            <Alignment>
                <TopLeft>true</TopLeft>
            </Alignment>
            <TemplateName>_witt_hr_button</TemplateName>
            <Label>Update</Label>
            <OnClickEvent>WarmapUpdateBattles</OnClickEvent>
        </ButtonDef>


        <ButtonDef>
            <ControlId>2012</ControlId>
            <Position>
                <X>238</X>
                <Y>3</Y>
            </Position>
            <Alignment>
                <TopLeft>true</TopLeft>
            </Alignment>
            <TemplateName>_witt_hr_button</TemplateName>
            <Label>Teleport</Label>
            <OnClickEvent>WarmapTeleportRequest</OnClickEvent>
        </ButtonDef>


        <ButtonDef>
            <Position>
                <X>108</X>
                <Y>3</Y>
            </Position>
            <Alignment>
                <TopLeft>true</TopLeft>
            </Alignment>
            <TemplateName>_witt_hr_button</TemplateName>
            <Label>Bonuses</Label>
            <OnClickEvent>ToggleBonuses</OnClickEvent>
        </ButtonDef>


        <ImageAreaDef>
            <ControlId>1107</ControlId>
            <Position>
                <X>0</X>
                <Y>0</Y>
            </Position>
            <TemplateName>realmwar_selection</TemplateName>
        </ImageAreaDef>


        <ImageAreaDef>
            <ControlId>1200</ControlId>
            <Position>
                <X>0</X>
                <Y>0</Y>
            </Position>
            <TemplateName>realmwar_siege</TemplateName>
        </ImageAreaDef>


        <ImageAreaDef>
            <ControlId>1201</ControlId>
            <Position>
                <X>0</X>
                <Y>0</Y>
            </Position>
            <TemplateName>realmwar_siege</TemplateName>
        </ImageAreaDef>


        <ImageAreaDef>
            <ControlId>1202</ControlId>
            <Position>
                <X>0</X>
                <Y>0</Y>
            </Position>
            <TemplateName>realmwar_siege</TemplateName>
        </ImageAreaDef>


        <StatusIconDef>
            <ControlId>1400</ControlId>
            <Position>
                <X>0</X>
                <Y>0</Y>
            </Position>
            <TemplateName>realmwar_ruined_tower</TemplateName>
            <AdapterName></AdapterName>
        </StatusIconDef>


        <StatusIconDef>
            <ControlId>1401</ControlId>
            <Position>
                <X>0</X>
                <Y>0</Y>
            </Position>
            <TemplateName>realmwar_ruined_tower</TemplateName>
            <AdapterName></AdapterName>
        </StatusIconDef>


        <StatusIconDef>
            <ControlId>1402</ControlId>
            <Position>
                <X>0</X>
                <Y>0</Y>
            </Position>
            <TemplateName>realmwar_ruined_tower</TemplateName>
            <AdapterName></AdapterName>
        </StatusIconDef>


        <!--Active map elements here.  Note that order is important.-->


        <!--Discs-->


        <!--Fires-->


        <!--Small Battles-->


        <!--Medium Battles-->


        <!--Large Battles-->


        <!--Small Reports-->


        <!--Medium Reports-->


        <!--Large Reports-->


        <!--Towers-->


        <!--Keeps-->


        <!--Milegates-->


        <!--Player Position-->


        <ImageAreaDef>
            <ControlId>2013</ControlId>
            <Position>
                <X>0</X>
                <Y>0</Y>
            </Position>
            <Alignment>
                <TopLeft>true</TopLeft>
            </Alignment>
            <TemplateName>player_location</TemplateName>
        </ImageAreaDef>


        <InvisibleButtonDef>
            <ControlId>3400</ControlId>
            <Position>
                <X>0</X>
                <Y>0</Y>
            </Position>
            <Label></Label>
            <OnClickEvent>WarmapKeepSelect0</OnClickEvent>
            <Width>16</Width>
            <Height>16</Height>
        </InvisibleButtonDef>


        <InvisibleButtonDef>
            <ControlId>3401</ControlId>
            <Position>
                <X>0</X>
                <Y>0</Y>
            </Position>
            <Label></Label>
            <OnClickEvent>WarmapKeepSelect1</OnClickEvent>
            <Width>16</Width>
            <Height>16</Height>
        </InvisibleButtonDef>


        <InvisibleButtonDef>
            <ControlId>3402</ControlId>
            <Position>
                <X>0</X>
                <Y>0</Y>
            </Position>
            <Label></Label>
            <OnClickEvent>WarmapKeepSelect2</OnClickEvent>
            <Width>16</Width>
            <Height>16</Height>
        </InvisibleButtonDef>


        <!--Tower Hotspots-->


        <!--Keep Hotspots-->


    </WindowTemplate>


</Root_Element>
