<?xml version="1.0"?>
<Root_Element ID="DAOCUi">

<!-- @@ Edited with the DAoC User Interface Editor v1.80 -->
<!-- @@ Free download available at http://www.bradtownsend.com/daoced -->


    <WindowTemplate>
        <Name>group_options_window</Name>
        <WindowId></WindowId>
        <CloseButton>false</CloseButton>
        <MoveButton>false</MoveButton>
        <TopRightResizeButton>false</TopRightResizeButton>
        <BottomRightResizeButton>false</BottomRightResizeButton>
        <BottomLeftResizeButton>false</BottomLeftResizeButton>
        <ResizeButtonOffsetX>0</ResizeButtonOffsetX>
        <ResizeButtonOffsetY>0</ResizeButtonOffsetY>
        <TitleWidth>134</TitleWidth>
        <TitleHeight>8</TitleHeight>
        <Width>134</Width>
        <Height>64</Height>
        <ResizeableWidth>0</ResizeableWidth>
        <ResizeableHeight>0</ResizeableHeight>
        <ResizeableTwoWayWidth>0</ResizeableTwoWayWidth>
        <ResizeableTwoWayHeight>0</ResizeableTwoWayHeight>
        <MinWidth>0</MinWidth>
        <MinHeight>0</MinHeight>
        <ContextTemplateName></ContextTemplateName>


        <FullResizeImageDef>
            <ControlId>BackgroundImage</ControlId>
            <Position>
                <X>0</X>
                <Y>0</Y>
            </Position>
            <Alignment>
                <TopLeft>true</TopLeft>
            </Alignment>
            <TemplateName>dlg_background_1px</TemplateName>
            <Width>134</Width>
            <Height>64</Height>
        </FullResizeImageDef>


        <LabelDef>
            <ControlId>1004</ControlId>
            <Position>
                <X>5</X>
                <Y>2</Y>
            </Position>
            <Alignment>
                <TopLeft>true</TopLeft>
            </Alignment>
            <Color>
                <R>82</R>
                <G>217</G>
                <B>94</B>
                <A>255</A>
            </Color>
            <FontName>mini7</FontName>
            <Width>175</Width>
            <Height>16</Height>
            <MaxCharacters>64</MaxCharacters>
            <Data>LF PRIVATE RVR GROUP</Data>
        </LabelDef>


        <CheckBoxDef>
            <ControlId>1002</ControlId>
            <Position>
                <X>8</X>
                <Y>13</Y>
            </Position>
            <Alignment>
                <TopLeft>true</TopLeft>
            </Alignment>
            <TemplateName>generic_check</TemplateName>
            <AdapterName></AdapterName>
            <TextAdapterName></TextAdapterName>
            <Data>Casual Group</Data>
            <LabelWidth>180</LabelWidth>
            <OnClickEvent></OnClickEvent>
        </CheckBoxDef>


        <CheckBoxDef>
            <ControlId>1003</ControlId>
            <Position>
                <X>8</X>
                <Y>26</Y>
            </Position>
            <Alignment>
                <TopLeft>true</TopLeft>
            </Alignment>
            <TemplateName>generic_check</TemplateName>
            <AdapterName></AdapterName>
            <TextAdapterName></TextAdapterName>
            <Data>PvE Group</Data>
            <LabelWidth>180</LabelWidth>
            <OnClickEvent></OnClickEvent>
        </CheckBoxDef>


        <ButtonDef>
            <ControlId>1000</ControlId>
            <Position>
                <X>3</X>
                <Y>44</Y>
            </Position>
            <Alignment>
                <TopLeft>true</TopLeft>
            </Alignment>
            <TemplateName>button_small</TemplateName>
            <Label>SET</Label>
        </ButtonDef>


        <ButtonDef>
            <ControlId>1001</ControlId>
            <Position>
                <X>66</X>
                <Y>44</Y>
            </Position>
            <Alignment>
                <TopLeft>true</TopLeft>
            </Alignment>
            <TemplateName>button_small</TemplateName>
            <Label>CANCEL</Label>
        </ButtonDef>


    </WindowTemplate>


</Root_Element>
