<?xml version="1.0"?>
<Root_Element ID="DAOCUi">

<!-- @@ Edited with the DAoC User Interface Editor v1.80 -->
<!-- @@ Free download available at http://www.bradtownsend.com/daoced -->


    <WindowTemplate>
        <Name>interact</Name>
        <WindowId>Interact</WindowId>
        <CloseButton>true</CloseButton>
        <MoveButton>false</MoveButton>
        <TopRightResizeButton>false</TopRightResizeButton>
        <BottomRightResizeButton>true</BottomRightResizeButton>
        <BottomLeftResizeButton>false</BottomLeftResizeButton>
        <ResizeButtonOffsetX>0</ResizeButtonOffsetX>
        <ResizeButtonOffsetY>0</ResizeButtonOffsetY>
        <TitleWidth>384</TitleWidth>
        <TitleHeight>20</TitleHeight>
        <Width>384</Width>
        <Height>320</Height>
        <ResizeableWidth>5</ResizeableWidth>
        <ResizeableHeight>5</ResizeableHeight>
        <ResizeableTwoWayWidth>0</ResizeableTwoWayWidth>
        <ResizeableTwoWayHeight>0</ResizeableTwoWayHeight>
        <MinWidth>80</MinWidth>
        <MinHeight>80</MinHeight>
        <ContextTemplateName></ContextTemplateName>


        <FullResizeImageDef>
            <ControlId>Background</ControlId>
            <Position>
                <X>0</X>
                <Y>0</Y>
            </Position>
            <Alignment>
                <GrowWidth>true</GrowWidth>
                <GrowHeight>true</GrowHeight>
            </Alignment>
            <TemplateName>_witt_bg_80</TemplateName>
            <Width>384</Width>
            <Height>320</Height>
        </FullResizeImageDef>


        <TextAreaDef>
            <ControlId>1000</ControlId>
            <Position>
                <X>10</X>
                <Y>20</Y>
            </Position>
            <Alignment>
                <GrowWidth>true</GrowWidth>
                <GrowHeight>true</GrowHeight>
                <CenterHorizontally>true</CenterHorizontally>
            </Alignment>
            <TemplateName>_witt_textarea_80</TemplateName>
            <AdapterName>interact_text</AdapterName>
            <HasHotspots>true</HasHotspots>
            <MaxCharacters>32768</MaxCharacters>
            <Width>374</Width>
            <Height>295</Height>
        </TextAreaDef>


        <LabelDef>
            <Position>
                <X>0</X>
                <Y>5</Y>
            </Position>
            <Alignment>
                <CenterHorizontally>true</CenterHorizontally>
            </Alignment>
            <Color>
                <R>255</R>
                <G>255</G>
                <B>255</B>
                <A>255</A>
            </Color>
            <FontName>_whatisthisfont2</FontName>
            <Width>384</Width>
            <Height>16</Height>
            <MaxCharacters>128</MaxCharacters>
            <Data>update me!</Data>
            <Adapter>interact_title</Adapter>
        </LabelDef>


    </WindowTemplate>


</Root_Element>
