<?xml version="1.0"?>
<Root_Element ID="DAOCUi">

<!-- @@ Edited with the DAoC User Interface Editor v1.80 -->
<!-- @@ Free download available at http://www.bradtownsend.com/daoced -->


    <ListBoxTemplate>
        <Name>listbox_green_bg</Name>
        <LinePadding>4</LinePadding>
        <CellPadding>2</CellPadding>
        <LabelLength>128</LabelLength>
        <ScrollbarTemplate>g_vscrollbar</ScrollbarTemplate>
        <DrawScroll>true</DrawScroll>
        <ScrollbarTopOffset>0</ScrollbarTopOffset>
        <ScrollbarBottomOffset>0</ScrollbarBottomOffset>
        <ScrollbarRightOffset>0</ScrollbarRightOffset>
        <Sorting>false</Sorting>
        <BackgroundTemplate>none</BackgroundTemplate>
        <IconTemplate>plain_icon_small</IconTemplate>
        <TextFont>
            <Name>arial11</Name>
            <ColorNormal>
                <R>192</R>
                <G>192</G>
                <B>192</B>
                <A>255</A>
            </ColorNormal>
            <ColorHighlit>
                <R>0</R>
                <G>192</G>
                <B>0</B>
                <A>255</A>
            </ColorHighlit>
            <ColorGreyed>
                <R>127</R>
                <G>127</G>
                <B>127</B>
                <A>255</A>
            </ColorGreyed>
            <TextTopOffset>0</TextTopOffset>
            <TextBottomOffset>0</TextBottomOffset>
            <TextLeftOffset>0</TextLeftOffset>
            <TextRightOffset>0</TextRightOffset>
            <LineOffset>0</LineOffset>
        </TextFont>
            <IconSize>
                <X>16</X>
                <Y>16</Y>
            </IconSize>
    </ListBoxTemplate>


    <WindowTemplate>
        <Name>stats_spec_abil</Name>
        <WindowId>Stats_Spec_Abil</WindowId>
        <CloseButton>false</CloseButton>
        <MoveButton>false</MoveButton>
        <TopRightResizeButton>false</TopRightResizeButton>
        <BottomRightResizeButton>false</BottomRightResizeButton>
        <BottomLeftResizeButton>false</BottomLeftResizeButton>
        <ResizeButtonOffsetX>0</ResizeButtonOffsetX>
        <ResizeButtonOffsetY>0</ResizeButtonOffsetY>
        <TitleWidth>0</TitleWidth>
        <TitleHeight>0</TitleHeight>
        <Width>198</Width>
        <Height>380</Height>
        <ResizeableWidth>0</ResizeableWidth>
        <ResizeableHeight>0</ResizeableHeight>
        <ResizeableTwoWayWidth>0</ResizeableTwoWayWidth>
        <ResizeableTwoWayHeight>0</ResizeableTwoWayHeight>
        <MinWidth>0</MinWidth>
        <MinHeight>0</MinHeight>
        <ContextTemplateName></ContextTemplateName>


        <FullResizeImageDef>
            <Position>
                <X>0</X>
                <Y>0</Y>
            </Position>
            <TemplateName>_witt_bg_90</TemplateName>
            <Width>198</Width>
            <Height>380</Height>
        </FullResizeImageDef>


        <FullResizeImageDef>
            <Position>
                <X>0</X>
                <Y>0</Y>
            </Position>
            <TemplateName>_witt_bg_100</TemplateName>
            <Width>198</Width>
            <Height>19</Height>
        </FullResizeImageDef>


        <LabelDef>
            <Position>
                <X>0</X>
                <Y>4</Y>
            </Position>
            <Alignment>
                <CenterHorizontally>true</CenterHorizontally>
            </Alignment>
            <Color>
                <R>255</R>
                <G>255</G>
                <B>255</B>
                <A>255</A>
            </Color>
            <FontName>_whatisthisfont2</FontName>
            <Width>198</Width>
            <Height>15</Height>
            <MaxCharacters>128</MaxCharacters>
            <Data>SPECIALIZATIONS</Data>
            <TextCentered>true</TextCentered>
        </LabelDef>


        <ListBoxDef>
            <ControlId>1000</ControlId>
            <Position>
                <X>0</X>
                <Y>18</Y>
            </Position>
            <Alignment>
                <GrowWidth>true</GrowWidth>
                <GrowHeight>true</GrowHeight>
            </Alignment>
            <Width>198</Width>
            <Height>84</Height>
            <TemplateName>_witt_listbox_80</TemplateName>
            <AdapterName>stats_specs</AdapterName>
            <Sorting>false</Sorting>
            <Columns>2</Columns>
            <IconTemplate></IconTemplate>
            <ShowIndicator>false</ShowIndicator>
            <ShowDefaultToolTips>false</ShowDefaultToolTips>
            <OnHeaderClickEvent></OnHeaderClickEvent>
            <OnClickEvent></OnClickEvent>
        </ListBoxDef>


        <LabelDef>
            <ControlId>1003</ControlId>
            <Position>
                <X>5</X>
                <Y>102</Y>
            </Position>
            <Alignment>
                <OffsetRight>true</OffsetRight>
            </Alignment>
            <Color>
                <R>255</R>
                <G>215</G>
                <B>32</B>
                <A>255</A>
            </Color>
            <FontName>_whatisthisfont3</FontName>
            <Width>84</Width>
            <Height>20</Height>
            <MaxCharacters>20</MaxCharacters>
            <Data>pts: 300</Data>
            <Adapter>stats_spec_points</Adapter>
            <TextCentered>true</TextCentered>
        </LabelDef>


        <FullResizeImageDef>
            <Position>
                <X>0</X>
                <Y>117</Y>
            </Position>
            <TemplateName>_witt_bg_100</TemplateName>
            <Width>198</Width>
            <Height>19</Height>
        </FullResizeImageDef>


        <LabelDef>
            <Position>
                <X>0</X>
                <Y>121</Y>
            </Position>
            <Alignment>
                <CenterHorizontally>true</CenterHorizontally>
            </Alignment>
            <Color>
                <R>255</R>
                <G>255</G>
                <B>255</B>
                <A>255</A>
            </Color>
            <FontName>_whatisthisfont2</FontName>
            <Width>198</Width>
            <Height>15</Height>
            <MaxCharacters>128</MaxCharacters>
            <Data>ABILITIES</Data>
            <TextCentered>true</TextCentered>
        </LabelDef>


        <ListBoxDef>
            <ControlId>1001</ControlId>
            <Position>
                <X>0</X>
                <Y>135</Y>
            </Position>
            <Alignment>
                <GrowWidth>true</GrowWidth>
                <GrowHeight>true</GrowHeight>
            </Alignment>
            <Width>198</Width>
            <Height>114</Height>
            <TemplateName>_witt_listbox_80</TemplateName>
            <AdapterName>stats_abil</AdapterName>
            <Sorting>false</Sorting>
            <Columns>3</Columns>
            <IconTemplate></IconTemplate>
            <ShowIndicator>false</ShowIndicator>
            <ShowDefaultToolTips>false</ShowDefaultToolTips>
            <OnHeaderClickEvent></OnHeaderClickEvent>
            <OnClickEvent></OnClickEvent>
        </ListBoxDef>


        <FullResizeImageDef>
            <Position>
                <X>0</X>
                <Y>248</Y>
            </Position>
            <TemplateName>_witt_bg_100</TemplateName>
            <Width>198</Width>
            <Height>19</Height>
        </FullResizeImageDef>


        <LabelDef>
            <Position>
                <X>0</X>
                <Y>252</Y>
            </Position>
            <Alignment>
                <CenterHorizontally>true</CenterHorizontally>
            </Alignment>
            <Color>
                <R>255</R>
                <G>255</G>
                <B>255</B>
                <A>255</A>
            </Color>
            <FontName>_whatisthisfont2</FontName>
            <Width>198</Width>
            <Height>15</Height>
            <MaxCharacters>128</MaxCharacters>
            <Data>TRADESKILLS</Data>
            <TextCentered>true</TextCentered>
        </LabelDef>


        <ListBoxDef>
            <ControlId>1002</ControlId>
            <Position>
                <X>0</X>
                <Y>266</Y>
            </Position>
            <Alignment>
                <GrowWidth>true</GrowWidth>
                <GrowHeight>true</GrowHeight>
            </Alignment>
            <Width>198</Width>
            <Height>114</Height>
            <TemplateName>_witt_listbox_80</TemplateName>
            <AdapterName>stats_trades</AdapterName>
            <Sorting>false</Sorting>
            <Columns>2</Columns>
            <IconTemplate></IconTemplate>
            <ShowIndicator>false</ShowIndicator>
            <ShowDefaultToolTips>false</ShowDefaultToolTips>
            <OnHeaderClickEvent></OnHeaderClickEvent>
            <OnClickEvent></OnClickEvent>
        </ListBoxDef>


    </WindowTemplate>


</Root_Element>
