<?xml version="1.0"?>
<Root_Element ID="DAOCUi">

<!-- @@ Edited with the DAoC User Interface Editor v1.80 -->
<!-- @@ Free download available at http://www.bradtownsend.com/daoced -->


    <WindowTemplate>
        <Name>value_chooser</Name>
        <WindowId>ValueChooser</WindowId>
        <CloseButton>true</CloseButton>
        <MoveButton>false</MoveButton>
        <TopRightResizeButton>false</TopRightResizeButton>
        <BottomRightResizeButton>false</BottomRightResizeButton>
        <BottomLeftResizeButton>false</BottomLeftResizeButton>
        <ResizeButtonOffsetX>0</ResizeButtonOffsetX>
        <ResizeButtonOffsetY>0</ResizeButtonOffsetY>
        <TitleWidth>129</TitleWidth>
        <TitleHeight>18</TitleHeight>
        <Width>129</Width>
        <Height>48</Height>
        <ResizeableWidth>0</ResizeableWidth>
        <ResizeableHeight>0</ResizeableHeight>
        <ResizeableTwoWayWidth>0</ResizeableTwoWayWidth>
        <ResizeableTwoWayHeight>0</ResizeableTwoWayHeight>
        <MinWidth>0</MinWidth>
        <MinHeight>0</MinHeight>
        <ContextTemplateName></ContextTemplateName>


        <FullResizeImageDef>
            <Position>
                <X>0</X>
                <Y>0</Y>
            </Position>
            <TemplateName>_witt_bg_90</TemplateName>
            <Width>129</Width>
            <Height>50</Height>
        </FullResizeImageDef>


        <LabelDef>
            <Position>
                <X>0</X>
                <Y>1</Y>
            </Position>
            <Alignment>
                <CenterHorizontally>true</CenterHorizontally>
            </Alignment>
            <Color>
                <R>255</R>
                <G>255</G>
                <B>255</B>
                <A>255</A>
            </Color>
            <FontName>_whatisthisfont3</FontName>
            <Width>112</Width>
            <Height>16</Height>
            <MaxCharacters>64</MaxCharacters>
            <Data>update me!</Data>
            <Adapter>value_item_title</Adapter>
        </LabelDef>


        <ScalarLabelDef>
            <Position>
                <X>53</X>
                <Y>16</Y>
            </Position>
            <Alignment>
                <CenterHorizontally>true</CenterHorizontally>
            </Alignment>
            <FontName>_whatisthisfont3</FontName>
            <Width>25</Width>
            <Height>12</Height>
            <MaxCharacters>4</MaxCharacters>
            <Color>
                <R>255</R>
                <G>255</G>
                <B>255</B>
                <A>255</A>
            </Color>
            <Adapter>value_chooser_qty</Adapter>
        </ScalarLabelDef>


        <ButtonDef>
            <Position>
                <X>44</X>
                <Y>19</Y>
            </Position>
            <Alignment>
                <TopLeft>true</TopLeft>
            </Alignment>
            <TemplateName>_witt_button_left</TemplateName>
            <OnClickEvent>ValueChooserDecrease</OnClickEvent>
        </ButtonDef>


        <ButtonDef>
            <Position>
                <X>75</X>
                <Y>19</Y>
            </Position>
            <Alignment>
                <TopLeft>true</TopLeft>
            </Alignment>
            <TemplateName>_witt_button_right</TemplateName>
            <OnClickEvent>ValueChooserIncrease</OnClickEvent>
        </ButtonDef>


        <!--Commit Buttons-->


        <ButtonDef>
            <Position>
                <X>2</X>
                <Y>-2</Y>
            </Position>
            <Alignment>
                <OffsetBottom>true</OffsetBottom>
                <OffsetRight>true</OffsetRight>
            </Alignment>
            <TemplateName>_witt_hr_button</TemplateName>
            <Label>Accept</Label>
            <OnClickEvent>ValueChooserAccept</OnClickEvent>
        </ButtonDef>


        <ButtonDef>
            <Position>
                <X>2</X>
                <Y>-2</Y>
            </Position>
            <Alignment>
                <TopLeft>true</TopLeft>
                <OffsetBottom>true</OffsetBottom>
            </Alignment>
            <TemplateName>_witt_hr_button</TemplateName>
            <Label>Cancel</Label>
            <OnClickEvent>ValueChooserCancel</OnClickEvent>
        </ButtonDef>


    </WindowTemplate>


</Root_Element>
