<?xml version="1.0"?>
<Root_Element ID="DAOCUi">

<!-- @@ Edited with the DAoC User Interface Editor v1.80 -->
<!-- @@ Free download available at http://www.bradtownsend.com/daoced -->


    <WindowTemplate>
        <Name>help</Name>
        <WindowId>Help</WindowId>
        <CloseButton>true</CloseButton>
        <MoveButton>false</MoveButton>
        <TopRightResizeButton>false</TopRightResizeButton>
        <BottomRightResizeButton>true</BottomRightResizeButton>
        <BottomLeftResizeButton>true</BottomLeftResizeButton>
        <ResizeButtonOffsetX>0</ResizeButtonOffsetX>
        <ResizeButtonOffsetY>0</ResizeButtonOffsetY>
        <TitleWidth>290</TitleWidth>
        <TitleHeight>18</TitleHeight>
        <Width>290</Width>
        <Height>400</Height>
        <ResizeableWidth>5</ResizeableWidth>
        <ResizeableHeight>5</ResizeableHeight>
        <ResizeableTwoWayWidth>8</ResizeableTwoWayWidth>
        <ResizeableTwoWayHeight>8</ResizeableTwoWayHeight>
        <MinWidth>250</MinWidth>
        <MinHeight>150</MinHeight>
        <ContextTemplateName></ContextTemplateName>


        <FullResizeImageDef>
            <Position>
                <X>0</X>
                <Y>18</Y>
            </Position>
            <Alignment>
                <GrowWidth>true</GrowWidth>
                <GrowHeight>true</GrowHeight>
            </Alignment>
            <TemplateName>_witt_bg_90</TemplateName>
            <Width>290</Width>
            <Height>382</Height>
        </FullResizeImageDef>


        <FullResizeImageDef>
            <Position>
                <X>0</X>
                <Y>0</Y>
            </Position>
            <Alignment>
                <GrowWidth>true</GrowWidth>
            </Alignment>
            <TemplateName>_witt_bg_100</TemplateName>
            <Width>290</Width>
            <Height>19</Height>
        </FullResizeImageDef>


        <LabelDef>
            <ControlId>1006</ControlId>
            <Position>
                <X>0</X>
                <Y>4</Y>
            </Position>
            <Alignment>
                <GrowWidth>true</GrowWidth>
                <CenterHorizontally>true</CenterHorizontally>
            </Alignment>
            <Color>
                <R>255</R>
                <G>255</G>
                <B>255</B>
                <A>255</A>
            </Color>
            <FontName>_whatisthisfont2</FontName>
            <Width>290</Width>
            <Height>16</Height>
            <MaxCharacters>128</MaxCharacters>
            <Data>HELP</Data>
        </LabelDef>


        <CheckBoxDef>
            <ControlId>1001</ControlId>
            <Position>
                <X>2</X>
                <Y>3</Y>
            </Position>
            <Alignment>
                <OffsetBottom>true</OffsetBottom>
            </Alignment>
            <TemplateName>_witt_checkbox</TemplateName>
            <AdapterName></AdapterName>
            <TextAdapterName></TextAdapterName>
            <Data>Show help on startup?</Data>
            <LabelWidth>120</LabelWidth>
            <OnClickEvent></OnClickEvent>
        </CheckBoxDef>


        <TextAreaDef>
            <ControlId>1000</ControlId>
            <Position>
                <X>0</X>
                <Y>18</Y>
            </Position>
            <Alignment>
                <GrowWidth>true</GrowWidth>
                <GrowHeight>true</GrowHeight>
            </Alignment>
            <TemplateName>_witt_textarea</TemplateName>
            <AdapterName>help_text</AdapterName>
            <HasHotspots>true</HasHotspots>
            <MaxCharacters>32768</MaxCharacters>
            <Width>290</Width>
            <Height>361</Height>
        </TextAreaDef>


        <ButtonDef>
            <ControlId>1002</ControlId>
            <Position>
                <X>3</X>
                <Y>1</Y>
            </Position>
            <Alignment>
                <OffsetBottom>true</OffsetBottom>
                <OffsetRight>true</OffsetRight>
            </Alignment>
            <TemplateName>_witt_hr_button</TemplateName>
            <Label>OK</Label>
        </ButtonDef>


    </WindowTemplate>


</Root_Element>
