<?xml version="1.0"?>
<Root_Element ID="DAOCUi">

<!-- @@ Edited with the DAoC User Interface Editor v1.80 -->
<!-- @@ Free download available at http://www.bradtownsend.com/daoced -->


    <WindowTemplate>
        <Name>custom7_window</Name>
        <WindowId>custom7_window</WindowId>
        <CloseButton>false</CloseButton>
        <MoveButton>false</MoveButton>
        <TopRightResizeButton>false</TopRightResizeButton>
        <BottomRightResizeButton>false</BottomRightResizeButton>
        <BottomLeftResizeButton>false</BottomLeftResizeButton>
        <ResizeButtonOffsetX>0</ResizeButtonOffsetX>
        <ResizeButtonOffsetY>0</ResizeButtonOffsetY>
        <TitleWidth>0</TitleWidth>
        <TitleHeight>0</TitleHeight>
        <Width>371</Width>
        <Height>168</Height>
        <ResizeableWidth>0</ResizeableWidth>
        <ResizeableHeight>0</ResizeableHeight>
        <ResizeableTwoWayWidth>0</ResizeableTwoWayWidth>
        <ResizeableTwoWayHeight>0</ResizeableTwoWayHeight>
        <MinWidth>0</MinWidth>
        <MinHeight>0</MinHeight>
        <ContextTemplateName></ContextTemplateName>


        <StatusIconDef>
            <Position>
                <X>0</X>
                <Y>0</Y>
            </Position>
            <Alignment>
                <TopLeft>true</TopLeft>
            </Alignment>
            <TemplateName>hsi_bsn_colorblind</TemplateName>
            <AdapterName>group_health0</AdapterName>
        </StatusIconDef>


        <LabelDef>
            <Position>
                <X>2</X>
                <Y>2</Y>
            </Position>
            <Alignment>
                <TopLeft>true</TopLeft>
            </Alignment>
            <Color>
                <R>255</R>
                <G>255</G>
                <B>255</B>
                <A>255</A>
            </Color>
            <FontName>arial9ds</FontName>
            <Width>88</Width>
            <Height>12</Height>
            <MaxCharacters>31</MaxCharacters>
            <ColorAdapter>group_color0</ColorAdapter>
            <Adapter>group_name0</Adapter>
            <TextCentered>true</TextCentered>
        </LabelDef>


        <ScalarLabelDef>
            <Position>
                <X>2</X>
                <Y>72</Y>
            </Position>
            <Alignment>
                <TopLeft>true</TopLeft>
            </Alignment>
            <FontName>arial9ds</FontName>
            <Width>13</Width>
            <Height>12</Height>
            <MaxCharacters>3</MaxCharacters>
            <Color>
                <R>255</R>
                <G>255</G>
                <B>255</B>
                <A>196</A>
            </Color>
            <Adapter>group_level0</Adapter>
            <ColorAdapter>group_color0</ColorAdapter>
            <DontDrawWhenZero>true</DontDrawWhenZero>
            <DontDrawWhenNegOne>true</DontDrawWhenNegOne>
        </ScalarLabelDef>


        <LabelDef>
            <Position>
                <X>16</X>
                <Y>72</Y>
            </Position>
            <Alignment>
                <TopLeft>true</TopLeft>
            </Alignment>
            <Color>
                <R>255</R>
                <G>255</G>
                <B>255</B>
                <A>255</A>
            </Color>
            <FontName>arial9ds</FontName>
            <Width>63</Width>
            <Height>12</Height>
            <MaxCharacters>5</MaxCharacters>
            <ColorAdapter>group_color0</ColorAdapter>
            <Adapter>group_class0</Adapter>
        </LabelDef>


        <ScalarLabelDef>
            <Position>
                <X>2</X>
                <Y>23</Y>
            </Position>
            <Alignment>
                <TopLeft>true</TopLeft>
            </Alignment>
            <FontName>kr</FontName>
            <Width>88</Width>
            <Height>32</Height>
            <MaxCharacters>4</MaxCharacters>
            <Color>
                <R>255</R>
                <G>0</G>
                <B>0</B>
                <A>196</A>
            </Color>
            <Adapter>group_health0</Adapter>
            <TextCentered>true</TextCentered>
            <DontDrawWhenZero>true</DontDrawWhenZero>
            <DontDrawWhenNegOne>true</DontDrawWhenNegOne>
        </ScalarLabelDef>


        <ScalarLabelDef>
            <Position>
                <X>-22</X>
                <Y>43</Y>
            </Position>
            <Alignment>
                <TopLeft>true</TopLeft>
            </Alignment>
            <FontName>kr</FontName>
            <Width>88</Width>
            <Height>32</Height>
            <MaxCharacters>4</MaxCharacters>
            <Color>
                <R>0</R>
                <G>235</G>
                <B>0</B>
                <A>255</A>
            </Color>
            <Adapter>group_endurance0</Adapter>
            <TextCentered>true</TextCentered>
            <DontDrawWhenZero>true</DontDrawWhenZero>
            <DontDrawWhenNegOne>true</DontDrawWhenNegOne>
        </ScalarLabelDef>


        <ScalarLabelDef>
            <Position>
                <X>26</X>
                <Y>43</Y>
            </Position>
            <Alignment>
                <TopLeft>true</TopLeft>
            </Alignment>
            <FontName>kr</FontName>
            <Width>88</Width>
            <Height>32</Height>
            <MaxCharacters>4</MaxCharacters>
            <Color>
                <R>255</R>
                <G>255</G>
                <B>0</B>
                <A>196</A>
            </Color>
            <Adapter>group_power0</Adapter>
            <TextCentered>true</TextCentered>
            <DontDrawWhenZero>true</DontDrawWhenZero>
            <DontDrawWhenNegOne>true</DontDrawWhenNegOne>
        </ScalarLabelDef>


        <StatusIconDef>
            <Position>
                <X>93</X>
                <Y>0</Y>
            </Position>
            <Alignment>
                <TopLeft>true</TopLeft>
            </Alignment>
            <TemplateName>hsi_bsn_colorblind</TemplateName>
            <AdapterName>group_health1</AdapterName>
        </StatusIconDef>


        <LabelDef>
            <Position>
                <X>95</X>
                <Y>2</Y>
            </Position>
            <Alignment>
                <TopLeft>true</TopLeft>
            </Alignment>
            <Color>
                <R>255</R>
                <G>255</G>
                <B>255</B>
                <A>255</A>
            </Color>
            <FontName>arial9ds</FontName>
            <Width>88</Width>
            <Height>12</Height>
            <MaxCharacters>31</MaxCharacters>
            <ColorAdapter>group_color1</ColorAdapter>
            <Adapter>group_name1</Adapter>
            <TextCentered>true</TextCentered>
        </LabelDef>


        <ScalarLabelDef>
            <Position>
                <X>95</X>
                <Y>72</Y>
            </Position>
            <Alignment>
                <TopLeft>true</TopLeft>
            </Alignment>
            <FontName>arial9ds</FontName>
            <Width>13</Width>
            <Height>12</Height>
            <MaxCharacters>3</MaxCharacters>
            <Color>
                <R>255</R>
                <G>255</G>
                <B>255</B>
                <A>196</A>
            </Color>
            <Adapter>group_level1</Adapter>
            <ColorAdapter>group_color1</ColorAdapter>
            <DontDrawWhenZero>true</DontDrawWhenZero>
            <DontDrawWhenNegOne>true</DontDrawWhenNegOne>
        </ScalarLabelDef>


        <LabelDef>
            <Position>
                <X>109</X>
                <Y>72</Y>
            </Position>
            <Alignment>
                <TopLeft>true</TopLeft>
            </Alignment>
            <Color>
                <R>255</R>
                <G>255</G>
                <B>255</B>
                <A>255</A>
            </Color>
            <FontName>arial9ds</FontName>
            <Width>63</Width>
            <Height>12</Height>
            <MaxCharacters>5</MaxCharacters>
            <ColorAdapter>group_color1</ColorAdapter>
            <Adapter>group_class1</Adapter>
        </LabelDef>


        <ScalarLabelDef>
            <Position>
                <X>95</X>
                <Y>23</Y>
            </Position>
            <Alignment>
                <TopLeft>true</TopLeft>
            </Alignment>
            <FontName>kr</FontName>
            <Width>88</Width>
            <Height>32</Height>
            <MaxCharacters>4</MaxCharacters>
            <Color>
                <R>255</R>
                <G>0</G>
                <B>0</B>
                <A>196</A>
            </Color>
            <Adapter>group_health1</Adapter>
            <TextCentered>true</TextCentered>
            <DontDrawWhenZero>true</DontDrawWhenZero>
            <DontDrawWhenNegOne>true</DontDrawWhenNegOne>
        </ScalarLabelDef>


        <ScalarLabelDef>
            <Position>
                <X>71</X>
                <Y>43</Y>
            </Position>
            <Alignment>
                <TopLeft>true</TopLeft>
            </Alignment>
            <FontName>kr</FontName>
            <Width>88</Width>
            <Height>32</Height>
            <MaxCharacters>4</MaxCharacters>
            <Color>
                <R>0</R>
                <G>235</G>
                <B>0</B>
                <A>255</A>
            </Color>
            <Adapter>group_endurance1</Adapter>
            <TextCentered>true</TextCentered>
            <DontDrawWhenZero>true</DontDrawWhenZero>
            <DontDrawWhenNegOne>true</DontDrawWhenNegOne>
        </ScalarLabelDef>


        <ScalarLabelDef>
            <Position>
                <X>119</X>
                <Y>43</Y>
            </Position>
            <Alignment>
                <TopLeft>true</TopLeft>
            </Alignment>
            <FontName>kr</FontName>
            <Width>88</Width>
            <Height>32</Height>
            <MaxCharacters>4</MaxCharacters>
            <Color>
                <R>255</R>
                <G>255</G>
                <B>0</B>
                <A>196</A>
            </Color>
            <Adapter>group_power1</Adapter>
            <TextCentered>true</TextCentered>
            <DontDrawWhenZero>true</DontDrawWhenZero>
            <DontDrawWhenNegOne>true</DontDrawWhenNegOne>
        </ScalarLabelDef>


        <StatusIconDef>
            <Position>
                <X>186</X>
                <Y>0</Y>
            </Position>
            <Alignment>
                <TopLeft>true</TopLeft>
            </Alignment>
            <TemplateName>hsi_bsn_colorblind</TemplateName>
            <AdapterName>group_health2</AdapterName>
        </StatusIconDef>


        <LabelDef>
            <Position>
                <X>188</X>
                <Y>2</Y>
            </Position>
            <Alignment>
                <TopLeft>true</TopLeft>
            </Alignment>
            <Color>
                <R>255</R>
                <G>255</G>
                <B>255</B>
                <A>255</A>
            </Color>
            <FontName>arial9ds</FontName>
            <Width>88</Width>
            <Height>12</Height>
            <MaxCharacters>31</MaxCharacters>
            <ColorAdapter>group_color2</ColorAdapter>
            <Adapter>group_name2</Adapter>
            <TextCentered>true</TextCentered>
        </LabelDef>


        <ScalarLabelDef>
            <Position>
                <X>188</X>
                <Y>72</Y>
            </Position>
            <Alignment>
                <TopLeft>true</TopLeft>
            </Alignment>
            <FontName>arial9ds</FontName>
            <Width>13</Width>
            <Height>12</Height>
            <MaxCharacters>3</MaxCharacters>
            <Color>
                <R>255</R>
                <G>255</G>
                <B>255</B>
                <A>196</A>
            </Color>
            <Adapter>group_level2</Adapter>
            <ColorAdapter>group_color2</ColorAdapter>
            <DontDrawWhenZero>true</DontDrawWhenZero>
            <DontDrawWhenNegOne>true</DontDrawWhenNegOne>
        </ScalarLabelDef>


        <LabelDef>
            <Position>
                <X>202</X>
                <Y>72</Y>
            </Position>
            <Alignment>
                <TopLeft>true</TopLeft>
            </Alignment>
            <Color>
                <R>255</R>
                <G>255</G>
                <B>255</B>
                <A>255</A>
            </Color>
            <FontName>arial9ds</FontName>
            <Width>63</Width>
            <Height>12</Height>
            <MaxCharacters>5</MaxCharacters>
            <ColorAdapter>group_color2</ColorAdapter>
            <Adapter>group_class2</Adapter>
        </LabelDef>


        <ScalarLabelDef>
            <Position>
                <X>188</X>
                <Y>23</Y>
            </Position>
            <Alignment>
                <TopLeft>true</TopLeft>
            </Alignment>
            <FontName>kr</FontName>
            <Width>88</Width>
            <Height>32</Height>
            <MaxCharacters>4</MaxCharacters>
            <Color>
                <R>255</R>
                <G>0</G>
                <B>0</B>
                <A>196</A>
            </Color>
            <Adapter>group_health2</Adapter>
            <TextCentered>true</TextCentered>
            <DontDrawWhenZero>true</DontDrawWhenZero>
            <DontDrawWhenNegOne>true</DontDrawWhenNegOne>
        </ScalarLabelDef>


        <ScalarLabelDef>
            <Position>
                <X>164</X>
                <Y>43</Y>
            </Position>
            <Alignment>
                <TopLeft>true</TopLeft>
            </Alignment>
            <FontName>kr</FontName>
            <Width>88</Width>
            <Height>32</Height>
            <MaxCharacters>4</MaxCharacters>
            <Color>
                <R>0</R>
                <G>235</G>
                <B>0</B>
                <A>255</A>
            </Color>
            <Adapter>group_endurance2</Adapter>
            <TextCentered>true</TextCentered>
            <DontDrawWhenZero>true</DontDrawWhenZero>
            <DontDrawWhenNegOne>true</DontDrawWhenNegOne>
        </ScalarLabelDef>


        <ScalarLabelDef>
            <Position>
                <X>212</X>
                <Y>43</Y>
            </Position>
            <Alignment>
                <TopLeft>true</TopLeft>
            </Alignment>
            <FontName>kr</FontName>
            <Width>88</Width>
            <Height>32</Height>
            <MaxCharacters>4</MaxCharacters>
            <Color>
                <R>255</R>
                <G>255</G>
                <B>0</B>
                <A>196</A>
            </Color>
            <Adapter>group_power2</Adapter>
            <TextCentered>true</TextCentered>
            <DontDrawWhenZero>true</DontDrawWhenZero>
            <DontDrawWhenNegOne>true</DontDrawWhenNegOne>
        </ScalarLabelDef>


        <StatusIconDef>
            <Position>
                <X>279</X>
                <Y>0</Y>
            </Position>
            <Alignment>
                <TopLeft>true</TopLeft>
            </Alignment>
            <TemplateName>hsi_bsn_colorblind</TemplateName>
            <AdapterName>group_health3</AdapterName>
        </StatusIconDef>


        <LabelDef>
            <Position>
                <X>281</X>
                <Y>2</Y>
            </Position>
            <Alignment>
                <TopLeft>true</TopLeft>
            </Alignment>
            <Color>
                <R>255</R>
                <G>255</G>
                <B>255</B>
                <A>255</A>
            </Color>
            <FontName>arial9ds</FontName>
            <Width>88</Width>
            <Height>12</Height>
            <MaxCharacters>31</MaxCharacters>
            <ColorAdapter>group_color3</ColorAdapter>
            <Adapter>group_name3</Adapter>
            <TextCentered>true</TextCentered>
        </LabelDef>


        <ScalarLabelDef>
            <Position>
                <X>281</X>
                <Y>72</Y>
            </Position>
            <Alignment>
                <TopLeft>true</TopLeft>
            </Alignment>
            <FontName>arial9ds</FontName>
            <Width>13</Width>
            <Height>12</Height>
            <MaxCharacters>3</MaxCharacters>
            <Color>
                <R>255</R>
                <G>255</G>
                <B>255</B>
                <A>196</A>
            </Color>
            <Adapter>group_level3</Adapter>
            <ColorAdapter>group_color3</ColorAdapter>
            <DontDrawWhenZero>true</DontDrawWhenZero>
            <DontDrawWhenNegOne>true</DontDrawWhenNegOne>
        </ScalarLabelDef>


        <LabelDef>
            <Position>
                <X>295</X>
                <Y>72</Y>
            </Position>
            <Alignment>
                <TopLeft>true</TopLeft>
            </Alignment>
            <Color>
                <R>255</R>
                <G>255</G>
                <B>255</B>
                <A>255</A>
            </Color>
            <FontName>arial9ds</FontName>
            <Width>63</Width>
            <Height>12</Height>
            <MaxCharacters>5</MaxCharacters>
            <ColorAdapter>group_color3</ColorAdapter>
            <Adapter>group_class3</Adapter>
        </LabelDef>


        <ScalarLabelDef>
            <Position>
                <X>281</X>
                <Y>23</Y>
            </Position>
            <Alignment>
                <TopLeft>true</TopLeft>
            </Alignment>
            <FontName>kr</FontName>
            <Width>88</Width>
            <Height>32</Height>
            <MaxCharacters>4</MaxCharacters>
            <Color>
                <R>255</R>
                <G>0</G>
                <B>0</B>
                <A>196</A>
            </Color>
            <Adapter>group_health3</Adapter>
            <TextCentered>true</TextCentered>
            <DontDrawWhenZero>true</DontDrawWhenZero>
            <DontDrawWhenNegOne>true</DontDrawWhenNegOne>
        </ScalarLabelDef>


        <ScalarLabelDef>
            <Position>
                <X>257</X>
                <Y>43</Y>
            </Position>
            <Alignment>
                <TopLeft>true</TopLeft>
            </Alignment>
            <FontName>kr</FontName>
            <Width>88</Width>
            <Height>32</Height>
            <MaxCharacters>4</MaxCharacters>
            <Color>
                <R>0</R>
                <G>235</G>
                <B>0</B>
                <A>255</A>
            </Color>
            <Adapter>group_endurance3</Adapter>
            <TextCentered>true</TextCentered>
            <DontDrawWhenZero>true</DontDrawWhenZero>
            <DontDrawWhenNegOne>true</DontDrawWhenNegOne>
        </ScalarLabelDef>


        <ScalarLabelDef>
            <Position>
                <X>305</X>
                <Y>43</Y>
            </Position>
            <Alignment>
                <TopLeft>true</TopLeft>
            </Alignment>
            <FontName>kr</FontName>
            <Width>88</Width>
            <Height>32</Height>
            <MaxCharacters>4</MaxCharacters>
            <Color>
                <R>255</R>
                <G>255</G>
                <B>0</B>
                <A>196</A>
            </Color>
            <Adapter>group_power3</Adapter>
            <TextCentered>true</TextCentered>
            <DontDrawWhenZero>true</DontDrawWhenZero>
            <DontDrawWhenNegOne>true</DontDrawWhenNegOne>
        </ScalarLabelDef>


        <StatusIconDef>
            <Position>
                <X>0</X>
                <Y>85</Y>
            </Position>
            <Alignment>
                <TopLeft>true</TopLeft>
            </Alignment>
            <TemplateName>hsi_bsn_colorblind</TemplateName>
            <AdapterName>group_health4</AdapterName>
        </StatusIconDef>


        <LabelDef>
            <Position>
                <X>2</X>
                <Y>86</Y>
            </Position>
            <Alignment>
                <TopLeft>true</TopLeft>
            </Alignment>
            <Color>
                <R>255</R>
                <G>255</G>
                <B>255</B>
                <A>255</A>
            </Color>
            <FontName>arial9ds</FontName>
            <Width>88</Width>
            <Height>12</Height>
            <MaxCharacters>31</MaxCharacters>
            <ColorAdapter>group_color4</ColorAdapter>
            <Adapter>group_name4</Adapter>
            <TextCentered>true</TextCentered>
        </LabelDef>


        <ScalarLabelDef>
            <Position>
                <X>2</X>
                <Y>157</Y>
            </Position>
            <Alignment>
                <TopLeft>true</TopLeft>
            </Alignment>
            <FontName>arial9ds</FontName>
            <Width>13</Width>
            <Height>12</Height>
            <MaxCharacters>3</MaxCharacters>
            <Color>
                <R>255</R>
                <G>255</G>
                <B>255</B>
                <A>196</A>
            </Color>
            <Adapter>group_level4</Adapter>
            <ColorAdapter>group_color4</ColorAdapter>
            <DontDrawWhenZero>true</DontDrawWhenZero>
            <DontDrawWhenNegOne>true</DontDrawWhenNegOne>
        </ScalarLabelDef>


        <LabelDef>
            <Position>
                <X>16</X>
                <Y>157</Y>
            </Position>
            <Alignment>
                <TopLeft>true</TopLeft>
            </Alignment>
            <Color>
                <R>255</R>
                <G>255</G>
                <B>255</B>
                <A>255</A>
            </Color>
            <FontName>arial9ds</FontName>
            <Width>63</Width>
            <Height>12</Height>
            <MaxCharacters>5</MaxCharacters>
            <ColorAdapter>group_color4</ColorAdapter>
            <Adapter>group_class4</Adapter>
        </LabelDef>


        <ScalarLabelDef>
            <Position>
                <X>2</X>
                <Y>108</Y>
            </Position>
            <Alignment>
                <TopLeft>true</TopLeft>
            </Alignment>
            <FontName>kr</FontName>
            <Width>88</Width>
            <Height>32</Height>
            <MaxCharacters>4</MaxCharacters>
            <Color>
                <R>255</R>
                <G>0</G>
                <B>0</B>
                <A>196</A>
            </Color>
            <Adapter>group_health4</Adapter>
            <TextCentered>true</TextCentered>
            <DontDrawWhenZero>true</DontDrawWhenZero>
            <DontDrawWhenNegOne>true</DontDrawWhenNegOne>
        </ScalarLabelDef>


        <ScalarLabelDef>
            <Position>
                <X>-22</X>
                <Y>128</Y>
            </Position>
            <Alignment>
                <TopLeft>true</TopLeft>
            </Alignment>
            <FontName>kr</FontName>
            <Width>88</Width>
            <Height>32</Height>
            <MaxCharacters>4</MaxCharacters>
            <Color>
                <R>0</R>
                <G>235</G>
                <B>0</B>
                <A>255</A>
            </Color>
            <Adapter>group_endurance4</Adapter>
            <TextCentered>true</TextCentered>
            <DontDrawWhenZero>true</DontDrawWhenZero>
            <DontDrawWhenNegOne>true</DontDrawWhenNegOne>
        </ScalarLabelDef>


        <ScalarLabelDef>
            <Position>
                <X>26</X>
                <Y>128</Y>
            </Position>
            <Alignment>
                <TopLeft>true</TopLeft>
            </Alignment>
            <FontName>kr</FontName>
            <Width>88</Width>
            <Height>32</Height>
            <MaxCharacters>4</MaxCharacters>
            <Color>
                <R>255</R>
                <G>255</G>
                <B>0</B>
                <A>196</A>
            </Color>
            <Adapter>group_power4</Adapter>
            <TextCentered>true</TextCentered>
            <DontDrawWhenZero>true</DontDrawWhenZero>
            <DontDrawWhenNegOne>true</DontDrawWhenNegOne>
        </ScalarLabelDef>


        <StatusIconDef>
            <Position>
                <X>93</X>
                <Y>85</Y>
            </Position>
            <Alignment>
                <TopLeft>true</TopLeft>
            </Alignment>
            <TemplateName>hsi_bsn_colorblind</TemplateName>
            <AdapterName>group_health5</AdapterName>
        </StatusIconDef>


        <LabelDef>
            <Position>
                <X>95</X>
                <Y>86</Y>
            </Position>
            <Alignment>
                <TopLeft>true</TopLeft>
            </Alignment>
            <Color>
                <R>255</R>
                <G>255</G>
                <B>255</B>
                <A>255</A>
            </Color>
            <FontName>arial9ds</FontName>
            <Width>88</Width>
            <Height>12</Height>
            <MaxCharacters>31</MaxCharacters>
            <ColorAdapter>group_color5</ColorAdapter>
            <Adapter>group_name5</Adapter>
            <TextCentered>true</TextCentered>
        </LabelDef>


        <ScalarLabelDef>
            <Position>
                <X>95</X>
                <Y>157</Y>
            </Position>
            <Alignment>
                <TopLeft>true</TopLeft>
            </Alignment>
            <FontName>arial9ds</FontName>
            <Width>13</Width>
            <Height>12</Height>
            <MaxCharacters>3</MaxCharacters>
            <Color>
                <R>255</R>
                <G>255</G>
                <B>255</B>
                <A>196</A>
            </Color>
            <Adapter>group_level5</Adapter>
            <ColorAdapter>group_color5</ColorAdapter>
            <DontDrawWhenZero>true</DontDrawWhenZero>
            <DontDrawWhenNegOne>true</DontDrawWhenNegOne>
        </ScalarLabelDef>


        <LabelDef>
            <Position>
                <X>109</X>
                <Y>157</Y>
            </Position>
            <Alignment>
                <TopLeft>true</TopLeft>
            </Alignment>
            <Color>
                <R>255</R>
                <G>255</G>
                <B>255</B>
                <A>255</A>
            </Color>
            <FontName>arial9ds</FontName>
            <Width>63</Width>
            <Height>12</Height>
            <MaxCharacters>5</MaxCharacters>
            <ColorAdapter>group_color5</ColorAdapter>
            <Adapter>group_class5</Adapter>
        </LabelDef>


        <ScalarLabelDef>
            <Position>
                <X>95</X>
                <Y>108</Y>
            </Position>
            <Alignment>
                <TopLeft>true</TopLeft>
            </Alignment>
            <FontName>kr</FontName>
            <Width>88</Width>
            <Height>32</Height>
            <MaxCharacters>4</MaxCharacters>
            <Color>
                <R>255</R>
                <G>0</G>
                <B>0</B>
                <A>196</A>
            </Color>
            <Adapter>group_health5</Adapter>
            <TextCentered>true</TextCentered>
            <DontDrawWhenZero>true</DontDrawWhenZero>
            <DontDrawWhenNegOne>true</DontDrawWhenNegOne>
        </ScalarLabelDef>


        <ScalarLabelDef>
            <Position>
                <X>71</X>
                <Y>128</Y>
            </Position>
            <Alignment>
                <TopLeft>true</TopLeft>
            </Alignment>
            <FontName>kr</FontName>
            <Width>88</Width>
            <Height>32</Height>
            <MaxCharacters>4</MaxCharacters>
            <Color>
                <R>0</R>
                <G>235</G>
                <B>0</B>
                <A>255</A>
            </Color>
            <Adapter>group_endurance5</Adapter>
            <TextCentered>true</TextCentered>
            <DontDrawWhenZero>true</DontDrawWhenZero>
            <DontDrawWhenNegOne>true</DontDrawWhenNegOne>
        </ScalarLabelDef>


        <ScalarLabelDef>
            <Position>
                <X>119</X>
                <Y>128</Y>
            </Position>
            <Alignment>
                <TopLeft>true</TopLeft>
            </Alignment>
            <FontName>kr</FontName>
            <Width>88</Width>
            <Height>32</Height>
            <MaxCharacters>4</MaxCharacters>
            <Color>
                <R>255</R>
                <G>255</G>
                <B>0</B>
                <A>196</A>
            </Color>
            <Adapter>group_power5</Adapter>
            <TextCentered>true</TextCentered>
            <DontDrawWhenZero>true</DontDrawWhenZero>
            <DontDrawWhenNegOne>true</DontDrawWhenNegOne>
        </ScalarLabelDef>


        <StatusIconDef>
            <Position>
                <X>186</X>
                <Y>85</Y>
            </Position>
            <Alignment>
                <TopLeft>true</TopLeft>
            </Alignment>
            <TemplateName>hsi_bsn_colorblind</TemplateName>
            <AdapterName>group_health6</AdapterName>
        </StatusIconDef>


        <LabelDef>
            <Position>
                <X>188</X>
                <Y>86</Y>
            </Position>
            <Alignment>
                <TopLeft>true</TopLeft>
            </Alignment>
            <Color>
                <R>255</R>
                <G>255</G>
                <B>255</B>
                <A>255</A>
            </Color>
            <FontName>arial9ds</FontName>
            <Width>88</Width>
            <Height>12</Height>
            <MaxCharacters>31</MaxCharacters>
            <ColorAdapter>group_color6</ColorAdapter>
            <Adapter>group_name6</Adapter>
            <TextCentered>true</TextCentered>
        </LabelDef>


        <ScalarLabelDef>
            <Position>
                <X>188</X>
                <Y>157</Y>
            </Position>
            <Alignment>
                <TopLeft>true</TopLeft>
            </Alignment>
            <FontName>arial9ds</FontName>
            <Width>13</Width>
            <Height>12</Height>
            <MaxCharacters>3</MaxCharacters>
            <Color>
                <R>255</R>
                <G>255</G>
                <B>255</B>
                <A>196</A>
            </Color>
            <Adapter>group_level6</Adapter>
            <ColorAdapter>group_color6</ColorAdapter>
            <DontDrawWhenZero>true</DontDrawWhenZero>
            <DontDrawWhenNegOne>true</DontDrawWhenNegOne>
        </ScalarLabelDef>


        <LabelDef>
            <Position>
                <X>202</X>
                <Y>157</Y>
            </Position>
            <Alignment>
                <TopLeft>true</TopLeft>
            </Alignment>
            <Color>
                <R>255</R>
                <G>255</G>
                <B>255</B>
                <A>255</A>
            </Color>
            <FontName>arial9ds</FontName>
            <Width>63</Width>
            <Height>12</Height>
            <MaxCharacters>5</MaxCharacters>
            <ColorAdapter>group_color6</ColorAdapter>
            <Adapter>group_class6</Adapter>
        </LabelDef>


        <ScalarLabelDef>
            <Position>
                <X>188</X>
                <Y>108</Y>
            </Position>
            <Alignment>
                <TopLeft>true</TopLeft>
            </Alignment>
            <FontName>kr</FontName>
            <Width>88</Width>
            <Height>32</Height>
            <MaxCharacters>4</MaxCharacters>
            <Color>
                <R>255</R>
                <G>0</G>
                <B>0</B>
                <A>196</A>
            </Color>
            <Adapter>group_health6</Adapter>
            <TextCentered>true</TextCentered>
            <DontDrawWhenZero>true</DontDrawWhenZero>
            <DontDrawWhenNegOne>true</DontDrawWhenNegOne>
        </ScalarLabelDef>


        <ScalarLabelDef>
            <Position>
                <X>164</X>
                <Y>128</Y>
            </Position>
            <Alignment>
                <TopLeft>true</TopLeft>
            </Alignment>
            <FontName>kr</FontName>
            <Width>88</Width>
            <Height>32</Height>
            <MaxCharacters>4</MaxCharacters>
            <Color>
                <R>0</R>
                <G>235</G>
                <B>0</B>
                <A>255</A>
            </Color>
            <Adapter>group_endurance6</Adapter>
            <TextCentered>true</TextCentered>
            <DontDrawWhenZero>true</DontDrawWhenZero>
            <DontDrawWhenNegOne>true</DontDrawWhenNegOne>
        </ScalarLabelDef>


        <ScalarLabelDef>
            <Position>
                <X>212</X>
                <Y>128</Y>
            </Position>
            <Alignment>
                <TopLeft>true</TopLeft>
            </Alignment>
            <FontName>kr</FontName>
            <Width>88</Width>
            <Height>32</Height>
            <MaxCharacters>4</MaxCharacters>
            <Color>
                <R>255</R>
                <G>255</G>
                <B>0</B>
                <A>196</A>
            </Color>
            <Adapter>group_power6</Adapter>
            <TextCentered>true</TextCentered>
            <DontDrawWhenZero>true</DontDrawWhenZero>
            <DontDrawWhenNegOne>true</DontDrawWhenNegOne>
        </ScalarLabelDef>


        <StatusIconDef>
            <Position>
                <X>279</X>
                <Y>85</Y>
            </Position>
            <Alignment>
                <TopLeft>true</TopLeft>
            </Alignment>
            <TemplateName>hsi_bsn_colorblind</TemplateName>
            <AdapterName>group_health7</AdapterName>
        </StatusIconDef>


        <LabelDef>
            <Position>
                <X>281</X>
                <Y>86</Y>
            </Position>
            <Alignment>
                <TopLeft>true</TopLeft>
            </Alignment>
            <Color>
                <R>255</R>
                <G>255</G>
                <B>255</B>
                <A>255</A>
            </Color>
            <FontName>arial9ds</FontName>
            <Width>88</Width>
            <Height>12</Height>
            <MaxCharacters>31</MaxCharacters>
            <ColorAdapter>group_color7</ColorAdapter>
            <Adapter>group_name7</Adapter>
            <TextCentered>true</TextCentered>
        </LabelDef>


        <ScalarLabelDef>
            <Position>
                <X>281</X>
                <Y>157</Y>
            </Position>
            <Alignment>
                <TopLeft>true</TopLeft>
            </Alignment>
            <FontName>arial9ds</FontName>
            <Width>13</Width>
            <Height>12</Height>
            <MaxCharacters>3</MaxCharacters>
            <Color>
                <R>255</R>
                <G>255</G>
                <B>255</B>
                <A>196</A>
            </Color>
            <Adapter>group_level7</Adapter>
            <ColorAdapter>group_color7</ColorAdapter>
            <DontDrawWhenZero>true</DontDrawWhenZero>
            <DontDrawWhenNegOne>true</DontDrawWhenNegOne>
        </ScalarLabelDef>


        <LabelDef>
            <Position>
                <X>295</X>
                <Y>157</Y>
            </Position>
            <Alignment>
                <TopLeft>true</TopLeft>
            </Alignment>
            <Color>
                <R>255</R>
                <G>255</G>
                <B>255</B>
                <A>255</A>
            </Color>
            <FontName>arial9ds</FontName>
            <Width>63</Width>
            <Height>12</Height>
            <MaxCharacters>5</MaxCharacters>
            <ColorAdapter>group_color7</ColorAdapter>
            <Adapter>group_class7</Adapter>
        </LabelDef>


        <ScalarLabelDef>
            <Position>
                <X>281</X>
                <Y>108</Y>
            </Position>
            <Alignment>
                <TopLeft>true</TopLeft>
            </Alignment>
            <FontName>kr</FontName>
            <Width>88</Width>
            <Height>32</Height>
            <MaxCharacters>4</MaxCharacters>
            <Color>
                <R>255</R>
                <G>0</G>
                <B>0</B>
                <A>196</A>
            </Color>
            <Adapter>group_health7</Adapter>
            <TextCentered>true</TextCentered>
            <DontDrawWhenZero>true</DontDrawWhenZero>
            <DontDrawWhenNegOne>true</DontDrawWhenNegOne>
        </ScalarLabelDef>


        <ScalarLabelDef>
            <Position>
                <X>257</X>
                <Y>128</Y>
            </Position>
            <Alignment>
                <TopLeft>true</TopLeft>
            </Alignment>
            <FontName>kr</FontName>
            <Width>88</Width>
            <Height>32</Height>
            <MaxCharacters>4</MaxCharacters>
            <Color>
                <R>0</R>
                <G>235</G>
                <B>0</B>
                <A>255</A>
            </Color>
            <Adapter>group_endurance7</Adapter>
            <TextCentered>true</TextCentered>
            <DontDrawWhenZero>true</DontDrawWhenZero>
            <DontDrawWhenNegOne>true</DontDrawWhenNegOne>
        </ScalarLabelDef>


        <ScalarLabelDef>
            <Position>
                <X>305</X>
                <Y>128</Y>
            </Position>
            <Alignment>
                <TopLeft>true</TopLeft>
            </Alignment>
            <FontName>kr</FontName>
            <Width>88</Width>
            <Height>32</Height>
            <MaxCharacters>4</MaxCharacters>
            <Color>
                <R>255</R>
                <G>255</G>
                <B>0</B>
                <A>196</A>
            </Color>
            <Adapter>group_power7</Adapter>
            <TextCentered>true</TextCentered>
            <DontDrawWhenZero>true</DontDrawWhenZero>
            <DontDrawWhenNegOne>true</DontDrawWhenNegOne>
        </ScalarLabelDef>


        <StatusIconDef>
            <Position>
                <X>0</X>
                <Y>0</Y>
            </Position>
            <Alignment>
                <TopLeft>true</TopLeft>
            </Alignment>
            <TemplateName>health_status_mez5</TemplateName>
            <AdapterName>group_status0</AdapterName>
        </StatusIconDef>


        <StatusIconDef>
            <Position>
                <X>93</X>
                <Y>0</Y>
            </Position>
            <Alignment>
                <TopLeft>true</TopLeft>
            </Alignment>
            <TemplateName>health_status_mez5</TemplateName>
            <AdapterName>group_status1</AdapterName>
        </StatusIconDef>


        <StatusIconDef>
            <Position>
                <X>186</X>
                <Y>0</Y>
            </Position>
            <Alignment>
                <TopLeft>true</TopLeft>
            </Alignment>
            <TemplateName>health_status_mez5</TemplateName>
            <AdapterName>group_status2</AdapterName>
        </StatusIconDef>


        <StatusIconDef>
            <Position>
                <X>279</X>
                <Y>0</Y>
            </Position>
            <Alignment>
                <TopLeft>true</TopLeft>
            </Alignment>
            <TemplateName>health_status_mez5</TemplateName>
            <AdapterName>group_status3</AdapterName>
        </StatusIconDef>


        <StatusIconDef>
            <Position>
                <X>0</X>
                <Y>85</Y>
            </Position>
            <Alignment>
                <TopLeft>true</TopLeft>
            </Alignment>
            <TemplateName>health_status_mez5</TemplateName>
            <AdapterName>group_status4</AdapterName>
        </StatusIconDef>


        <StatusIconDef>
            <Position>
                <X>93</X>
                <Y>85</Y>
            </Position>
            <Alignment>
                <TopLeft>true</TopLeft>
            </Alignment>
            <TemplateName>health_status_mez5</TemplateName>
            <AdapterName>group_status5</AdapterName>
        </StatusIconDef>


        <StatusIconDef>
            <Position>
                <X>186</X>
                <Y>85</Y>
            </Position>
            <Alignment>
                <TopLeft>true</TopLeft>
            </Alignment>
            <TemplateName>health_status_mez5</TemplateName>
            <AdapterName>group_status6</AdapterName>
        </StatusIconDef>


        <StatusIconDef>
            <Position>
                <X>279</X>
                <Y>85</Y>
            </Position>
            <Alignment>
                <TopLeft>true</TopLeft>
            </Alignment>
            <TemplateName>health_status_mez5</TemplateName>
            <AdapterName>group_status7</AdapterName>
        </StatusIconDef>


        <StatusIconDef>
            <Position>
                <X>0</X>
                <Y>0</Y>
            </Position>
            <Alignment>
                <TopLeft>true</TopLeft>
            </Alignment>
            <TemplateName>health_status_diz5</TemplateName>
            <AdapterName>group_status0</AdapterName>
        </StatusIconDef>


        <StatusIconDef>
            <Position>
                <X>93</X>
                <Y>0</Y>
            </Position>
            <Alignment>
                <TopLeft>true</TopLeft>
            </Alignment>
            <TemplateName>health_status_diz5</TemplateName>
            <AdapterName>group_status1</AdapterName>
        </StatusIconDef>


        <StatusIconDef>
            <Position>
                <X>186</X>
                <Y>0</Y>
            </Position>
            <Alignment>
                <TopLeft>true</TopLeft>
            </Alignment>
            <TemplateName>health_status_diz5</TemplateName>
            <AdapterName>group_status2</AdapterName>
        </StatusIconDef>


        <StatusIconDef>
            <Position>
                <X>279</X>
                <Y>0</Y>
            </Position>
            <Alignment>
                <TopLeft>true</TopLeft>
            </Alignment>
            <TemplateName>health_status_diz5</TemplateName>
            <AdapterName>group_status3</AdapterName>
        </StatusIconDef>


        <StatusIconDef>
            <Position>
                <X>0</X>
                <Y>85</Y>
            </Position>
            <Alignment>
                <TopLeft>true</TopLeft>
            </Alignment>
            <TemplateName>health_status_diz5</TemplateName>
            <AdapterName>group_status4</AdapterName>
        </StatusIconDef>


        <StatusIconDef>
            <Position>
                <X>93</X>
                <Y>85</Y>
            </Position>
            <Alignment>
                <TopLeft>true</TopLeft>
            </Alignment>
            <TemplateName>health_status_diz5</TemplateName>
            <AdapterName>group_status5</AdapterName>
        </StatusIconDef>


        <StatusIconDef>
            <Position>
                <X>186</X>
                <Y>85</Y>
            </Position>
            <Alignment>
                <TopLeft>true</TopLeft>
            </Alignment>
            <TemplateName>health_status_diz5</TemplateName>
            <AdapterName>group_status6</AdapterName>
        </StatusIconDef>


        <StatusIconDef>
            <Position>
                <X>279</X>
                <Y>85</Y>
            </Position>
            <Alignment>
                <TopLeft>true</TopLeft>
            </Alignment>
            <TemplateName>health_status_diz5</TemplateName>
            <AdapterName>group_status7</AdapterName>
        </StatusIconDef>


        <StatusIconDef>
            <Position>
                <X>0</X>
                <Y>0</Y>
            </Position>
            <Alignment>
                <TopLeft>true</TopLeft>
            </Alignment>
            <TemplateName>health_status_psn5</TemplateName>
            <AdapterName>group_status0</AdapterName>
        </StatusIconDef>


        <StatusIconDef>
            <Position>
                <X>93</X>
                <Y>0</Y>
            </Position>
            <Alignment>
                <TopLeft>true</TopLeft>
            </Alignment>
            <TemplateName>health_status_psn5</TemplateName>
            <AdapterName>group_status1</AdapterName>
        </StatusIconDef>


        <StatusIconDef>
            <Position>
                <X>186</X>
                <Y>0</Y>
            </Position>
            <Alignment>
                <TopLeft>true</TopLeft>
            </Alignment>
            <TemplateName>health_status_psn5</TemplateName>
            <AdapterName>group_status2</AdapterName>
        </StatusIconDef>


        <StatusIconDef>
            <Position>
                <X>279</X>
                <Y>0</Y>
            </Position>
            <Alignment>
                <TopLeft>true</TopLeft>
            </Alignment>
            <TemplateName>health_status_psn5</TemplateName>
            <AdapterName>group_status3</AdapterName>
        </StatusIconDef>


        <StatusIconDef>
            <Position>
                <X>0</X>
                <Y>85</Y>
            </Position>
            <Alignment>
                <TopLeft>true</TopLeft>
            </Alignment>
            <TemplateName>health_status_psn5</TemplateName>
            <AdapterName>group_status4</AdapterName>
        </StatusIconDef>


        <StatusIconDef>
            <Position>
                <X>93</X>
                <Y>85</Y>
            </Position>
            <Alignment>
                <TopLeft>true</TopLeft>
            </Alignment>
            <TemplateName>health_status_psn5</TemplateName>
            <AdapterName>group_status5</AdapterName>
        </StatusIconDef>


        <StatusIconDef>
            <Position>
                <X>186</X>
                <Y>85</Y>
            </Position>
            <Alignment>
                <TopLeft>true</TopLeft>
            </Alignment>
            <TemplateName>health_status_psn5</TemplateName>
            <AdapterName>group_status6</AdapterName>
        </StatusIconDef>


        <StatusIconDef>
            <Position>
                <X>279</X>
                <Y>85</Y>
            </Position>
            <Alignment>
                <TopLeft>true</TopLeft>
            </Alignment>
            <TemplateName>health_status_psn5</TemplateName>
            <AdapterName>group_status7</AdapterName>
        </StatusIconDef>


        <StatusIconDef>
            <Position>
                <X>0</X>
                <Y>0</Y>
            </Position>
            <Alignment>
                <TopLeft>true</TopLeft>
            </Alignment>
            <TemplateName>health_status_ns5</TemplateName>
            <AdapterName>group_status0</AdapterName>
        </StatusIconDef>


        <StatusIconDef>
            <Position>
                <X>93</X>
                <Y>0</Y>
            </Position>
            <Alignment>
                <TopLeft>true</TopLeft>
            </Alignment>
            <TemplateName>health_status_ns5</TemplateName>
            <AdapterName>group_status1</AdapterName>
        </StatusIconDef>


        <StatusIconDef>
            <Position>
                <X>186</X>
                <Y>0</Y>
            </Position>
            <Alignment>
                <TopLeft>true</TopLeft>
            </Alignment>
            <TemplateName>health_status_ns5</TemplateName>
            <AdapterName>group_status2</AdapterName>
        </StatusIconDef>


        <StatusIconDef>
            <Position>
                <X>279</X>
                <Y>0</Y>
            </Position>
            <Alignment>
                <TopLeft>true</TopLeft>
            </Alignment>
            <TemplateName>health_status_ns5</TemplateName>
            <AdapterName>group_status3</AdapterName>
        </StatusIconDef>


        <StatusIconDef>
            <Position>
                <X>0</X>
                <Y>85</Y>
            </Position>
            <Alignment>
                <TopLeft>true</TopLeft>
            </Alignment>
            <TemplateName>health_status_ns5</TemplateName>
            <AdapterName>group_status4</AdapterName>
        </StatusIconDef>


        <StatusIconDef>
            <Position>
                <X>93</X>
                <Y>85</Y>
            </Position>
            <Alignment>
                <TopLeft>true</TopLeft>
            </Alignment>
            <TemplateName>health_status_ns5</TemplateName>
            <AdapterName>group_status5</AdapterName>
        </StatusIconDef>


        <StatusIconDef>
            <Position>
                <X>186</X>
                <Y>85</Y>
            </Position>
            <Alignment>
                <TopLeft>true</TopLeft>
            </Alignment>
            <TemplateName>health_status_ns5</TemplateName>
            <AdapterName>group_status6</AdapterName>
        </StatusIconDef>


        <StatusIconDef>
            <Position>
                <X>279</X>
                <Y>85</Y>
            </Position>
            <Alignment>
                <TopLeft>true</TopLeft>
            </Alignment>
            <TemplateName>health_status_ns5</TemplateName>
            <AdapterName>group_status7</AdapterName>
        </StatusIconDef>


        <ButtonDef>
            <Position>
                <X>-1</X>
                <Y>-1</Y>
            </Position>
            <TemplateName>b_bg_hl</TemplateName>
            <OnClickEvent>SelectGroupMember0</OnClickEvent>
        </ButtonDef>


        <ButtonDef>
            <Position>
                <X>92</X>
                <Y>-1</Y>
            </Position>
            <TemplateName>b_bg_hl</TemplateName>
            <OnClickEvent>SelectGroupMember1</OnClickEvent>
        </ButtonDef>


        <ButtonDef>
            <Position>
                <X>185</X>
                <Y>-1</Y>
            </Position>
            <TemplateName>b_bg_hl</TemplateName>
            <OnClickEvent>SelectGroupMember2</OnClickEvent>
        </ButtonDef>


        <ButtonDef>
            <Position>
                <X>278</X>
                <Y>-1</Y>
            </Position>
            <TemplateName>b_bg_hl</TemplateName>
            <OnClickEvent>SelectGroupMember3</OnClickEvent>
        </ButtonDef>


        <ButtonDef>
            <Position>
                <X>-1</X>
                <Y>84</Y>
            </Position>
            <TemplateName>b_bg_hl</TemplateName>
            <OnClickEvent>SelectGroupMember4</OnClickEvent>
        </ButtonDef>


        <ButtonDef>
            <Position>
                <X>92</X>
                <Y>84</Y>
            </Position>
            <TemplateName>b_bg_hl</TemplateName>
            <OnClickEvent>SelectGroupMember5</OnClickEvent>
        </ButtonDef>


        <ButtonDef>
            <Position>
                <X>185</X>
                <Y>84</Y>
            </Position>
            <TemplateName>b_bg_hl</TemplateName>
            <OnClickEvent>SelectGroupMember6</OnClickEvent>
        </ButtonDef>


        <ButtonDef>
            <Position>
                <X>278</X>
                <Y>84</Y>
            </Position>
            <TemplateName>b_bg_hl</TemplateName>
            <OnClickEvent>SelectGroupMember7</OnClickEvent>
        </ButtonDef>


    </WindowTemplate>


</Root_Element>
