<?xml version="1.0"?>
<Root_Element ID="DAOCUi">

<!-- @@ Edited with the DAoC User Interface Editor v1.80 -->
<!-- @@ Free download available at http://www.bradtownsend.com/daoced -->


    <ButtonTemplate>
        <Name>button_money</Name>
        <Size>
            <X>100</X>
            <Y>18</Y>
        </Size>
        <Font>
            <Name>arial9</Name>
            <ColorNormal>
                <R>254</R>
                <G>217</G>
                <B>10</B>
                <A>255</A>
            </ColorNormal>
            <ColorPressed>
                <R>254</R>
                <G>217</G>
                <B>10</B>
                <A>255</A>
            </ColorPressed>
            <ColorHighlit>
                <R>255</R>
                <G>255</G>
                <B>255</B>
                <A>255</A>
            </ColorHighlit>
            <ColorDisabled>
                <R>204</R>
                <G>204</G>
                <B>204</B>
                <A>255</A>
            </ColorDisabled>
        </Font>
        <Texture>
            <TextureName>none</TextureName>
            <Normal>
                <X>0</X>
                <Y>0</Y>
            </Normal>
            <Pressed>
                <X>0</X>
                <Y>0</Y>
            </Pressed>
            <NormalHighlit>
                <X>0</X>
                <Y>0</Y>
            </NormalHighlit>
            <PressedHighlit>
                <X>0</X>
                <Y>0</Y>
            </PressedHighlit>
            <Disabled>
                <X>0</X>
                <Y>0</Y>
            </Disabled>
        </Texture>
    </ButtonTemplate>


    <FullResizeImageTemplate>
        <Name>listbox_header_background</Name>
        <TopHeight>10</TopHeight>
        <MiddleHeight>40</MiddleHeight>
        <BottomHeight>10</BottomHeight>
        <LeftWidth>10</LeftWidth>
        <MiddleWidth>40</MiddleWidth>
        <RightWidth>10</RightWidth>
        <Texture>
            <TextureName>page1</TextureName>
            <TopLeft>
                <X>0</X>
                <Y>41</Y>
            </TopLeft>
            <TopMiddle>
                <X>41</X>
                <Y>41</Y>
            </TopMiddle>
            <TopRight>
                <X>112</X>
                <Y>41</Y>
            </TopRight>
            <MiddleLeft>
                <X>0</X>
                <Y>82</Y>
            </MiddleLeft>
            <MiddleMiddle>
                <X>41</X>
                <Y>82</Y>
            </MiddleMiddle>
            <MiddleRight>
                <X>112</X>
                <Y>82</Y>
            </MiddleRight>
            <BottomLeft>
                <X>0</X>
                <Y>153</Y>
            </BottomLeft>
            <BottomMiddle>
                <X>41</X>
                <Y>153</Y>
            </BottomMiddle>
            <BottomRight>
                <X>112</X>
                <Y>153</Y>
            </BottomRight>
        </Texture>
    </FullResizeImageTemplate>


    <HorizontalResizeImageTemplate>
        <Name>listbox_selected_bg</Name>
        <Height>16</Height>
        <LeftWidth>0</LeftWidth>
        <RepeatWidth>20</RepeatWidth>
        <RightWidth>0</RightWidth>
        <Texture>
            <TextureName>uielements</TextureName>
            <Left>
                <X>25</X>
                <Y>20</Y>
            </Left>
            <Repeat>
                <X>20</X>
                <Y>20</Y>
            </Repeat>
            <Right>
                <X>25</X>
                <Y>20</Y>
            </Right>
        </Texture>
    </HorizontalResizeImageTemplate>


    <HorizontalResizeImageTemplate>
        <Name>listbox_row_bg</Name>
        <Height>16</Height>
        <LeftWidth>1</LeftWidth>
        <RepeatWidth>16</RepeatWidth>
        <RightWidth>1</RightWidth>
        <Texture>
            <TextureName>uielements</TextureName>
            <Left>
                <X>232</X>
                <Y>152</Y>
            </Left>
            <Repeat>
                <X>230</X>
                <Y>152</Y>
            </Repeat>
            <Right>
                <X>231</X>
                <Y>152</Y>
            </Right>
        </Texture>
    </HorizontalResizeImageTemplate>


    <ListBoxHeaderTemplate>
        <Name>listboxheader_name</Name>
        <Texture>
            <Name>page4</Name>
            <Size>
                <X>16</X>
                <Y>24</Y>
            </Size>
            <Normal>
                <X>100</X>
                <Y>0</Y>
            </Normal>
            <Pressed>
                <X>100</X>
                <Y>24</Y>
            </Pressed>
            <Highlit>
                <X>100</X>
                <Y>48</Y>
            </Highlit>
        </Texture>
        <TextFont>
            <Name>arial9</Name>
            <ColorNormal>
                <R>208</R>
                <G>228</G>
                <B>229</B>
                <A>255</A>
            </ColorNormal>
            <ColorPressed>
                <R>254</R>
                <G>217</G>
                <B>10</B>
                <A>255</A>
            </ColorPressed>
            <ColorHighlit>
                <R>225</R>
                <G>225</G>
                <B>225</B>
                <A>255</A>
            </ColorHighlit>
            <ColorGreyed>
                <R>127</R>
                <G>127</G>
                <B>127</B>
                <A>255</A>
            </ColorGreyed>
        </TextFont>
    </ListBoxHeaderTemplate>


    <ListBoxHeaderTemplate>
        <Name>listboxheader_level</Name>
        <Texture>
            <Name>page4</Name>
            <Size>
                <X>24</X>
                <Y>24</Y>
            </Size>
            <Normal>
                <X>120</X>
                <Y>0</Y>
            </Normal>
            <Pressed>
                <X>120</X>
                <Y>24</Y>
            </Pressed>
            <Highlit>
                <X>120</X>
                <Y>48</Y>
            </Highlit>
        </Texture>
        <TextFont>
            <Name>arial9</Name>
            <ColorNormal>
                <R>208</R>
                <G>228</G>
                <B>229</B>
                <A>255</A>
            </ColorNormal>
            <ColorPressed>
                <R>254</R>
                <G>217</G>
                <B>10</B>
                <A>255</A>
            </ColorPressed>
            <ColorHighlit>
                <R>225</R>
                <G>225</G>
                <B>225</B>
                <A>255</A>
            </ColorHighlit>
            <ColorGreyed>
                <R>127</R>
                <G>127</G>
                <B>127</B>
                <A>255</A>
            </ColorGreyed>
        </TextFont>
    </ListBoxHeaderTemplate>


    <ListBoxHeaderTemplate>
        <Name>listboxheader_rank</Name>
        <Texture>
            <Name>page4</Name>
            <Size>
                <X>24</X>
                <Y>24</Y>
            </Size>
            <Normal>
                <X>72</X>
                <Y>0</Y>
            </Normal>
            <Pressed>
                <X>72</X>
                <Y>24</Y>
            </Pressed>
            <Highlit>
                <X>72</X>
                <Y>48</Y>
            </Highlit>
        </Texture>
        <TextFont>
            <Name>arial9</Name>
            <ColorNormal>
                <R>208</R>
                <G>228</G>
                <B>229</B>
                <A>255</A>
            </ColorNormal>
            <ColorPressed>
                <R>254</R>
                <G>217</G>
                <B>10</B>
                <A>255</A>
            </ColorPressed>
            <ColorHighlit>
                <R>225</R>
                <G>225</G>
                <B>225</B>
                <A>255</A>
            </ColorHighlit>
            <ColorGreyed>
                <R>127</R>
                <G>127</G>
                <B>127</B>
                <A>255</A>
            </ColorGreyed>
        </TextFont>
    </ListBoxHeaderTemplate>


    <ListBoxHeaderTemplate>
        <Name>listboxheader_class</Name>
        <Texture>
            <Name>page4</Name>
            <Size>
                <X>24</X>
                <Y>24</Y>
            </Size>
            <Normal>
                <X>48</X>
                <Y>0</Y>
            </Normal>
            <Pressed>
                <X>48</X>
                <Y>24</Y>
            </Pressed>
            <Highlit>
                <X>48</X>
                <Y>48</Y>
            </Highlit>
        </Texture>
        <TextFont>
            <Name>arial9</Name>
            <ColorNormal>
                <R>208</R>
                <G>228</G>
                <B>229</B>
                <A>255</A>
            </ColorNormal>
            <ColorPressed>
                <R>254</R>
                <G>217</G>
                <B>10</B>
                <A>255</A>
            </ColorPressed>
            <ColorHighlit>
                <R>225</R>
                <G>225</G>
                <B>225</B>
                <A>255</A>
            </ColorHighlit>
            <ColorGreyed>
                <R>127</R>
                <G>127</G>
                <B>127</B>
                <A>255</A>
            </ColorGreyed>
        </TextFont>
    </ListBoxHeaderTemplate>


    <ListBoxHeaderTemplate>
        <Name>listboxheader_group</Name>
        <Texture>
            <Name>page4</Name>
            <Size>
                <X>24</X>
                <Y>24</Y>
            </Size>
            <Normal>
                <X>144</X>
                <Y>0</Y>
            </Normal>
            <Pressed>
                <X>144</X>
                <Y>24</Y>
            </Pressed>
            <Highlit>
                <X>144</X>
                <Y>48</Y>
            </Highlit>
        </Texture>
        <TextFont>
            <Name>arial9</Name>
            <ColorNormal>
                <R>208</R>
                <G>228</G>
                <B>229</B>
                <A>255</A>
            </ColorNormal>
            <ColorPressed>
                <R>254</R>
                <G>217</G>
                <B>10</B>
                <A>255</A>
            </ColorPressed>
            <ColorHighlit>
                <R>225</R>
                <G>225</G>
                <B>225</B>
                <A>255</A>
            </ColorHighlit>
            <ColorGreyed>
                <R>127</R>
                <G>127</G>
                <B>127</B>
                <A>255</A>
            </ColorGreyed>
        </TextFont>
    </ListBoxHeaderTemplate>


    <ListBoxHeaderTemplate>
        <Name>listboxheader_zone</Name>
        <Texture>
            <Name>page4</Name>
            <Size>
                <X>20</X>
                <Y>24</Y>
            </Size>
            <Normal>
                <X>25</X>
                <Y>0</Y>
            </Normal>
            <Pressed>
                <X>25</X>
                <Y>24</Y>
            </Pressed>
            <Highlit>
                <X>25</X>
                <Y>48</Y>
            </Highlit>
        </Texture>
        <TextFont>
            <Name>arial9</Name>
            <ColorNormal>
                <R>208</R>
                <G>228</G>
                <B>229</B>
                <A>255</A>
            </ColorNormal>
            <ColorPressed>
                <R>254</R>
                <G>217</G>
                <B>10</B>
                <A>255</A>
            </ColorPressed>
            <ColorHighlit>
                <R>225</R>
                <G>225</G>
                <B>225</B>
                <A>255</A>
            </ColorHighlit>
            <ColorGreyed>
                <R>127</R>
                <G>127</G>
                <B>127</B>
                <A>255</A>
            </ColorGreyed>
        </TextFont>
    </ListBoxHeaderTemplate>


    <ListBoxHeaderTemplate>
        <Name>listboxheader_banner</Name>
        <Texture>
            <Name>page4</Name>
            <Size>
                <X>18</X>
                <Y>24</Y>
            </Size>
            <Normal>
                <X>2</X>
                <Y>0</Y>
            </Normal>
            <Pressed>
                <X>2</X>
                <Y>24</Y>
            </Pressed>
            <Highlit>
                <X>2</X>
                <Y>48</Y>
            </Highlit>
        </Texture>
        <TextFont>
            <Name>arial9</Name>
            <ColorNormal>
                <R>208</R>
                <G>228</G>
                <B>229</B>
                <A>255</A>
            </ColorNormal>
            <ColorPressed>
                <R>254</R>
                <G>217</G>
                <B>10</B>
                <A>255</A>
            </ColorPressed>
            <ColorHighlit>
                <R>225</R>
                <G>225</G>
                <B>225</B>
                <A>255</A>
            </ColorHighlit>
            <ColorGreyed>
                <R>127</R>
                <G>127</G>
                <B>127</B>
                <A>255</A>
            </ColorGreyed>
        </TextFont>
    </ListBoxHeaderTemplate>


    <ListBoxHeaderTemplate>
        <Name>listboxheader_note</Name>
        <Texture>
            <Name>page4</Name>
            <Size>
                <X>20</X>
                <Y>24</Y>
            </Size>
            <Normal>
                <X>169</X>
                <Y>0</Y>
            </Normal>
            <Pressed>
                <X>169</X>
                <Y>24</Y>
            </Pressed>
            <Highlit>
                <X>169</X>
                <Y>48</Y>
            </Highlit>
        </Texture>
        <TextFont>
            <Name>arial9</Name>
            <ColorNormal>
                <R>208</R>
                <G>228</G>
                <B>229</B>
                <A>255</A>
            </ColorNormal>
            <ColorPressed>
                <R>254</R>
                <G>217</G>
                <B>10</B>
                <A>255</A>
            </ColorPressed>
            <ColorHighlit>
                <R>225</R>
                <G>225</G>
                <B>225</B>
                <A>255</A>
            </ColorHighlit>
            <ColorGreyed>
                <R>127</R>
                <G>127</G>
                <B>127</B>
                <A>255</A>
            </ColorGreyed>
        </TextFont>
    </ListBoxHeaderTemplate>


    <ListBoxTemplate>
        <Name>listbox_guild</Name>
        <LinePadding>4</LinePadding>
        <CellPadding>5</CellPadding>
        <LabelLength>128</LabelLength>
        <ScrollbarTemplate>generic_vscroll</ScrollbarTemplate>
        <DrawScroll>true</DrawScroll>
        <ScrollbarTopOffset>34</ScrollbarTopOffset>
        <ScrollbarBottomOffset>0</ScrollbarBottomOffset>
        <ScrollbarRightOffset>-1</ScrollbarRightOffset>
        <Sorting>false</Sorting>
        <BackgroundTemplate>dlg_background_bcurve</BackgroundTemplate>
        <IconTemplate>plain_icon_small</IconTemplate>
        <HeaderHorizResizeTemplate>listbox_hrbutton</HeaderHorizResizeTemplate>
        <HeaderLeftOffset>3</HeaderLeftOffset>
        <HeaderRightOffset>3</HeaderRightOffset>
        <HeaderTopOffset>2</HeaderTopOffset>
        <HeaderHeight>39</HeaderHeight>
        <HeaderBackgroundTemplate>dlg_background_ucurve</HeaderBackgroundTemplate>
        <HeaderControl>
            <Column>1</Column>
            <TemplateName>listboxheader_name</TemplateName>
        </HeaderControl>
        <HeaderControl>
            <Column>2</Column>
            <TemplateName>listboxheader_level</TemplateName>
        </HeaderControl>
        <HeaderControl>
            <Column>3</Column>
            <TemplateName>listboxheader_rank</TemplateName>
        </HeaderControl>
        <HeaderControl>
            <Column>4</Column>
            <TemplateName>listboxheader_class</TemplateName>
        </HeaderControl>
        <HeaderControl>
            <Column>5</Column>
            <TemplateName>listboxheader_group</TemplateName>
        </HeaderControl>
        <HeaderControl>
            <Column>6</Column>
            <TemplateName>listboxheader_zone</TemplateName>
        </HeaderControl>
        <HeaderControl>
            <Column>7</Column>
            <TemplateName>listboxheader_note</TemplateName>
        </HeaderControl>
        <AlternateRowName>listbox_row_bg</AlternateRowName>
        <DisplayAlternateRow>true</DisplayAlternateRow>
        <AlternateRowOffset>-2</AlternateRowOffset>
        <SelectedRowName>listbox_selected_bg</SelectedRowName>
        <SelectedRowOffset>-2</SelectedRowOffset>
        <TextFont>
            <Name>arial9</Name>
            <ColorNormal>
                <R>208</R>
                <G>228</G>
                <B>229</B>
                <A>255</A>
            </ColorNormal>
            <ColorHighlit>
                <R>254</R>
                <G>217</G>
                <B>10</B>
                <A>255</A>
            </ColorHighlit>
            <ColorGreyed>
                <R>204</R>
                <G>204</G>
                <B>204</B>
                <A>255</A>
            </ColorGreyed>
            <TextTopOffset>0</TextTopOffset>
            <TextBottomOffset>0</TextBottomOffset>
            <TextLeftOffset>4</TextLeftOffset>
            <TextRightOffset>4</TextRightOffset>
            <LineOffset>0</LineOffset>
        </TextFont>
            <IconSize>
                <X>16</X>
                <Y>16</Y>
            </IconSize>
    </ListBoxTemplate>


    <ListBoxTemplate>
        <Name>listbox_alliance</Name>
        <LinePadding>4</LinePadding>
        <CellPadding>5</CellPadding>
        <LabelLength>128</LabelLength>
        <ScrollbarTemplate>generic_vscroll</ScrollbarTemplate>
        <DrawScroll>true</DrawScroll>
        <ScrollbarTopOffset>3</ScrollbarTopOffset>
        <ScrollbarBottomOffset>0</ScrollbarBottomOffset>
        <ScrollbarRightOffset>-1</ScrollbarRightOffset>
        <Sorting>false</Sorting>
        <BackgroundTemplate>dlg_background_0px</BackgroundTemplate>
        <IconTemplate>plain_icon_small</IconTemplate>
        <HeaderHorizResizeTemplate>listbox_hrbutton</HeaderHorizResizeTemplate>
        <HeaderLeftOffset>3</HeaderLeftOffset>
        <HeaderRightOffset>3</HeaderRightOffset>
        <HeaderTopOffset>2</HeaderTopOffset>
        <HeaderHeight>39</HeaderHeight>
        <HeaderBackgroundTemplate>dlg_background_ucurve</HeaderBackgroundTemplate>
        <HeaderControl>
            <Column>1</Column>
            <TemplateName>listboxheader_name</TemplateName>
        </HeaderControl>
        <HeaderControl>
            <Column>2</Column>
            <TemplateName>listboxheader_level</TemplateName>
        </HeaderControl>
        <HeaderControl>
            <Column>3</Column>
            <TemplateName>listboxheader_class</TemplateName>
        </HeaderControl>
        <HeaderControl>
            <Column>4</Column>
            <TemplateName>listboxheader_group</TemplateName>
        </HeaderControl>
        <HeaderControl>
            <Column>5</Column>
            <TemplateName>listboxheader_zone</TemplateName>
        </HeaderControl>
        <HeaderControl>
            <Column>6</Column>
            <TemplateName>listboxheader_banner</TemplateName>
        </HeaderControl>
        <AlternateRowName>listbox_row_bg</AlternateRowName>
        <DisplayAlternateRow>true</DisplayAlternateRow>
        <AlternateRowOffset>-2</AlternateRowOffset>
        <SelectedRowName>listbox_selected_bg</SelectedRowName>
        <SelectedRowOffset>-2</SelectedRowOffset>
        <TextFont>
            <Name>arial9</Name>
            <ColorNormal>
                <R>208</R>
                <G>228</G>
                <B>229</B>
                <A>255</A>
            </ColorNormal>
            <ColorHighlit>
                <R>254</R>
                <G>217</G>
                <B>10</B>
                <A>255</A>
            </ColorHighlit>
            <ColorGreyed>
                <R>204</R>
                <G>204</G>
                <B>204</B>
                <A>255</A>
            </ColorGreyed>
            <TextTopOffset>0</TextTopOffset>
            <TextBottomOffset>0</TextBottomOffset>
            <TextLeftOffset>4</TextLeftOffset>
            <TextRightOffset>4</TextRightOffset>
            <LineOffset>0</LineOffset>
        </TextFont>
            <IconSize>
                <X>16</X>
                <Y>16</Y>
            </IconSize>
    </ListBoxTemplate>


    <ListBoxTemplate>
        <Name>listbox_friends_lfguild</Name>
        <LinePadding>4</LinePadding>
        <CellPadding>5</CellPadding>
        <LabelLength>128</LabelLength>
        <ScrollbarTemplate>generic_vscroll</ScrollbarTemplate>
        <DrawScroll>true</DrawScroll>
        <ScrollbarTopOffset>3</ScrollbarTopOffset>
        <ScrollbarBottomOffset>0</ScrollbarBottomOffset>
        <ScrollbarRightOffset>-1</ScrollbarRightOffset>
        <Sorting>false</Sorting>
        <BackgroundTemplate>dlg_background_bcurve</BackgroundTemplate>
        <IconTemplate>plain_icon_small</IconTemplate>
        <HeaderHorizResizeTemplate>listbox_hrbutton</HeaderHorizResizeTemplate>
        <HeaderLeftOffset>3</HeaderLeftOffset>
        <HeaderRightOffset>3</HeaderRightOffset>
        <HeaderTopOffset>2</HeaderTopOffset>
        <HeaderHeight>39</HeaderHeight>
        <HeaderBackgroundTemplate>dlg_background_ucurve</HeaderBackgroundTemplate>
        <HeaderControl>
            <Column>1</Column>
            <TemplateName>listboxheader_name</TemplateName>
        </HeaderControl>
        <HeaderControl>
            <Column>2</Column>
            <TemplateName>listboxheader_level</TemplateName>
        </HeaderControl>
        <HeaderControl>
            <Column>3</Column>
            <TemplateName>listboxheader_class</TemplateName>
        </HeaderControl>
        <HeaderControl>
            <Column>4</Column>
            <TemplateName>listboxheader_group</TemplateName>
        </HeaderControl>
        <HeaderControl>
            <Column>5</Column>
            <TemplateName>listboxheader_zone</TemplateName>
        </HeaderControl>
        <HeaderControl>
            <Column>6</Column>
            <TemplateName>listboxheader_banner</TemplateName>
        </HeaderControl>
        <AlternateRowName>listbox_row_bg</AlternateRowName>
        <DisplayAlternateRow>true</DisplayAlternateRow>
        <AlternateRowOffset>-2</AlternateRowOffset>
        <SelectedRowName>listbox_selected_bg</SelectedRowName>
        <SelectedRowOffset>-2</SelectedRowOffset>
        <TextFont>
            <Name>arial9</Name>
            <ColorNormal>
                <R>208</R>
                <G>228</G>
                <B>229</B>
                <A>255</A>
            </ColorNormal>
            <ColorHighlit>
                <R>254</R>
                <G>217</G>
                <B>10</B>
                <A>255</A>
            </ColorHighlit>
            <ColorGreyed>
                <R>204</R>
                <G>204</G>
                <B>204</B>
                <A>255</A>
            </ColorGreyed>
            <TextTopOffset>0</TextTopOffset>
            <TextBottomOffset>0</TextBottomOffset>
            <TextLeftOffset>4</TextLeftOffset>
            <TextRightOffset>4</TextRightOffset>
            <LineOffset>0</LineOffset>
        </TextFont>
            <IconSize>
                <X>16</X>
                <Y>16</Y>
            </IconSize>
    </ListBoxTemplate>


    <WindowTemplate>
        <Name>community</Name>
        <WindowId>Community</WindowId>
        <CloseButton>true</CloseButton>
        <MoveButton>true</MoveButton>
        <TopRightResizeButton>false</TopRightResizeButton>
        <BottomRightResizeButton>false</BottomRightResizeButton>
        <BottomLeftResizeButton>false</BottomLeftResizeButton>
        <ResizeButtonOffsetX>0</ResizeButtonOffsetX>
        <ResizeButtonOffsetY>0</ResizeButtonOffsetY>
        <TitleWidth>605</TitleWidth>
        <TitleHeight>18</TitleHeight>
        <Width>600</Width>
        <Height>405</Height>
        <ResizeableWidth>0</ResizeableWidth>
        <ResizeableHeight>0</ResizeableHeight>
        <ResizeableTwoWayWidth>0</ResizeableTwoWayWidth>
        <ResizeableTwoWayHeight>0</ResizeableTwoWayHeight>
        <MinWidth>0</MinWidth>
        <MinHeight>0</MinHeight>
        <ContextTemplateName></ContextTemplateName>


        <ImageAreaDef>
            <Position>
                <X>0</X>
                <Y>0</Y>
            </Position>
            <TemplateName>b_social</TemplateName>
        </ImageAreaDef>


        <!-- Tabs -->


        <TabsDef>
            <TemplateName>generic_tabs</TemplateName>
            <ControlId>1002</ControlId>
            <Position>
                <X>5</X>
                <Y>15</Y>
            </Position>
            <Width>585</Width>
            <Height>370</Height>
        <Tab>
            <Id>1</Id>
            <Name>News</Name>
        </Tab>
        <Tab>
            <Id>2</Id>
            <Name>Guild</Name>
        </Tab>
        <Tab>
            <Id>3</Id>
            <Name>Alliance</Name>
        </Tab>
        <Tab>
            <Id>4</Id>
            <Name>Friends</Name>
        </Tab>
        <Tab>
            <Id>5</Id>
            <Name>LFGuild</Name>
        </Tab>
            <TabControl>
                <TabId>1</TabId>
                <ControlId>1100</ControlId>
            </TabControl>
            <TabControl>
                <TabId>1</TabId>
                <ControlId>1101</ControlId>
            </TabControl>
            <TabControl>
                <TabId>1</TabId>
                <ControlId>1102</ControlId>
            </TabControl>
            <TabControl>
                <TabId>1</TabId>
                <ControlId>1103</ControlId>
            </TabControl>
            <TabControl>
                <TabId>1</TabId>
                <ControlId>1104</ControlId>
            </TabControl>
            <TabControl>
                <TabId>1</TabId>
                <ControlId>1105</ControlId>
            </TabControl>
            <TabControl>
                <TabId>1</TabId>
                <ControlId>1106</ControlId>
            </TabControl>
            <TabControl>
                <TabId>1</TabId>
                <ControlId>1107</ControlId>
            </TabControl>
            <TabControl>
                <TabId>1</TabId>
                <ControlId>1108</ControlId>
            </TabControl>
            <TabControl>
                <TabId>1</TabId>
                <ControlId>1109</ControlId>
            </TabControl>
            <TabControl>
                <TabId>1</TabId>
                <ControlId>1110</ControlId>
            </TabControl>
            <TabControl>
                <TabId>1</TabId>
                <ControlId>1111</ControlId>
            </TabControl>
            <TabControl>
                <TabId>1</TabId>
                <ControlId>1112</ControlId>
            </TabControl>
            <TabControl>
                <TabId>2</TabId>
                <ControlId>1200</ControlId>
            </TabControl>
            <TabControl>
                <TabId>2</TabId>
                <ControlId>1201</ControlId>
            </TabControl>
            <TabControl>
                <TabId>2</TabId>
                <ControlId>1202</ControlId>
            </TabControl>
            <TabControl>
                <TabId>2</TabId>
                <ControlId>1203</ControlId>
            </TabControl>
            <TabControl>
                <TabId>2</TabId>
                <ControlId>1204</ControlId>
            </TabControl>
            <TabControl>
                <TabId>2</TabId>
                <ControlId>1205</ControlId>
            </TabControl>
            <TabControl>
                <TabId>2</TabId>
                <ControlId>1206</ControlId>
            </TabControl>
            <TabControl>
                <TabId>2</TabId>
                <ControlId>1207</ControlId>
            </TabControl>
            <TabControl>
                <TabId>2</TabId>
                <ControlId>1208</ControlId>
            </TabControl>
            <TabControl>
                <TabId>2</TabId>
                <ControlId>1209</ControlId>
            </TabControl>
            <TabControl>
                <TabId>2</TabId>
                <ControlId>1210</ControlId>
            </TabControl>
            <TabControl>
                <TabId>2</TabId>
                <ControlId>1211</ControlId>
            </TabControl>
            <TabControl>
                <TabId>2</TabId>
                <ControlId>1212</ControlId>
            </TabControl>
            <TabControl>
                <TabId>2</TabId>
                <ControlId>1213</ControlId>
            </TabControl>
            <TabControl>
                <TabId>2</TabId>
                <ControlId>1214</ControlId>
            </TabControl>
            <TabControl>
                <TabId>2</TabId>
                <ControlId>1215</ControlId>
            </TabControl>
            <TabControl>
                <TabId>2</TabId>
                <ControlId>1216</ControlId>
            </TabControl>
            <TabControl>
                <TabId>2</TabId>
                <ControlId>1217</ControlId>
            </TabControl>
            <TabControl>
                <TabId>2</TabId>
                <ControlId>1218</ControlId>
            </TabControl>
            <TabControl>
                <TabId>2</TabId>
                <ControlId>1219</ControlId>
            </TabControl>
            <TabControl>
                <TabId>2</TabId>
                <ControlId>1220</ControlId>
            </TabControl>
            <TabControl>
                <TabId>2</TabId>
                <ControlId>1221</ControlId>
            </TabControl>
            <TabControl>
                <TabId>2</TabId>
                <ControlId>1222</ControlId>
            </TabControl>
            <TabControl>
                <TabId>2</TabId>
                <ControlId>1223</ControlId>
            </TabControl>
            <TabControl>
                <TabId>2</TabId>
                <ControlId>1224</ControlId>
            </TabControl>
            <TabControl>
                <TabId>2</TabId>
                <ControlId>1225</ControlId>
            </TabControl>
            <TabControl>
                <TabId>2</TabId>
                <ControlId>1226</ControlId>
            </TabControl>
            <TabControl>
                <TabId>2</TabId>
                <ControlId>1227</ControlId>
            </TabControl>
            <TabControl>
                <TabId>2</TabId>
                <ControlId>1228</ControlId>
            </TabControl>
            <TabControl>
                <TabId>2</TabId>
                <ControlId>1229</ControlId>
            </TabControl>
            <TabControl>
                <TabId>2</TabId>
                <ControlId>1230</ControlId>
            </TabControl>
            <TabControl>
                <TabId>2</TabId>
                <ControlId>1231</ControlId>
            </TabControl>
            <TabControl>
                <TabId>2</TabId>
                <ControlId>1232</ControlId>
            </TabControl>
            <TabControl>
                <TabId>2</TabId>
                <ControlId>1233</ControlId>
            </TabControl>
            <TabControl>
                <TabId>2</TabId>
                <ControlId>1234</ControlId>
            </TabControl>
            <TabControl>
                <TabId>3</TabId>
                <ControlId>1300</ControlId>
            </TabControl>
            <TabControl>
                <TabId>3</TabId>
                <ControlId>1301</ControlId>
            </TabControl>
            <TabControl>
                <TabId>3</TabId>
                <ControlId>1302</ControlId>
            </TabControl>
            <TabControl>
                <TabId>3</TabId>
                <ControlId>1303</ControlId>
            </TabControl>
            <TabControl>
                <TabId>3</TabId>
                <ControlId>1304</ControlId>
            </TabControl>
            <TabControl>
                <TabId>3</TabId>
                <ControlId>1305</ControlId>
            </TabControl>
            <TabControl>
                <TabId>3</TabId>
                <ControlId>1306</ControlId>
            </TabControl>
            <TabControl>
                <TabId>3</TabId>
                <ControlId>1307</ControlId>
            </TabControl>
            <TabControl>
                <TabId>3</TabId>
                <ControlId>1308</ControlId>
            </TabControl>
            <TabControl>
                <TabId>3</TabId>
                <ControlId>1309</ControlId>
            </TabControl>
            <TabControl>
                <TabId>3</TabId>
                <ControlId>1310</ControlId>
            </TabControl>
            <TabControl>
                <TabId>3</TabId>
                <ControlId>1311</ControlId>
            </TabControl>
            <TabControl>
                <TabId>3</TabId>
                <ControlId>1312</ControlId>
            </TabControl>
            <TabControl>
                <TabId>3</TabId>
                <ControlId>1313</ControlId>
            </TabControl>
            <TabControl>
                <TabId>3</TabId>
                <ControlId>1314</ControlId>
            </TabControl>
            <TabControl>
                <TabId>3</TabId>
                <ControlId>1315</ControlId>
            </TabControl>
            <TabControl>
                <TabId>3</TabId>
                <ControlId>1316</ControlId>
            </TabControl>
            <TabControl>
                <TabId>3</TabId>
                <ControlId>1317</ControlId>
            </TabControl>
            <TabControl>
                <TabId>4</TabId>
                <ControlId>1400</ControlId>
            </TabControl>
            <TabControl>
                <TabId>4</TabId>
                <ControlId>1401</ControlId>
            </TabControl>
            <TabControl>
                <TabId>4</TabId>
                <ControlId>1402</ControlId>
            </TabControl>
            <TabControl>
                <TabId>4</TabId>
                <ControlId>1403</ControlId>
            </TabControl>
            <TabControl>
                <TabId>5</TabId>
                <ControlId>1500</ControlId>
            </TabControl>
            <TabControl>
                <TabId>5</TabId>
                <ControlId>1501</ControlId>
            </TabControl>
            <TabControl>
                <TabId>5</TabId>
                <ControlId>1502</ControlId>
            </TabControl>
            <TabControl>
                <TabId>5</TabId>
                <ControlId>1503</ControlId>
            </TabControl>
            <TabControl>
                <TabId>5</TabId>
                <ControlId>1504</ControlId>
            </TabControl>
        </TabsDef>


        <!-- Newspaper -->


        <HorizontalResizeImageDef>
            <ControlId>1100</ControlId>
            <Position>
                <X>20</X>
                <Y>50</Y>
            </Position>
            <TemplateName>listbox_header</TemplateName>
            <Width>120</Width>
        </HorizontalResizeImageDef>


        <LabelDef>
            <ControlId>1101</ControlId>
            <Position>
                <X>27</X>
                <Y>52</Y>
            </Position>
            <Alignment>
                <TopLeft>true</TopLeft>
            </Alignment>
            <Color>
                <R>208</R>
                <G>228</G>
                <B>229</B>
                <A>200</A>
            </Color>
            <FontName>arial9</FontName>
            <Width>120</Width>
            <Height>17</Height>
            <MaxCharacters>30</MaxCharacters>
            <Data>Realm vs Realm Global</Data>
        </LabelDef>


        <TextAreaDef>
            <ControlId>1102</ControlId>
            <Position>
                <X>20</X>
                <Y>68</Y>
            </Position>
            <Alignment>
                <GrowWidth>true</GrowWidth>
                <GrowHeight>true</GrowHeight>
            </Alignment>
            <TemplateName>generic_textarea</TemplateName>
            <AdapterName>news_rvr_global_text</AdapterName>
            <HasHotspots>false</HasHotspots>
            <MaxCharacters>32768</MaxCharacters>
            <Width>569</Width>
            <Height>80</Height>
        </TextAreaDef>


        <HorizontalResizeImageDef>
            <ControlId>1103</ControlId>
            <Position>
                <X>20</X>
                <Y>163</Y>
            </Position>
            <TemplateName>listbox_header</TemplateName>
            <Width>120</Width>
        </HorizontalResizeImageDef>


        <LabelDef>
            <ControlId>1104</ControlId>
            <Position>
                <X>27</X>
                <Y>165</Y>
            </Position>
            <Alignment>
                <TopLeft>true</TopLeft>
            </Alignment>
            <Color>
                <R>208</R>
                <G>228</G>
                <B>229</B>
                <A>200</A>
            </Color>
            <FontName>arial9</FontName>
            <Width>120</Width>
            <Height>17</Height>
            <MaxCharacters>30</MaxCharacters>
            <Data>Realm vs Realm Local</Data>
        </LabelDef>


        <TextAreaDef>
            <ControlId>1105</ControlId>
            <Position>
                <X>20</X>
                <Y>181</Y>
            </Position>
            <Alignment>
                <GrowWidth>true</GrowWidth>
                <GrowHeight>true</GrowHeight>
            </Alignment>
            <TemplateName>generic_textarea</TemplateName>
            <AdapterName>news_rvr_local_text</AdapterName>
            <HasHotspots>false</HasHotspots>
            <MaxCharacters>32768</MaxCharacters>
            <Width>569</Width>
            <Height>80</Height>
        </TextAreaDef>


        <HorizontalResizeImageDef>
            <ControlId>1106</ControlId>
            <Position>
                <X>20</X>
                <Y>281</Y>
            </Position>
            <TemplateName>listbox_header</TemplateName>
            <Width>95</Width>
        </HorizontalResizeImageDef>


        <LabelDef>
            <ControlId>1107</ControlId>
            <Position>
                <X>27</X>
                <Y>283</Y>
            </Position>
            <Alignment>
                <TopLeft>true</TopLeft>
            </Alignment>
            <Color>
                <R>208</R>
                <G>228</G>
                <B>229</B>
                <A>200</A>
            </Color>
            <FontName>arial9</FontName>
            <Width>95</Width>
            <Height>17</Height>
            <MaxCharacters>20</MaxCharacters>
            <Data>Player vs Enemy</Data>
        </LabelDef>


        <TextAreaDef>
            <ControlId>1108</ControlId>
            <Position>
                <X>20</X>
                <Y>299</Y>
            </Position>
            <Alignment>
                <GrowWidth>true</GrowWidth>
                <GrowHeight>true</GrowHeight>
            </Alignment>
            <TemplateName>generic_textarea</TemplateName>
            <AdapterName>news_pve_text</AdapterName>
            <HasHotspots>false</HasHotspots>
            <MaxCharacters>32768</MaxCharacters>
            <Width>569</Width>
            <Height>80</Height>
        </TextAreaDef>


        <HorizontalResizeButtonDef>
            <ControlId>1112</ControlId>
            <Position>
                <X>518</X>
                <Y>49</Y>
            </Position>
            <TemplateName>generic_hr_button</TemplateName>
            <Label>REFRESH</Label>
            <Width>70</Width>
            <OnClickEvent>ComTabRefresh</OnClickEvent>
        </HorizontalResizeButtonDef>


        <!-- Guild Tab -->


        <LabelDef>
            <ControlId>1200</ControlId>
            <Position>
                <X>17</X>
                <Y>48</Y>
            </Position>
            <Color>
                <R>208</R>
                <G>228</G>
                <B>229</B>
                <A>255</A>
            </Color>
            <FontName>arial9</FontName>
            <Width>50</Width>
            <Height>18</Height>
            <MaxCharacters>32</MaxCharacters>
            <Data>Name:</Data>
        </LabelDef>


        <LabelDef>
            <ControlId>1201</ControlId>
            <Position>
                <X>48</X>
                <Y>48</Y>
            </Position>
            <Color>
                <R>254</R>
                <G>217</G>
                <B>10</B>
                <A>255</A>
            </Color>
            <FontName>arial9</FontName>
            <Width>150</Width>
            <Height>18</Height>
            <MaxCharacters>32</MaxCharacters>
            <Adapter>guild_name</Adapter>
        </LabelDef>


        <LabelDef>
            <ControlId>1202</ControlId>
            <Position>
                <X>215</X>
                <Y>48</Y>
            </Position>
            <Color>
                <R>208</R>
                <G>228</G>
                <B>229</B>
                <A>255</A>
            </Color>
            <FontName>arial9</FontName>
            <Width>50</Width>
            <Height>18</Height>
            <MaxCharacters>32</MaxCharacters>
            <Data>Members:</Data>
        </LabelDef>


        <ScalarLabelDef>
            <ControlId>1203</ControlId>
            <Position>
                <X>265</X>
                <Y>48</Y>
            </Position>
            <FontName>arial9</FontName>
            <Width>100</Width>
            <Height>18</Height>
            <MaxCharacters>32</MaxCharacters>
            <Color>
                <R>254</R>
                <G>217</G>
                <B>10</B>
                <A>255</A>
            </Color>
            <Adapter>guild_member_count</Adapter>
        </ScalarLabelDef>


        <LabelDef>
            <ControlId>1204</ControlId>
            <Position>
                <X>302</X>
                <Y>48</Y>
            </Position>
            <Color>
                <R>208</R>
                <G>228</G>
                <B>229</B>
                <A>255</A>
            </Color>
            <FontName>arial9</FontName>
            <Width>50</Width>
            <Height>18</Height>
            <MaxCharacters>32</MaxCharacters>
            <Data>Level:</Data>
        </LabelDef>


        <ScalarLabelDef>
            <ControlId>1205</ControlId>
            <Position>
                <X>333</X>
                <Y>48</Y>
            </Position>
            <FontName>arial9</FontName>
            <Width>150</Width>
            <Height>18</Height>
            <MaxCharacters>32</MaxCharacters>
            <Color>
                <R>254</R>
                <G>217</G>
                <B>10</B>
                <A>255</A>
            </Color>
            <Adapter>guild_level</Adapter>
        </ScalarLabelDef>


        <LabelDef>
            <ControlId>1206</ControlId>
            <Position>
                <X>368</X>
                <Y>48</Y>
            </Position>
            <Color>
                <R>208</R>
                <G>228</G>
                <B>229</B>
                <A>255</A>
            </Color>
            <FontName>arial9</FontName>
            <Width>50</Width>
            <Height>18</Height>
            <MaxCharacters>32</MaxCharacters>
            <Data>Money:</Data>
        </LabelDef>


        <ButtonDef>
            <ControlId>1207</ControlId>
            <Position>
                <X>405</X>
                <Y>48</Y>
            </Position>
            <Alignment>
                <TopLeft>true</TopLeft>
            </Alignment>
            <TemplateName>button_money</TemplateName>
            <Adapter>guild_money</Adapter>
            <OnClickEvent>ComGuildWithdraw</OnClickEvent>
            <LabelAlignment>
                <TopLeft>true</TopLeft>
            </LabelAlignment>
        </ButtonDef>


        <LabelDef>
            <ControlId>1208</ControlId>
            <Position>
                <X>510</X>
                <Y>48</Y>
            </Position>
            <Color>
                <R>208</R>
                <G>228</G>
                <B>229</B>
                <A>255</A>
            </Color>
            <FontName>arial9</FontName>
            <Width>50</Width>
            <Height>18</Height>
            <MaxCharacters>32</MaxCharacters>
            <Data>Dues:</Data>
        </LabelDef>


        <LabelDef>
            <ControlId>1209</ControlId>
            <Position>
                <X>540</X>
                <Y>48</Y>
            </Position>
            <Color>
                <R>254</R>
                <G>217</G>
                <B>10</B>
                <A>255</A>
            </Color>
            <FontName>arial9</FontName>
            <Width>150</Width>
            <Height>18</Height>
            <MaxCharacters>32</MaxCharacters>
            <Adapter>guild_dues</Adapter>
        </LabelDef>


        <LabelDef>
            <ControlId>1210</ControlId>
            <Position>
                <X>17</X>
                <Y>64</Y>
            </Position>
            <Color>
                <R>208</R>
                <G>228</G>
                <B>229</B>
                <A>255</A>
            </Color>
            <FontName>arial9</FontName>
            <Width>100</Width>
            <Height>18</Height>
            <MaxCharacters>32</MaxCharacters>
            <Data>House Lot:</Data>
        </LabelDef>


        <ScalarLabelDef>
            <ControlId>1211</ControlId>
            <Position>
                <X>72</X>
                <Y>64</Y>
            </Position>
            <FontName>arial9</FontName>
            <Width>100</Width>
            <Height>18</Height>
            <MaxCharacters>32</MaxCharacters>
            <Color>
                <R>254</R>
                <G>217</G>
                <B>10</B>
                <A>255</A>
            </Color>
            <Adapter>guild_house_lot</Adapter>
        </ScalarLabelDef>


        <LabelDef>
            <ControlId>1212</ControlId>
            <Position>
                <X>109</X>
                <Y>64</Y>
            </Position>
            <Color>
                <R>208</R>
                <G>228</G>
                <B>229</B>
                <A>255</A>
            </Color>
            <FontName>arial9</FontName>
            <Width>75</Width>
            <Height>18</Height>
            <MaxCharacters>32</MaxCharacters>
            <Data>Bounty Points:</Data>
        </LabelDef>


        <ScalarLabelDef>
            <ControlId>1213</ControlId>
            <Position>
                <X>182</X>
                <Y>64</Y>
            </Position>
            <FontName>arial9</FontName>
            <Width>150</Width>
            <Height>18</Height>
            <MaxCharacters>32</MaxCharacters>
            <Color>
                <R>254</R>
                <G>217</G>
                <B>10</B>
                <A>255</A>
            </Color>
            <Adapter>guild_bounty_points</Adapter>
        </ScalarLabelDef>


        <LabelDef>
            <ControlId>1214</ControlId>
            <Position>
                <X>243</X>
                <Y>64</Y>
            </Position>
            <ToolTipID>135</ToolTipID>
            <Color>
                <R>208</R>
                <G>228</G>
                <B>229</B>
                <A>255</A>
            </Color>
            <FontName>arial9</FontName>
            <Width>75</Width>
            <Height>18</Height>
            <MaxCharacters>32</MaxCharacters>
            <Data>Realm Points:</Data>
        </LabelDef>


        <ScalarLabelDef>
            <ControlId>1215</ControlId>
            <Position>
                <X>309</X>
                <Y>64</Y>
            </Position>
            <ToolTipID>135</ToolTipID>
            <FontName>arial9</FontName>
            <Width>50</Width>
            <Height>18</Height>
            <MaxCharacters>32</MaxCharacters>
            <Color>
                <R>254</R>
                <G>217</G>
                <B>10</B>
                <A>255</A>
            </Color>
            <Adapter>guild_realm_points</Adapter>
        </ScalarLabelDef>


        <LabelDef>
            <ControlId>1216</ControlId>
            <Position>
                <X>370</X>
                <Y>64</Y>
            </Position>
            <Color>
                <R>208</R>
                <G>228</G>
                <B>229</B>
                <A>255</A>
            </Color>
            <FontName>arial9</FontName>
            <Width>75</Width>
            <Height>18</Height>
            <MaxCharacters>32</MaxCharacters>
            <Data>Merit Points:</Data>
        </LabelDef>


        <ScalarLabelDef>
            <ControlId>1217</ControlId>
            <Position>
                <X>434</X>
                <Y>64</Y>
            </Position>
            <FontName>arial9</FontName>
            <Width>50</Width>
            <Height>18</Height>
            <MaxCharacters>32</MaxCharacters>
            <Color>
                <R>254</R>
                <G>217</G>
                <B>10</B>
                <A>255</A>
            </Color>
            <Adapter>guild_merit_points</Adapter>
        </ScalarLabelDef>


        <HorizontalResizeButtonDef>
            <ControlId>1218</ControlId>
            <Position>
                <X>499</X>
                <Y>60</Y>
            </Position>
            <Alignment>
                <TopLeft>true</TopLeft>
            </Alignment>
            <TemplateName>generic_hr_button</TemplateName>
            <Label>COMMANDS</Label>
            <Width>90</Width>
            <OnClickEvent>ComGuildCommands</OnClickEvent>
        </HorizontalResizeButtonDef>


        <ListBoxDef>
            <ControlId>1219</ControlId>
            <Position>
                <X>15</X>
                <Y>78</Y>
            </Position>
            <Alignment>
                <GrowWidth>true</GrowWidth>
                <GrowHeight>true</GrowHeight>
            </Alignment>
            <Width>575</Width>
            <Height>202</Height>
            <TemplateName>listbox_guild</TemplateName>
            <AdapterName>guild_members</AdapterName>
            <Sorting>false</Sorting>
            <Columns>2</Columns>
            <IconTemplate>plain_icon_small</IconTemplate>
            <ShowIndicator>true</ShowIndicator>
            <ShowDefaultToolTips>true</ShowDefaultToolTips>
            <OnHeaderClickEvent>ComGuildMembersSort</OnHeaderClickEvent>
            <OnClickEvent>ComGuildMemberSelected</OnClickEvent>
        </ListBoxDef>


        <CheckBoxDef>
            <ControlId>1220</ControlId>
            <Position>
                <X>18</X>
                <Y>282</Y>
            </Position>
            <TemplateName>generic_check</TemplateName>
            <AdapterName></AdapterName>
            <TextAdapterName></TextAdapterName>
            <Data>Show Offline</Data>
            <LabelWidth>90</LabelWidth>
            <OnClickEvent>ComGuildMembersShowOffline</OnClickEvent>
        </CheckBoxDef>


        <HorizontalResizeButtonDef>
            <ControlId>1221</ControlId>
            <Position>
                <X>130</X>
                <Y>282</Y>
            </Position>
            <Alignment>
                <TopLeft>true</TopLeft>
            </Alignment>
            <TemplateName>generic_hr_button</TemplateName>
            <Label>PROMOTE</Label>
            <Width>70</Width>
            <OnClickEvent>ComGuildPromote</OnClickEvent>
        </HorizontalResizeButtonDef>


        <HorizontalResizeButtonDef>
            <ControlId>1222</ControlId>
            <Position>
                <X>220</X>
                <Y>282</Y>
            </Position>
            <Alignment>
                <TopLeft>true</TopLeft>
            </Alignment>
            <TemplateName>generic_hr_button</TemplateName>
            <Label>DEMOTE</Label>
            <Width>70</Width>
            <OnClickEvent>ComGuildDemote</OnClickEvent>
        </HorizontalResizeButtonDef>


        <HorizontalResizeButtonDef>
            <ControlId>1223</ControlId>
            <Position>
                <X>310</X>
                <Y>282</Y>
            </Position>
            <Alignment>
                <TopLeft>true</TopLeft>
            </Alignment>
            <TemplateName>generic_hr_button</TemplateName>
            <Label>NOTE</Label>
            <Width>70</Width>
            <OnClickEvent>ComGuildNote</OnClickEvent>
        </HorizontalResizeButtonDef>


        <HorizontalResizeButtonDef>
            <ControlId>1224</ControlId>
            <Position>
                <X>400</X>
                <Y>282</Y>
            </Position>
            <Alignment>
                <TopLeft>true</TopLeft>
            </Alignment>
            <TemplateName>generic_hr_button</TemplateName>
            <Label>SEND</Label>
            <Width>70</Width>
            <OnClickEvent>ComGuildSend</OnClickEvent>
        </HorizontalResizeButtonDef>


        <ButtonDef>
            <ControlId>1225</ControlId>
            <Position>
                <X>508</X>
                <Y>281</Y>
            </Position>
            <Alignment>
                <TopLeft>true</TopLeft>
            </Alignment>
            <TemplateName>button_left</TemplateName>
            <OnClickEvent>ComGuildMembersPrev</OnClickEvent>
        </ButtonDef>


        <ScalarLabelDef>
            <ControlId>1226</ControlId>
            <Position>
                <X>513</X>
                <Y>284</Y>
            </Position>
            <FontName>arial9</FontName>
            <Width>25</Width>
            <Height>18</Height>
            <MaxCharacters>6</MaxCharacters>
            <Color>
                <R>254</R>
                <G>217</G>
                <B>10</B>
                <A>255</A>
            </Color>
            <Adapter>guild_members_current_page</Adapter>
            <TextCentered>true</TextCentered>
        </ScalarLabelDef>


        <LabelDef>
            <ControlId>1227</ControlId>
            <Position>
                <X>535</X>
                <Y>284</Y>
            </Position>
            <Color>
                <R>208</R>
                <G>228</G>
                <B>229</B>
                <A>255</A>
            </Color>
            <FontName>arial9</FontName>
            <Width>20</Width>
            <Height>18</Height>
            <MaxCharacters>5</MaxCharacters>
            <Data>of</Data>
        </LabelDef>


        <ScalarLabelDef>
            <ControlId>1228</ControlId>
            <Position>
                <X>548</X>
                <Y>284</Y>
            </Position>
            <FontName>arial9</FontName>
            <Width>25</Width>
            <Height>18</Height>
            <MaxCharacters>6</MaxCharacters>
            <Color>
                <R>254</R>
                <G>217</G>
                <B>10</B>
                <A>255</A>
            </Color>
            <Adapter>guild_members_total_pages</Adapter>
            <TextCentered>true</TextCentered>
        </ScalarLabelDef>


        <ButtonDef>
            <ControlId>1229</ControlId>
            <Position>
                <X>570</X>
                <Y>281</Y>
            </Position>
            <Alignment>
                <TopLeft>true</TopLeft>
            </Alignment>
            <TemplateName>button_right</TemplateName>
            <OnClickEvent>ComGuildMembersNext</OnClickEvent>
        </ButtonDef>


        <HorizontalResizeButtonDef>
            <ControlId>1230</ControlId>
            <Position>
                <X>17</X>
                <Y>301</Y>
            </Position>
            <TemplateName>generic_hr_button</TemplateName>
            <Label>DEPLOY</Label>
            <Width>70</Width>
            <OnClickEvent>ComGuildBannerDeploy</OnClickEvent>
        </HorizontalResizeButtonDef>


        <LabelDef>
            <ControlId>1231</ControlId>
            <Position>
                <X>99</X>
                <Y>304</Y>
            </Position>
            <Color>
                <R>208</R>
                <G>228</G>
                <B>229</B>
                <A>255</A>
            </Color>
            <FontName>arial9</FontName>
            <Width>100</Width>
            <Height>18</Height>
            <MaxCharacters>32</MaxCharacters>
            <Data>Banner Status:</Data>
        </LabelDef>


        <LabelDef>
            <ControlId>1232</ControlId>
            <Position>
                <X>174</X>
                <Y>304</Y>
            </Position>
            <Color>
                <R>255</R>
                <G>192</G>
                <B>0</B>
                <A>255</A>
            </Color>
            <FontName>arial9</FontName>
            <Width>400</Width>
            <Height>18</Height>
            <MaxCharacters>100</MaxCharacters>
            <Adapter>guild_banner_status</Adapter>
        </LabelDef>


        <HorizontalResizeButtonDef>
            <ControlId>1233</ControlId>
            <Position>
                <X>518</X>
                <Y>301</Y>
            </Position>
            <TemplateName>generic_hr_button</TemplateName>
            <Label>REFRESH</Label>
            <Width>70</Width>
            <OnClickEvent>ComTabRefresh</OnClickEvent>
        </HorizontalResizeButtonDef>


        <TextAreaDef>
            <ControlId>1234</ControlId>
            <Position>
                <X>15</X>
                <Y>320</Y>
            </Position>
            <TemplateName>generic_textarea</TemplateName>
            <AdapterName>guild_motd</AdapterName>
            <HasHotspots>false</HasHotspots>
            <MaxCharacters>32768</MaxCharacters>
            <Width>575</Width>
            <Height>75</Height>
        </TextAreaDef>


        <!-- Alliance Tab -->


        <LabelDef>
            <ControlId>1300</ControlId>
            <Position>
                <X>17</X>
                <Y>56</Y>
            </Position>
            <Color>
                <R>208</R>
                <G>228</G>
                <B>229</B>
                <A>255</A>
            </Color>
            <FontName>arial9</FontName>
            <Width>50</Width>
            <Height>18</Height>
            <MaxCharacters>32</MaxCharacters>
            <Data>Name:</Data>
        </LabelDef>


        <LabelDef>
            <ControlId>1301</ControlId>
            <Position>
                <X>48</X>
                <Y>56</Y>
            </Position>
            <Color>
                <R>254</R>
                <G>217</G>
                <B>10</B>
                <A>255</A>
            </Color>
            <FontName>arial9</FontName>
            <Width>200</Width>
            <Height>18</Height>
            <MaxCharacters>64</MaxCharacters>
            <Adapter>alliance_name</Adapter>
        </LabelDef>


        <LabelDef>
            <ControlId>1304</ControlId>
            <Position>
                <X>238</X>
                <Y>56</Y>
            </Position>
            <Color>
                <R>208</R>
                <G>228</G>
                <B>229</B>
                <A>255</A>
            </Color>
            <FontName>arial9</FontName>
            <Width>50</Width>
            <Height>18</Height>
            <MaxCharacters>32</MaxCharacters>
            <Data>Members:</Data>
        </LabelDef>


        <ScalarLabelDef>
            <ControlId>1305</ControlId>
            <Position>
                <X>290</X>
                <Y>56</Y>
            </Position>
            <FontName>arial9</FontName>
            <Width>100</Width>
            <Height>18</Height>
            <MaxCharacters>32</MaxCharacters>
            <Color>
                <R>254</R>
                <G>217</G>
                <B>10</B>
                <A>255</A>
            </Color>
            <Adapter>alliance_member_count</Adapter>
        </ScalarLabelDef>


        <ListBoxDef>
            <ControlId>1308</ControlId>
            <Position>
                <X>15</X>
                <Y>78</Y>
            </Position>
            <Alignment>
                <GrowWidth>true</GrowWidth>
                <GrowHeight>true</GrowHeight>
            </Alignment>
            <Width>575</Width>
            <Height>202</Height>
            <TemplateName>listbox_alliance</TemplateName>
            <AdapterName>alliance_members</AdapterName>
            <Sorting>false</Sorting>
            <Columns>2</Columns>
            <IconTemplate>plain_icon_small</IconTemplate>
            <ShowIndicator>true</ShowIndicator>
            <ShowDefaultToolTips>true</ShowDefaultToolTips>
            <OnHeaderClickEvent>ComAllianceMembersSort</OnHeaderClickEvent>
            <OnClickEvent>ComAllianceMemberSelected</OnClickEvent>
        </ListBoxDef>


        <HorizontalResizeButtonDef>
            <ControlId>1309</ControlId>
            <Position>
                <X>17</X>
                <Y>282</Y>
            </Position>
            <TemplateName>generic_hr_button</TemplateName>
            <Label>REFRESH</Label>
            <Width>70</Width>
            <OnClickEvent>ComTabRefresh</OnClickEvent>
        </HorizontalResizeButtonDef>


        <CheckBoxDef>
            <ControlId>1310</ControlId>
            <Position>
                <X>290</X>
                <Y>282</Y>
            </Position>
            <TemplateName>generic_check</TemplateName>
            <AdapterName></AdapterName>
            <TextAdapterName></TextAdapterName>
            <Data>Show Offline</Data>
            <LabelWidth>90</LabelWidth>
            <OnClickEvent>ComAllianceMembersShowOffline</OnClickEvent>
        </CheckBoxDef>


        <HorizontalResizeButtonDef>
            <ControlId>1311</ControlId>
            <Position>
                <X>400</X>
                <Y>282</Y>
            </Position>
            <Alignment>
                <TopLeft>true</TopLeft>
            </Alignment>
            <TemplateName>generic_hr_button</TemplateName>
            <Label>SEND</Label>
            <Width>70</Width>
            <OnClickEvent>ComAllianceSend</OnClickEvent>
        </HorizontalResizeButtonDef>


        <ButtonDef>
            <ControlId>1312</ControlId>
            <Position>
                <X>508</X>
                <Y>282</Y>
            </Position>
            <Alignment>
                <TopLeft>true</TopLeft>
            </Alignment>
            <TemplateName>button_left</TemplateName>
            <OnClickEvent>ComAllianceMembersPrev</OnClickEvent>
        </ButtonDef>


        <ScalarLabelDef>
            <ControlId>1313</ControlId>
            <Position>
                <X>514</X>
                <Y>284</Y>
            </Position>
            <FontName>arial9</FontName>
            <Width>20</Width>
            <Height>18</Height>
            <MaxCharacters>5</MaxCharacters>
            <Color>
                <R>254</R>
                <G>217</G>
                <B>10</B>
                <A>255</A>
            </Color>
            <Adapter>alliance_members_current_page</Adapter>
            <TextCentered>true</TextCentered>
        </ScalarLabelDef>


        <LabelDef>
            <ControlId>1314</ControlId>
            <Position>
                <X>535</X>
                <Y>284</Y>
            </Position>
            <Color>
                <R>208</R>
                <G>228</G>
                <B>229</B>
                <A>255</A>
            </Color>
            <FontName>arial9</FontName>
            <Width>25</Width>
            <Height>18</Height>
            <MaxCharacters>5</MaxCharacters>
            <Data>of</Data>
        </LabelDef>


        <ScalarLabelDef>
            <ControlId>1315</ControlId>
            <Position>
                <X>548</X>
                <Y>284</Y>
            </Position>
            <FontName>arial9</FontName>
            <Width>25</Width>
            <Height>18</Height>
            <MaxCharacters>10</MaxCharacters>
            <Color>
                <R>254</R>
                <G>217</G>
                <B>10</B>
                <A>255</A>
            </Color>
            <Adapter>alliance_members_total_pages</Adapter>
            <TextCentered>true</TextCentered>
        </ScalarLabelDef>


        <ButtonDef>
            <ControlId>1316</ControlId>
            <Position>
                <X>570</X>
                <Y>282</Y>
            </Position>
            <Alignment>
                <TopLeft>true</TopLeft>
            </Alignment>
            <TemplateName>button_right</TemplateName>
            <OnClickEvent>ComAllianceMembersNext</OnClickEvent>
        </ButtonDef>


        <TextAreaDef>
            <ControlId>1317</ControlId>
            <Position>
                <X>15</X>
                <Y>300</Y>
            </Position>
            <TemplateName>generic_textarea_sm</TemplateName>
            <AdapterName>alliance_motd</AdapterName>
            <HasHotspots>false</HasHotspots>
            <MaxCharacters>32768</MaxCharacters>
            <Width>575</Width>
            <Height>95</Height>
        </TextAreaDef>


        <!-- Friends Tab -->


        <ListBoxDef>
            <ControlId>1400</ControlId>
            <Position>
                <X>15</X>
                <Y>51</Y>
            </Position>
            <Alignment>
                <GrowWidth>true</GrowWidth>
                <GrowHeight>true</GrowHeight>
            </Alignment>
            <Width>575</Width>
            <Height>323</Height>
            <TemplateName>listbox_friends_lfguild</TemplateName>
            <AdapterName>friends_members</AdapterName>
            <Sorting>false</Sorting>
            <Columns>2</Columns>
            <IconTemplate>plain_icon_small</IconTemplate>
            <ShowIndicator>true</ShowIndicator>
            <ShowDefaultToolTips>true</ShowDefaultToolTips>
            <OnHeaderClickEvent>ComFriendsMembersSort</OnHeaderClickEvent>
            <OnClickEvent>ComFriendsMemberSelected</OnClickEvent>
        </ListBoxDef>


        <HorizontalResizeButtonDef>
            <ControlId>1401</ControlId>
            <Position>
                <X>17</X>
                <Y>377</Y>
            </Position>
            <TemplateName>generic_hr_button</TemplateName>
            <Label>REFRESH</Label>
            <Width>70</Width>
            <OnClickEvent>ComTabRefresh</OnClickEvent>
        </HorizontalResizeButtonDef>


        <HorizontalResizeButtonDef>
            <ControlId>1402</ControlId>
            <Position>
                <X>518</X>
                <Y>377</Y>
            </Position>
            <Alignment>
                <TopLeft>true</TopLeft>
            </Alignment>
            <TemplateName>generic_hr_button</TemplateName>
            <Label>SEND</Label>
            <Width>70</Width>
            <OnClickEvent>ComFriendsSend</OnClickEvent>
        </HorizontalResizeButtonDef>


        <!-- LFGuild Tab -->


        <ListBoxDef>
            <ControlId>1500</ControlId>
            <Position>
                <X>15</X>
                <Y>51</Y>
            </Position>
            <Alignment>
                <GrowWidth>true</GrowWidth>
                <GrowHeight>true</GrowHeight>
            </Alignment>
            <Width>575</Width>
            <Height>323</Height>
            <TemplateName>listbox_friends_lfguild</TemplateName>
            <AdapterName>lfguild_members</AdapterName>
            <Sorting>false</Sorting>
            <Columns>2</Columns>
            <IconTemplate>plain_icon_small</IconTemplate>
            <ShowIndicator>true</ShowIndicator>
            <ShowDefaultToolTips>true</ShowDefaultToolTips>
            <OnHeaderClickEvent>ComLFGuildMembersSort</OnHeaderClickEvent>
            <OnClickEvent>ComLFGuildMemberSelected</OnClickEvent>
        </ListBoxDef>


        <HorizontalResizeButtonDef>
            <ControlId>1501</ControlId>
            <Position>
                <X>17</X>
                <Y>377</Y>
            </Position>
            <TemplateName>generic_hr_button</TemplateName>
            <Label>REFRESH</Label>
            <Width>70</Width>
            <OnClickEvent>ComTabRefresh</OnClickEvent>
        </HorizontalResizeButtonDef>


        <HorizontalResizeButtonDef>
            <ControlId>1502</ControlId>
            <Position>
                <X>423</X>
                <Y>377</Y>
            </Position>
            <Alignment>
                <TopLeft>true</TopLeft>
            </Alignment>
            <TemplateName>generic_hr_button</TemplateName>
            <Label>INVITE</Label>
            <Width>70</Width>
            <OnClickEvent>ComLFGuildInvite</OnClickEvent>
        </HorizontalResizeButtonDef>


        <HorizontalResizeButtonDef>
            <ControlId>1503</ControlId>
            <Position>
                <X>518</X>
                <Y>377</Y>
            </Position>
            <Alignment>
                <TopLeft>true</TopLeft>
            </Alignment>
            <TemplateName>generic_hr_button</TemplateName>
            <Label>SEND</Label>
            <Width>70</Width>
            <OnClickEvent>ComLFGuildSend</OnClickEvent>
        </HorizontalResizeButtonDef>


    </WindowTemplate>


</Root_Element>
