<?xml version="1.0"?>
<Root_Element ID="DAOCUi">

<!-- @@ Edited with the DAoC User Interface Editor v1.80 -->
<!-- @@ Free download available at http://www.bradtownsend.com/daoced -->


    <WindowTemplate>
        <Name>custom7_window</Name>
        <WindowId>custom7_window</WindowId>
        <CloseButton>false</CloseButton>
        <MoveButton>false</MoveButton>
        <TopRightResizeButton>false</TopRightResizeButton>
        <BottomRightResizeButton>false</BottomRightResizeButton>
        <BottomLeftResizeButton>false</BottomLeftResizeButton>
        <ResizeButtonOffsetX>0</ResizeButtonOffsetX>
        <ResizeButtonOffsetY>0</ResizeButtonOffsetY>
        <TitleWidth>0</TitleWidth>
        <TitleHeight>0</TitleHeight>
        <Width>392</Width>
        <Height>164</Height>
        <ResizeableWidth>0</ResizeableWidth>
        <ResizeableHeight>0</ResizeableHeight>
        <ResizeableTwoWayWidth>0</ResizeableTwoWayWidth>
        <ResizeableTwoWayHeight>0</ResizeableTwoWayHeight>
        <MinWidth>0</MinWidth>
        <MinHeight>0</MinHeight>
        <ContextTemplateName></ContextTemplateName>


        <!--                                 GROUP MEMBER GROUP MEMBER 1                                    -->


        <StatusIconDef>
            <Position>
                <X>0</X>
                <Y>2</Y>
            </Position>
            <Alignment>
                <TopLeft>true</TopLeft>
            </Alignment>
            <TemplateName>hsi</TemplateName>
            <AdapterName>group_health0</AdapterName>
        </StatusIconDef>


        <IconSetDef>
            <Position>
                <X>0</X>
                <Y>17</Y>
            </Position>
            <Alignment>
                <TopLeft>true</TopLeft>
            </Alignment>
            <TemplateName>group_buffs_iconset</TemplateName>
            <Rows>4</Rows>
            <Columns>6</Columns>
            <BaseAdapterName>group_0icon</BaseAdapterName>
        </IconSetDef>


        <LabelDef>
            <Position>
                <X>2</X>
                <Y>3</Y>
            </Position>
            <Alignment>
                <TopLeft>true</TopLeft>
            </Alignment>
            <Color>
                <R>255</R>
                <G>255</G>
                <B>255</B>
                <A>255</A>
            </Color>
            <FontName>arial11b</FontName>
            <Width>63</Width>
            <Height>12</Height>
            <MaxCharacters>31</MaxCharacters>
            <ColorAdapter>group_color0</ColorAdapter>
            <Adapter>group_name0</Adapter>
        </LabelDef>


        <LabelDef>
            <Position>
                <X>2</X>
                <Y>70</Y>
            </Position>
            <Alignment>
                <TopLeft>true</TopLeft>
            </Alignment>
            <Color>
                <R>255</R>
                <G>255</G>
                <B>255</B>
                <A>255</A>
            </Color>
            <FontName>arial9ds</FontName>
            <Width>42</Width>
            <Height>12</Height>
            <MaxCharacters>11</MaxCharacters>
            <Adapter>group_class0</Adapter>
        </LabelDef>


        <ScalarLabelDef>
            <Position>
                <X>83</X>
                <Y>70</Y>
            </Position>
            <Alignment>
                <TopLeft>true</TopLeft>
            </Alignment>
            <FontName>arial9ds</FontName>
            <Width>32</Width>
            <Height>32</Height>
            <MaxCharacters>4</MaxCharacters>
            <Color>
                <R>255</R>
                <G>255</G>
                <B>255</B>
                <A>200</A>
            </Color>
            <Adapter>group_level0</Adapter>
            <DontDrawWhenZero>true</DontDrawWhenZero>
            <DontDrawWhenNegOne>true</DontDrawWhenNegOne>
        </ScalarLabelDef>


        <ScalarLabelDef>
            <Position>
                <X>74</X>
                <Y>2</Y>
            </Position>
            <Alignment>
                <TopLeft>true</TopLeft>
            </Alignment>
            <FontName>arial11b</FontName>
            <Width>32</Width>
            <Height>32</Height>
            <MaxCharacters>4</MaxCharacters>
            <Color>
                <R>255</R>
                <G>0</G>
                <B>0</B>
                <A>196</A>
            </Color>
            <Adapter>group_health0</Adapter>
            <DontDrawWhenZero>true</DontDrawWhenZero>
            <DontDrawWhenNegOne>true</DontDrawWhenNegOne>
        </ScalarLabelDef>


        <ScalarLabelDef>
            <Position>
                <X>47</X>
                <Y>70</Y>
            </Position>
            <Alignment>
                <TopLeft>true</TopLeft>
            </Alignment>
            <FontName>arial9ds</FontName>
            <Width>32</Width>
            <Height>32</Height>
            <MaxCharacters>4</MaxCharacters>
            <Color>
                <R>23</R>
                <G>255</G>
                <B>0</B>
                <A>196</A>
            </Color>
            <Adapter>group_endurance0</Adapter>
            <DontDrawWhenZero>true</DontDrawWhenZero>
            <DontDrawWhenNegOne>true</DontDrawWhenNegOne>
        </ScalarLabelDef>


        <ScalarLabelDef>
            <Position>
                <X>65</X>
                <Y>70</Y>
            </Position>
            <Alignment>
                <TopLeft>true</TopLeft>
            </Alignment>
            <FontName>arial9ds</FontName>
            <Width>32</Width>
            <Height>32</Height>
            <MaxCharacters>4</MaxCharacters>
            <Color>
                <R>255</R>
                <G>255</G>
                <B>0</B>
                <A>196</A>
            </Color>
            <Adapter>group_power0</Adapter>
            <DontDrawWhenZero>true</DontDrawWhenZero>
            <DontDrawWhenNegOne>true</DontDrawWhenNegOne>
        </ScalarLabelDef>


        <InvisibleButtonDef>
            <Position>
                <X>0</X>
                <Y>2</Y>
            </Position>
            <Alignment>
                <TopLeft>true</TopLeft>
            </Alignment>
            <Label></Label>
            <OnClickEvent>SelectGroupMember0</OnClickEvent>
            <Width>97</Width>
            <Height>78</Height>
        </InvisibleButtonDef>


        <!--                                 GROUP MEMBER GROUP MEMBER 2                                 -->


        <StatusIconDef>
            <Position>
                <X>99</X>
                <Y>2</Y>
            </Position>
            <Alignment>
                <TopLeft>true</TopLeft>
            </Alignment>
            <TemplateName>hsi</TemplateName>
            <AdapterName>group_health1</AdapterName>
        </StatusIconDef>


        <IconSetDef>
            <Position>
                <X>99</X>
                <Y>17</Y>
            </Position>
            <Alignment>
                <TopLeft>true</TopLeft>
            </Alignment>
            <TemplateName>group_buffs_iconset</TemplateName>
            <Rows>4</Rows>
            <Columns>6</Columns>
            <BaseAdapterName>group_1icon</BaseAdapterName>
        </IconSetDef>


        <LabelDef>
            <Position>
                <X>101</X>
                <Y>3</Y>
            </Position>
            <Alignment>
                <TopLeft>true</TopLeft>
            </Alignment>
            <Color>
                <R>255</R>
                <G>255</G>
                <B>255</B>
                <A>255</A>
            </Color>
            <FontName>arial11b</FontName>
            <Width>63</Width>
            <Height>12</Height>
            <MaxCharacters>31</MaxCharacters>
            <ColorAdapter>group_color1</ColorAdapter>
            <Adapter>group_name1</Adapter>
        </LabelDef>


        <ScalarLabelDef>
            <Position>
                <X>182</X>
                <Y>70</Y>
            </Position>
            <Alignment>
                <TopLeft>true</TopLeft>
            </Alignment>
            <FontName>arial9ds</FontName>
            <Width>32</Width>
            <Height>32</Height>
            <MaxCharacters>4</MaxCharacters>
            <Color>
                <R>255</R>
                <G>255</G>
                <B>255</B>
                <A>200</A>
            </Color>
            <Adapter>group_level1</Adapter>
            <DontDrawWhenZero>true</DontDrawWhenZero>
            <DontDrawWhenNegOne>true</DontDrawWhenNegOne>
        </ScalarLabelDef>


        <LabelDef>
            <Position>
                <X>101</X>
                <Y>70</Y>
            </Position>
            <Alignment>
                <TopLeft>true</TopLeft>
            </Alignment>
            <Color>
                <R>255</R>
                <G>255</G>
                <B>255</B>
                <A>255</A>
            </Color>
            <FontName>arial9ds</FontName>
            <Width>42</Width>
            <Height>12</Height>
            <MaxCharacters>11</MaxCharacters>
            <Adapter>group_class1</Adapter>
        </LabelDef>


        <ScalarLabelDef>
            <Position>
                <X>173</X>
                <Y>2</Y>
            </Position>
            <Alignment>
                <TopLeft>true</TopLeft>
            </Alignment>
            <FontName>arial11b</FontName>
            <Width>32</Width>
            <Height>32</Height>
            <MaxCharacters>4</MaxCharacters>
            <Color>
                <R>255</R>
                <G>0</G>
                <B>0</B>
                <A>196</A>
            </Color>
            <Adapter>group_health1</Adapter>
            <DontDrawWhenZero>true</DontDrawWhenZero>
            <DontDrawWhenNegOne>true</DontDrawWhenNegOne>
        </ScalarLabelDef>


        <ScalarLabelDef>
            <Position>
                <X>146</X>
                <Y>70</Y>
            </Position>
            <Alignment>
                <TopLeft>true</TopLeft>
            </Alignment>
            <FontName>arial9ds</FontName>
            <Width>32</Width>
            <Height>32</Height>
            <MaxCharacters>4</MaxCharacters>
            <Color>
                <R>23</R>
                <G>255</G>
                <B>0</B>
                <A>196</A>
            </Color>
            <Adapter>group_endurance1</Adapter>
            <DontDrawWhenZero>true</DontDrawWhenZero>
            <DontDrawWhenNegOne>true</DontDrawWhenNegOne>
        </ScalarLabelDef>


        <ScalarLabelDef>
            <Position>
                <X>164</X>
                <Y>70</Y>
            </Position>
            <Alignment>
                <TopLeft>true</TopLeft>
            </Alignment>
            <FontName>arial9ds</FontName>
            <Width>32</Width>
            <Height>32</Height>
            <MaxCharacters>4</MaxCharacters>
            <Color>
                <R>255</R>
                <G>255</G>
                <B>0</B>
                <A>196</A>
            </Color>
            <Adapter>group_power1</Adapter>
            <DontDrawWhenZero>true</DontDrawWhenZero>
            <DontDrawWhenNegOne>true</DontDrawWhenNegOne>
        </ScalarLabelDef>


        <InvisibleButtonDef>
            <Position>
                <X>99</X>
                <Y>2</Y>
            </Position>
            <Alignment>
                <TopLeft>true</TopLeft>
            </Alignment>
            <Label></Label>
            <OnClickEvent>SelectGroupMember1</OnClickEvent>
            <Width>97</Width>
            <Height>78</Height>
        </InvisibleButtonDef>


        <!--                                 GROUP MEMBER GROUP MEMBER 3                                 -->


        <StatusIconDef>
            <Position>
                <X>198</X>
                <Y>2</Y>
            </Position>
            <Alignment>
                <TopLeft>true</TopLeft>
            </Alignment>
            <TemplateName>hsi</TemplateName>
            <AdapterName>group_health2</AdapterName>
        </StatusIconDef>


        <IconSetDef>
            <Position>
                <X>198</X>
                <Y>17</Y>
            </Position>
            <Alignment>
                <TopLeft>true</TopLeft>
            </Alignment>
            <TemplateName>group_buffs_iconset</TemplateName>
            <Rows>4</Rows>
            <Columns>6</Columns>
            <BaseAdapterName>group_2icon</BaseAdapterName>
        </IconSetDef>


        <ScalarLabelDef>
            <Position>
                <X>281</X>
                <Y>70</Y>
            </Position>
            <Alignment>
                <TopLeft>true</TopLeft>
            </Alignment>
            <FontName>arial9ds</FontName>
            <Width>32</Width>
            <Height>32</Height>
            <MaxCharacters>4</MaxCharacters>
            <Color>
                <R>255</R>
                <G>255</G>
                <B>255</B>
                <A>200</A>
            </Color>
            <Adapter>group_level2</Adapter>
            <DontDrawWhenZero>true</DontDrawWhenZero>
            <DontDrawWhenNegOne>true</DontDrawWhenNegOne>
        </ScalarLabelDef>


        <LabelDef>
            <Position>
                <X>200</X>
                <Y>3</Y>
            </Position>
            <Alignment>
                <TopLeft>true</TopLeft>
            </Alignment>
            <Color>
                <R>255</R>
                <G>255</G>
                <B>255</B>
                <A>255</A>
            </Color>
            <FontName>arial11b</FontName>
            <Width>63</Width>
            <Height>12</Height>
            <MaxCharacters>31</MaxCharacters>
            <ColorAdapter>group_color2</ColorAdapter>
            <Adapter>group_name2</Adapter>
        </LabelDef>


        <LabelDef>
            <Position>
                <X>200</X>
                <Y>70</Y>
            </Position>
            <Alignment>
                <TopLeft>true</TopLeft>
            </Alignment>
            <Color>
                <R>255</R>
                <G>255</G>
                <B>255</B>
                <A>255</A>
            </Color>
            <FontName>arial9ds</FontName>
            <Width>42</Width>
            <Height>12</Height>
            <MaxCharacters>11</MaxCharacters>
            <Adapter>group_class2</Adapter>
        </LabelDef>


        <ScalarLabelDef>
            <Position>
                <X>272</X>
                <Y>2</Y>
            </Position>
            <Alignment>
                <TopLeft>true</TopLeft>
            </Alignment>
            <FontName>arial11b</FontName>
            <Width>32</Width>
            <Height>32</Height>
            <MaxCharacters>4</MaxCharacters>
            <Color>
                <R>255</R>
                <G>0</G>
                <B>0</B>
                <A>196</A>
            </Color>
            <Adapter>group_health2</Adapter>
            <DontDrawWhenZero>true</DontDrawWhenZero>
            <DontDrawWhenNegOne>true</DontDrawWhenNegOne>
        </ScalarLabelDef>


        <ScalarLabelDef>
            <Position>
                <X>245</X>
                <Y>70</Y>
            </Position>
            <Alignment>
                <TopLeft>true</TopLeft>
            </Alignment>
            <FontName>arial9ds</FontName>
            <Width>32</Width>
            <Height>32</Height>
            <MaxCharacters>4</MaxCharacters>
            <Color>
                <R>23</R>
                <G>255</G>
                <B>0</B>
                <A>196</A>
            </Color>
            <Adapter>group_endurance2</Adapter>
            <DontDrawWhenZero>true</DontDrawWhenZero>
            <DontDrawWhenNegOne>true</DontDrawWhenNegOne>
        </ScalarLabelDef>


        <ScalarLabelDef>
            <Position>
                <X>263</X>
                <Y>70</Y>
            </Position>
            <Alignment>
                <TopLeft>true</TopLeft>
            </Alignment>
            <FontName>arial9ds</FontName>
            <Width>32</Width>
            <Height>32</Height>
            <MaxCharacters>4</MaxCharacters>
            <Color>
                <R>255</R>
                <G>255</G>
                <B>0</B>
                <A>196</A>
            </Color>
            <Adapter>group_power2</Adapter>
            <DontDrawWhenZero>true</DontDrawWhenZero>
            <DontDrawWhenNegOne>true</DontDrawWhenNegOne>
        </ScalarLabelDef>


        <InvisibleButtonDef>
            <Position>
                <X>198</X>
                <Y>2</Y>
            </Position>
            <Alignment>
                <TopLeft>true</TopLeft>
            </Alignment>
            <Label></Label>
            <OnClickEvent>SelectGroupMember2</OnClickEvent>
            <Width>97</Width>
            <Height>78</Height>
        </InvisibleButtonDef>


        <!--                                 GROUP MEMBER 4                                  -->


        <StatusIconDef>
            <Position>
                <X>297</X>
                <Y>2</Y>
            </Position>
            <Alignment>
                <TopLeft>true</TopLeft>
            </Alignment>
            <TemplateName>hsi</TemplateName>
            <AdapterName>group_health3</AdapterName>
        </StatusIconDef>


        <IconSetDef>
            <Position>
                <X>297</X>
                <Y>17</Y>
            </Position>
            <Alignment>
                <TopLeft>true</TopLeft>
            </Alignment>
            <TemplateName>group_buffs_iconset</TemplateName>
            <Rows>4</Rows>
            <Columns>6</Columns>
            <BaseAdapterName>group_3icon</BaseAdapterName>
        </IconSetDef>


        <ScalarLabelDef>
            <Position>
                <X>380</X>
                <Y>70</Y>
            </Position>
            <Alignment>
                <TopLeft>true</TopLeft>
            </Alignment>
            <FontName>arial9ds</FontName>
            <Width>32</Width>
            <Height>32</Height>
            <MaxCharacters>4</MaxCharacters>
            <Color>
                <R>255</R>
                <G>255</G>
                <B>255</B>
                <A>200</A>
            </Color>
            <Adapter>group_level3</Adapter>
            <DontDrawWhenZero>true</DontDrawWhenZero>
            <DontDrawWhenNegOne>true</DontDrawWhenNegOne>
        </ScalarLabelDef>


        <LabelDef>
            <Position>
                <X>299</X>
                <Y>3</Y>
            </Position>
            <Alignment>
                <TopLeft>true</TopLeft>
            </Alignment>
            <Color>
                <R>255</R>
                <G>255</G>
                <B>255</B>
                <A>255</A>
            </Color>
            <FontName>arial11b</FontName>
            <Width>63</Width>
            <Height>12</Height>
            <MaxCharacters>31</MaxCharacters>
            <ColorAdapter>group_color3</ColorAdapter>
            <Adapter>group_name3</Adapter>
        </LabelDef>


        <LabelDef>
            <Position>
                <X>299</X>
                <Y>70</Y>
            </Position>
            <Alignment>
                <TopLeft>true</TopLeft>
            </Alignment>
            <Color>
                <R>255</R>
                <G>255</G>
                <B>255</B>
                <A>255</A>
            </Color>
            <FontName>arial9ds</FontName>
            <Width>42</Width>
            <Height>12</Height>
            <MaxCharacters>11</MaxCharacters>
            <Adapter>group_class3</Adapter>
        </LabelDef>


        <ScalarLabelDef>
            <Position>
                <X>371</X>
                <Y>2</Y>
            </Position>
            <Alignment>
                <TopLeft>true</TopLeft>
            </Alignment>
            <FontName>arial11b</FontName>
            <Width>32</Width>
            <Height>32</Height>
            <MaxCharacters>4</MaxCharacters>
            <Color>
                <R>255</R>
                <G>0</G>
                <B>0</B>
                <A>196</A>
            </Color>
            <Adapter>group_health3</Adapter>
            <DontDrawWhenZero>true</DontDrawWhenZero>
            <DontDrawWhenNegOne>true</DontDrawWhenNegOne>
        </ScalarLabelDef>


        <ScalarLabelDef>
            <Position>
                <X>344</X>
                <Y>70</Y>
            </Position>
            <Alignment>
                <TopLeft>true</TopLeft>
            </Alignment>
            <FontName>arial9ds</FontName>
            <Width>32</Width>
            <Height>32</Height>
            <MaxCharacters>4</MaxCharacters>
            <Color>
                <R>23</R>
                <G>255</G>
                <B>0</B>
                <A>196</A>
            </Color>
            <Adapter>group_endurance3</Adapter>
            <DontDrawWhenZero>true</DontDrawWhenZero>
            <DontDrawWhenNegOne>true</DontDrawWhenNegOne>
        </ScalarLabelDef>


        <ScalarLabelDef>
            <Position>
                <X>362</X>
                <Y>70</Y>
            </Position>
            <Alignment>
                <TopLeft>true</TopLeft>
            </Alignment>
            <FontName>arial9ds</FontName>
            <Width>32</Width>
            <Height>32</Height>
            <MaxCharacters>4</MaxCharacters>
            <Color>
                <R>255</R>
                <G>255</G>
                <B>0</B>
                <A>196</A>
            </Color>
            <Adapter>group_power3</Adapter>
            <DontDrawWhenZero>true</DontDrawWhenZero>
            <DontDrawWhenNegOne>true</DontDrawWhenNegOne>
        </ScalarLabelDef>


        <InvisibleButtonDef>
            <Position>
                <X>297</X>
                <Y>2</Y>
            </Position>
            <Alignment>
                <TopLeft>true</TopLeft>
            </Alignment>
            <Label></Label>
            <OnClickEvent>SelectGroupMember3</OnClickEvent>
            <Width>97</Width>
            <Height>78</Height>
        </InvisibleButtonDef>


        <!--                                 GROUP MEMBER 5                                  -->


        <StatusIconDef>
            <Position>
                <X>0</X>
                <Y>84</Y>
            </Position>
            <Alignment>
                <TopLeft>true</TopLeft>
            </Alignment>
            <TemplateName>hsi</TemplateName>
            <AdapterName>group_health4</AdapterName>
        </StatusIconDef>


        <IconSetDef>
            <Position>
                <X>0</X>
                <Y>99</Y>
            </Position>
            <Alignment>
                <TopLeft>true</TopLeft>
            </Alignment>
            <TemplateName>group_buffs_iconset</TemplateName>
            <Rows>4</Rows>
            <Columns>6</Columns>
            <BaseAdapterName>group_4icon</BaseAdapterName>
        </IconSetDef>


        <ScalarLabelDef>
            <Position>
                <X>83</X>
                <Y>152</Y>
            </Position>
            <Alignment>
                <TopLeft>true</TopLeft>
            </Alignment>
            <FontName>arial9ds</FontName>
            <Width>32</Width>
            <Height>32</Height>
            <MaxCharacters>4</MaxCharacters>
            <Color>
                <R>255</R>
                <G>255</G>
                <B>255</B>
                <A>200</A>
            </Color>
            <Adapter>group_level4</Adapter>
            <DontDrawWhenZero>true</DontDrawWhenZero>
            <DontDrawWhenNegOne>true</DontDrawWhenNegOne>
        </ScalarLabelDef>


        <LabelDef>
            <Position>
                <X>2</X>
                <Y>83</Y>
            </Position>
            <Alignment>
                <TopLeft>true</TopLeft>
            </Alignment>
            <Color>
                <R>255</R>
                <G>255</G>
                <B>255</B>
                <A>255</A>
            </Color>
            <FontName>arial11b</FontName>
            <Width>63</Width>
            <Height>12</Height>
            <MaxCharacters>31</MaxCharacters>
            <ColorAdapter>group_color4</ColorAdapter>
            <Adapter>group_name4</Adapter>
        </LabelDef>


        <LabelDef>
            <Position>
                <X>2</X>
                <Y>152</Y>
            </Position>
            <Alignment>
                <TopLeft>true</TopLeft>
            </Alignment>
            <Color>
                <R>255</R>
                <G>255</G>
                <B>255</B>
                <A>255</A>
            </Color>
            <FontName>arial9ds</FontName>
            <Width>42</Width>
            <Height>12</Height>
            <MaxCharacters>11</MaxCharacters>
            <Adapter>group_class4</Adapter>
        </LabelDef>


        <ScalarLabelDef>
            <Position>
                <X>74</X>
                <Y>83</Y>
            </Position>
            <Alignment>
                <TopLeft>true</TopLeft>
            </Alignment>
            <FontName>arial11b</FontName>
            <Width>32</Width>
            <Height>32</Height>
            <MaxCharacters>4</MaxCharacters>
            <Color>
                <R>255</R>
                <G>0</G>
                <B>0</B>
                <A>196</A>
            </Color>
            <Adapter>group_health4</Adapter>
            <DontDrawWhenZero>true</DontDrawWhenZero>
            <DontDrawWhenNegOne>true</DontDrawWhenNegOne>
        </ScalarLabelDef>


        <ScalarLabelDef>
            <Position>
                <X>47</X>
                <Y>152</Y>
            </Position>
            <Alignment>
                <TopLeft>true</TopLeft>
            </Alignment>
            <FontName>arial9ds</FontName>
            <Width>32</Width>
            <Height>32</Height>
            <MaxCharacters>4</MaxCharacters>
            <Color>
                <R>23</R>
                <G>255</G>
                <B>0</B>
                <A>196</A>
            </Color>
            <Adapter>group_endurance4</Adapter>
            <DontDrawWhenZero>true</DontDrawWhenZero>
            <DontDrawWhenNegOne>true</DontDrawWhenNegOne>
        </ScalarLabelDef>


        <ScalarLabelDef>
            <Position>
                <X>65</X>
                <Y>152</Y>
            </Position>
            <Alignment>
                <TopLeft>true</TopLeft>
            </Alignment>
            <FontName>arial9ds</FontName>
            <Width>32</Width>
            <Height>32</Height>
            <MaxCharacters>4</MaxCharacters>
            <Color>
                <R>255</R>
                <G>255</G>
                <B>0</B>
                <A>196</A>
            </Color>
            <Adapter>group_power4</Adapter>
            <DontDrawWhenZero>true</DontDrawWhenZero>
            <DontDrawWhenNegOne>true</DontDrawWhenNegOne>
        </ScalarLabelDef>


        <InvisibleButtonDef>
            <Position>
                <X>0</X>
                <Y>84</Y>
            </Position>
            <Alignment>
                <TopLeft>true</TopLeft>
            </Alignment>
            <Label></Label>
            <OnClickEvent>SelectGroupMember4</OnClickEvent>
            <Width>97</Width>
            <Height>78</Height>
        </InvisibleButtonDef>


        <!--                                 GROUP MEMBER GROUP MEMBER 6                                 -->


        <StatusIconDef>
            <Position>
                <X>99</X>
                <Y>84</Y>
            </Position>
            <Alignment>
                <TopLeft>true</TopLeft>
            </Alignment>
            <TemplateName>hsi</TemplateName>
            <AdapterName>group_health5</AdapterName>
        </StatusIconDef>


        <IconSetDef>
            <Position>
                <X>99</X>
                <Y>99</Y>
            </Position>
            <Alignment>
                <TopLeft>true</TopLeft>
            </Alignment>
            <TemplateName>group_buffs_iconset</TemplateName>
            <Rows>4</Rows>
            <Columns>6</Columns>
            <BaseAdapterName>group_5icon</BaseAdapterName>
        </IconSetDef>


        <ScalarLabelDef>
            <Position>
                <X>182</X>
                <Y>152</Y>
            </Position>
            <Alignment>
                <TopLeft>true</TopLeft>
            </Alignment>
            <FontName>arial9ds</FontName>
            <Width>32</Width>
            <Height>32</Height>
            <MaxCharacters>4</MaxCharacters>
            <Color>
                <R>255</R>
                <G>255</G>
                <B>255</B>
                <A>200</A>
            </Color>
            <Adapter>group_level5</Adapter>
            <DontDrawWhenZero>true</DontDrawWhenZero>
            <DontDrawWhenNegOne>true</DontDrawWhenNegOne>
        </ScalarLabelDef>


        <LabelDef>
            <Position>
                <X>101</X>
                <Y>83</Y>
            </Position>
            <Alignment>
                <TopLeft>true</TopLeft>
            </Alignment>
            <Color>
                <R>255</R>
                <G>255</G>
                <B>255</B>
                <A>255</A>
            </Color>
            <FontName>arial11b</FontName>
            <Width>63</Width>
            <Height>12</Height>
            <MaxCharacters>31</MaxCharacters>
            <ColorAdapter>group_color5</ColorAdapter>
            <Adapter>group_name5</Adapter>
        </LabelDef>


        <LabelDef>
            <Position>
                <X>101</X>
                <Y>152</Y>
            </Position>
            <Alignment>
                <TopLeft>true</TopLeft>
            </Alignment>
            <Color>
                <R>255</R>
                <G>255</G>
                <B>255</B>
                <A>255</A>
            </Color>
            <FontName>arial9ds</FontName>
            <Width>42</Width>
            <Height>12</Height>
            <MaxCharacters>11</MaxCharacters>
            <Adapter>group_class5</Adapter>
        </LabelDef>


        <ScalarLabelDef>
            <Position>
                <X>146</X>
                <Y>152</Y>
            </Position>
            <Alignment>
                <TopLeft>true</TopLeft>
            </Alignment>
            <FontName>arial9ds</FontName>
            <Width>32</Width>
            <Height>32</Height>
            <MaxCharacters>4</MaxCharacters>
            <Color>
                <R>23</R>
                <G>255</G>
                <B>0</B>
                <A>196</A>
            </Color>
            <Adapter>group_endurance5</Adapter>
            <DontDrawWhenZero>true</DontDrawWhenZero>
            <DontDrawWhenNegOne>true</DontDrawWhenNegOne>
        </ScalarLabelDef>


        <ScalarLabelDef>
            <Position>
                <X>173</X>
                <Y>83</Y>
            </Position>
            <Alignment>
                <TopLeft>true</TopLeft>
            </Alignment>
            <FontName>arial11b</FontName>
            <Width>32</Width>
            <Height>32</Height>
            <MaxCharacters>4</MaxCharacters>
            <Color>
                <R>255</R>
                <G>0</G>
                <B>0</B>
                <A>196</A>
            </Color>
            <Adapter>group_health5</Adapter>
            <DontDrawWhenZero>true</DontDrawWhenZero>
            <DontDrawWhenNegOne>true</DontDrawWhenNegOne>
        </ScalarLabelDef>


        <ScalarLabelDef>
            <Position>
                <X>164</X>
                <Y>152</Y>
            </Position>
            <Alignment>
                <TopLeft>true</TopLeft>
            </Alignment>
            <FontName>arial9ds</FontName>
            <Width>32</Width>
            <Height>32</Height>
            <MaxCharacters>4</MaxCharacters>
            <Color>
                <R>255</R>
                <G>255</G>
                <B>0</B>
                <A>196</A>
            </Color>
            <Adapter>group_power5</Adapter>
            <DontDrawWhenZero>true</DontDrawWhenZero>
            <DontDrawWhenNegOne>true</DontDrawWhenNegOne>
        </ScalarLabelDef>


        <InvisibleButtonDef>
            <Position>
                <X>99</X>
                <Y>84</Y>
            </Position>
            <Alignment>
                <TopLeft>true</TopLeft>
            </Alignment>
            <Label></Label>
            <OnClickEvent>SelectGroupMember5</OnClickEvent>
            <Width>97</Width>
            <Height>78</Height>
        </InvisibleButtonDef>


        <!--                                 GROUP MEMBER GROUP MEMBER 7                                 -->


        <StatusIconDef>
            <Position>
                <X>198</X>
                <Y>84</Y>
            </Position>
            <Alignment>
                <TopLeft>true</TopLeft>
            </Alignment>
            <TemplateName>hsi</TemplateName>
            <AdapterName>group_health6</AdapterName>
        </StatusIconDef>


        <IconSetDef>
            <Position>
                <X>198</X>
                <Y>99</Y>
            </Position>
            <Alignment>
                <TopLeft>true</TopLeft>
            </Alignment>
            <TemplateName>group_buffs_iconset</TemplateName>
            <Rows>4</Rows>
            <Columns>6</Columns>
            <BaseAdapterName>group_6icon</BaseAdapterName>
        </IconSetDef>


        <ScalarLabelDef>
            <Position>
                <X>281</X>
                <Y>152</Y>
            </Position>
            <Alignment>
                <TopLeft>true</TopLeft>
            </Alignment>
            <FontName>arial9ds</FontName>
            <Width>32</Width>
            <Height>32</Height>
            <MaxCharacters>4</MaxCharacters>
            <Color>
                <R>255</R>
                <G>255</G>
                <B>255</B>
                <A>200</A>
            </Color>
            <Adapter>group_level6</Adapter>
            <DontDrawWhenZero>true</DontDrawWhenZero>
            <DontDrawWhenNegOne>true</DontDrawWhenNegOne>
        </ScalarLabelDef>


        <LabelDef>
            <Position>
                <X>200</X>
                <Y>83</Y>
            </Position>
            <Alignment>
                <TopLeft>true</TopLeft>
            </Alignment>
            <Color>
                <R>255</R>
                <G>255</G>
                <B>255</B>
                <A>255</A>
            </Color>
            <FontName>arial11b</FontName>
            <Width>63</Width>
            <Height>12</Height>
            <MaxCharacters>31</MaxCharacters>
            <ColorAdapter>group_color6</ColorAdapter>
            <Adapter>group_name6</Adapter>
        </LabelDef>


        <LabelDef>
            <Position>
                <X>200</X>
                <Y>152</Y>
            </Position>
            <Alignment>
                <TopLeft>true</TopLeft>
            </Alignment>
            <Color>
                <R>255</R>
                <G>255</G>
                <B>255</B>
                <A>255</A>
            </Color>
            <FontName>arial9ds</FontName>
            <Width>42</Width>
            <Height>12</Height>
            <MaxCharacters>11</MaxCharacters>
            <Adapter>group_class6</Adapter>
        </LabelDef>


        <ScalarLabelDef>
            <Position>
                <X>245</X>
                <Y>152</Y>
            </Position>
            <Alignment>
                <TopLeft>true</TopLeft>
            </Alignment>
            <FontName>arial9ds</FontName>
            <Width>32</Width>
            <Height>32</Height>
            <MaxCharacters>4</MaxCharacters>
            <Color>
                <R>23</R>
                <G>255</G>
                <B>0</B>
                <A>196</A>
            </Color>
            <Adapter>group_endurance6</Adapter>
            <DontDrawWhenZero>true</DontDrawWhenZero>
            <DontDrawWhenNegOne>true</DontDrawWhenNegOne>
        </ScalarLabelDef>


        <ScalarLabelDef>
            <Position>
                <X>263</X>
                <Y>152</Y>
            </Position>
            <Alignment>
                <TopLeft>true</TopLeft>
            </Alignment>
            <FontName>arial9ds</FontName>
            <Width>32</Width>
            <Height>32</Height>
            <MaxCharacters>4</MaxCharacters>
            <Color>
                <R>255</R>
                <G>255</G>
                <B>0</B>
                <A>196</A>
            </Color>
            <Adapter>group_power6</Adapter>
            <DontDrawWhenZero>true</DontDrawWhenZero>
            <DontDrawWhenNegOne>true</DontDrawWhenNegOne>
        </ScalarLabelDef>


        <ScalarLabelDef>
            <Position>
                <X>272</X>
                <Y>83</Y>
            </Position>
            <Alignment>
                <TopLeft>true</TopLeft>
            </Alignment>
            <FontName>arial11b</FontName>
            <Width>32</Width>
            <Height>32</Height>
            <MaxCharacters>4</MaxCharacters>
            <Color>
                <R>255</R>
                <G>0</G>
                <B>0</B>
                <A>196</A>
            </Color>
            <Adapter>group_health6</Adapter>
            <DontDrawWhenZero>true</DontDrawWhenZero>
            <DontDrawWhenNegOne>true</DontDrawWhenNegOne>
        </ScalarLabelDef>


        <InvisibleButtonDef>
            <Position>
                <X>198</X>
                <Y>84</Y>
            </Position>
            <Alignment>
                <TopLeft>true</TopLeft>
            </Alignment>
            <Label></Label>
            <OnClickEvent>SelectGroupMember6</OnClickEvent>
            <Width>97</Width>
            <Height>78</Height>
        </InvisibleButtonDef>


        <!--                                 GROUP MEMBER GROUP MEMBER 8                                 -->


        <StatusIconDef>
            <Position>
                <X>297</X>
                <Y>84</Y>
            </Position>
            <Alignment>
                <TopLeft>true</TopLeft>
            </Alignment>
            <TemplateName>hsi</TemplateName>
            <AdapterName>group_health7</AdapterName>
        </StatusIconDef>


        <IconSetDef>
            <Position>
                <X>297</X>
                <Y>99</Y>
            </Position>
            <Alignment>
                <TopLeft>true</TopLeft>
            </Alignment>
            <TemplateName>group_buffs_iconset</TemplateName>
            <Rows>4</Rows>
            <Columns>6</Columns>
            <BaseAdapterName>group_7icon</BaseAdapterName>
        </IconSetDef>


        <ScalarLabelDef>
            <Position>
                <X>380</X>
                <Y>152</Y>
            </Position>
            <Alignment>
                <TopLeft>true</TopLeft>
            </Alignment>
            <FontName>arial9ds</FontName>
            <Width>32</Width>
            <Height>32</Height>
            <MaxCharacters>4</MaxCharacters>
            <Color>
                <R>255</R>
                <G>255</G>
                <B>255</B>
                <A>200</A>
            </Color>
            <Adapter>group_level7</Adapter>
            <DontDrawWhenZero>true</DontDrawWhenZero>
            <DontDrawWhenNegOne>true</DontDrawWhenNegOne>
        </ScalarLabelDef>


        <LabelDef>
            <Position>
                <X>299</X>
                <Y>83</Y>
            </Position>
            <Alignment>
                <TopLeft>true</TopLeft>
            </Alignment>
            <Color>
                <R>255</R>
                <G>255</G>
                <B>255</B>
                <A>255</A>
            </Color>
            <FontName>arial11b</FontName>
            <Width>63</Width>
            <Height>12</Height>
            <MaxCharacters>31</MaxCharacters>
            <ColorAdapter>group_color7</ColorAdapter>
            <Adapter>group_name7</Adapter>
        </LabelDef>


        <LabelDef>
            <Position>
                <X>299</X>
                <Y>152</Y>
            </Position>
            <Alignment>
                <TopLeft>true</TopLeft>
            </Alignment>
            <Color>
                <R>255</R>
                <G>255</G>
                <B>255</B>
                <A>255</A>
            </Color>
            <FontName>arial9ds</FontName>
            <Width>42</Width>
            <Height>12</Height>
            <MaxCharacters>11</MaxCharacters>
            <Adapter>group_class7</Adapter>
        </LabelDef>


        <ScalarLabelDef>
            <Position>
                <X>371</X>
                <Y>83</Y>
            </Position>
            <Alignment>
                <TopLeft>true</TopLeft>
            </Alignment>
            <FontName>arial11b</FontName>
            <Width>32</Width>
            <Height>32</Height>
            <MaxCharacters>4</MaxCharacters>
            <Color>
                <R>255</R>
                <G>0</G>
                <B>0</B>
                <A>196</A>
            </Color>
            <Adapter>group_health7</Adapter>
            <DontDrawWhenZero>true</DontDrawWhenZero>
            <DontDrawWhenNegOne>true</DontDrawWhenNegOne>
        </ScalarLabelDef>


        <ScalarLabelDef>
            <Position>
                <X>344</X>
                <Y>152</Y>
            </Position>
            <Alignment>
                <TopLeft>true</TopLeft>
            </Alignment>
            <FontName>arial9ds</FontName>
            <Width>32</Width>
            <Height>32</Height>
            <MaxCharacters>4</MaxCharacters>
            <Color>
                <R>23</R>
                <G>255</G>
                <B>0</B>
                <A>196</A>
            </Color>
            <Adapter>group_endurance7</Adapter>
            <DontDrawWhenZero>true</DontDrawWhenZero>
            <DontDrawWhenNegOne>true</DontDrawWhenNegOne>
        </ScalarLabelDef>


        <ScalarLabelDef>
            <Position>
                <X>362</X>
                <Y>152</Y>
            </Position>
            <Alignment>
                <TopLeft>true</TopLeft>
            </Alignment>
            <FontName>arial9ds</FontName>
            <Width>32</Width>
            <Height>32</Height>
            <MaxCharacters>4</MaxCharacters>
            <Color>
                <R>255</R>
                <G>255</G>
                <B>0</B>
                <A>196</A>
            </Color>
            <Adapter>group_power7</Adapter>
            <DontDrawWhenZero>true</DontDrawWhenZero>
            <DontDrawWhenNegOne>true</DontDrawWhenNegOne>
        </ScalarLabelDef>


        <InvisibleButtonDef>
            <Position>
                <X>297</X>
                <Y>84</Y>
            </Position>
            <Alignment>
                <TopLeft>true</TopLeft>
            </Alignment>
            <Label></Label>
            <OnClickEvent>SelectGroupMember7</OnClickEvent>
            <Width>97</Width>
            <Height>78</Height>
        </InvisibleButtonDef>


        <ButtonDef>
            <Position>
                <X>-1</X>
                <Y>1</Y>
            </Position>
            <TemplateName>b_bg_h</TemplateName>
            <OnClickEvent>SelectGroupMember0</OnClickEvent>
        </ButtonDef>


        <ButtonDef>
            <Position>
                <X>98</X>
                <Y>1</Y>
            </Position>
            <TemplateName>b_bg_h</TemplateName>
            <OnClickEvent>SelectGroupMember1</OnClickEvent>
        </ButtonDef>


        <ButtonDef>
            <Position>
                <X>197</X>
                <Y>1</Y>
            </Position>
            <TemplateName>b_bg_h</TemplateName>
            <OnClickEvent>SelectGroupMember2</OnClickEvent>
        </ButtonDef>


        <ButtonDef>
            <Position>
                <X>296</X>
                <Y>1</Y>
            </Position>
            <TemplateName>b_bg_h</TemplateName>
            <OnClickEvent>SelectGroupMember3</OnClickEvent>
        </ButtonDef>


        <ButtonDef>
            <Position>
                <X>-1</X>
                <Y>83</Y>
            </Position>
            <TemplateName>b_bg_h</TemplateName>
            <OnClickEvent>SelectGroupMember4</OnClickEvent>
        </ButtonDef>


        <ButtonDef>
            <Position>
                <X>98</X>
                <Y>83</Y>
            </Position>
            <TemplateName>b_bg_h</TemplateName>
            <OnClickEvent>SelectGroupMember5</OnClickEvent>
        </ButtonDef>


        <ButtonDef>
            <Position>
                <X>197</X>
                <Y>83</Y>
            </Position>
            <TemplateName>b_bg_h</TemplateName>
            <OnClickEvent>SelectGroupMember6</OnClickEvent>
        </ButtonDef>


        <ButtonDef>
            <Position>
                <X>296</X>
                <Y>83</Y>
            </Position>
            <TemplateName>b_bg_h</TemplateName>
            <OnClickEvent>SelectGroupMember7</OnClickEvent>
        </ButtonDef>


    </WindowTemplate>


</Root_Element>
