<?xml version="1.0"?>
<Root_Element ID="DAOCUi">

<!-- @@ Edited with the DAoC User Interface Editor v1.80 -->
<!-- @@ Free download available at http://www.bradtownsend.com/daoced -->


    <Texture>
        <Name>emoticons</Name>
        <File>atlantis/emoticons.tga</File>
    </Texture>


    <ImageAreaTemplate>
        <Name>emote_button</Name>
        <TextureName>emoticons</TextureName>
        <Size>
            <X>20</X>
            <Y>20</Y>
        </Size>
        <TopLeft>
            <X>80</X>
            <Y>100</Y>
        </TopLeft>
    </ImageAreaTemplate>


    <ImageAreaTemplate>
        <Name>channel_button</Name>
        <TextureName>emoticons</TextureName>
        <Size>
            <X>20</X>
            <Y>20</Y>
        </Size>
        <TopLeft>
            <X>100</X>
            <Y>100</Y>
        </TopLeft>
    </ImageAreaTemplate>


    <WindowTemplate>
        <Name>chat</Name>
        <WindowId>Chat</WindowId>
        <CloseButton>false</CloseButton>
        <MoveButton>false</MoveButton>
        <TopRightResizeButton>false</TopRightResizeButton>
        <BottomRightResizeButton>false</BottomRightResizeButton>
        <BottomLeftResizeButton>false</BottomLeftResizeButton>
        <ResizeButtonOffsetX>0</ResizeButtonOffsetX>
        <ResizeButtonOffsetY>0</ResizeButtonOffsetY>
        <TitleWidth>0</TitleWidth>
        <TitleHeight>0</TitleHeight>
        <Width>350</Width>
        <Height>200</Height>
        <ResizeableWidth>0</ResizeableWidth>
        <ResizeableHeight>0</ResizeableHeight>
        <ResizeableTwoWayWidth>0</ResizeableTwoWayWidth>
        <ResizeableTwoWayHeight>0</ResizeableTwoWayHeight>
        <MinWidth>350</MinWidth>
        <MinHeight>200</MinHeight>
        <ContextTemplateName>chat_context</ContextTemplateName>
        <TabName>Main</TabName>
        <TabName>Broad</TabName>
        <TabName>Guild</TabName>
        <TabName>Group</TabName>
        <TabName>Chat</TabName>


        <ChatControlDef>
            <ControlId>1000</ControlId>
            <Position>
                <X>5</X>
                <Y>14</Y>
            </Position>
            <Alignment>
                <TopLeft>true</TopLeft>
                <GrowWidth>true</GrowWidth>
            </Alignment>
            <TemplateName>chat</TemplateName>
            <LinePadding>0</LinePadding>
            <TextOffset>
                <X>3</X>
                <Y>1</Y>
            </TextOffset>
            <Width>340</Width>
            <Height>165</Height>
            <BufferName>chat</BufferName>
        </ChatControlDef>


        <FullResizeImageDef>
            <ControlId>1002</ControlId>
            <Position>
                <X>0</X>
                <Y>0</Y>
            </Position>
            <Alignment>
                <TopLeft>true</TopLeft>
                <GrowWidth>true</GrowWidth>
            </Alignment>
            <TemplateName>_witt_bg_50</TemplateName>
            <Width>345</Width>
            <Height>18</Height>
        </FullResizeImageDef>


        <LabelDef>
            <ControlId>1003</ControlId>
            <Position>
                <X>3</X>
                <Y>0</Y>
            </Position>
            <Alignment>
                <TopLeft>true</TopLeft>
                <GrowWidth>true</GrowWidth>
            </Alignment>
            <Color>
                <R>255</R>
                <G>255</G>
                <B>255</B>
                <A>255</A>
            </Color>
            <FontName>_whatisthisfont11pxds</FontName>
            <Width>342</Width>
            <Height>18</Height>
            <MaxCharacters>1024</MaxCharacters>
            <Adapter>chat_entry</Adapter>
            <EndAligned>true</EndAligned>
        </LabelDef>


        <ButtonDef>
            <ControlId>TwoWayResizeTopRight</ControlId>
            <Position>
                <X>-3</X>
                <Y>6</Y>
            </Position>
            <Alignment>
                <OffsetRight>true</OffsetRight>
            </Alignment>
            <TemplateName>chat_scale</TemplateName>
        </ButtonDef>


        <HorizontalResizeImageButtonDef>
            <ControlId>1001</ControlId>
            <Position>
                <X>0</X>
                <Y>0</Y>
            </Position>
            <Alignment>
                <TopLeft>true</TopLeft>
            </Alignment>
            <ToolTipID>156</ToolTipID>
            <ImageAreaTemplateName>emote_button</ImageAreaTemplateName>
            <HRButtonTemplateName>_witt_hr_button</HRButtonTemplateName>
            <Width>20</Width>
            <ImageOffset>
                <X>0</X>
                <Y>-1</Y>
            </ImageOffset>
            <Label></Label>
            <Onclickevent></Onclickevent>
        </HorizontalResizeImageButtonDef>


        <HorizontalResizeImageButtonDef>
            <ControlId>1004</ControlId>
            <Position>
                <X>0</X>
                <Y>0</Y>
            </Position>
            <Alignment>
                <TopLeft>true</TopLeft>
            </Alignment>
            <ToolTipID>157</ToolTipID>
            <ImageAreaTemplateName>channel_button</ImageAreaTemplateName>
            <HRButtonTemplateName>_witt_hr_button</HRButtonTemplateName>
            <Width>20</Width>
            <ImageOffset>
                <X>0</X>
                <Y>-1</Y>
            </ImageOffset>
            <Label></Label>
            <Onclickevent></Onclickevent>
        </HorizontalResizeImageButtonDef>


    </WindowTemplate>


</Root_Element>
