<?xml version="1.0"?>
<Root_Element ID="DAOCUi">

<!-- @@ Edited with the DAoC User Interface Editor v1.80 -->
<!-- @@ Free download available at http://www.bradtownsend.com/daoced -->


    <WindowTemplate>
        <Name>mini_friends</Name>
        <WindowId>MiniFriends</WindowId>
        <CloseButton>false</CloseButton>
        <MoveButton>false</MoveButton>
        <TopRightResizeButton>false</TopRightResizeButton>
        <BottomRightResizeButton>false</BottomRightResizeButton>
        <BottomLeftResizeButton>false</BottomLeftResizeButton>
        <ResizeButtonOffsetX>0</ResizeButtonOffsetX>
        <ResizeButtonOffsetY>0</ResizeButtonOffsetY>
        <TitleWidth>64</TitleWidth>
        <TitleHeight>18</TitleHeight>
        <Width>100</Width>
        <Height>64</Height>
        <ResizeableWidth>5</ResizeableWidth>
        <ResizeableHeight>5</ResizeableHeight>
        <ResizeableTwoWayWidth>0</ResizeableTwoWayWidth>
        <ResizeableTwoWayHeight>0</ResizeableTwoWayHeight>
        <MinWidth>78</MinWidth>
        <MinHeight>64</MinHeight>
        <ContextTemplateName></ContextTemplateName>


        <TextAreaDef>
            <ControlId>1009</ControlId>
            <Position>
                <X>0</X>
                <Y>0</Y>
            </Position>
            <Alignment>
                <GrowWidth>true</GrowWidth>
                <GrowHeight>true</GrowHeight>
            </Alignment>
            <TemplateName>_witt_textarea_80</TemplateName>
            <AdapterName>mini_friends_text</AdapterName>
            <HasHotspots>false</HasHotspots>
            <MaxCharacters>32768</MaxCharacters>
            <Width>100</Width>
            <Height>65</Height>
        </TextAreaDef>


    </WindowTemplate>


</Root_Element>
