<?xml version="1.0"?>
<Root_Element ID="DAOCUi">

<!-- @@ Edited with the DAoC User Interface Editor v1.80 -->
<!-- @@ Free download available at http://www.bradtownsend.com/daoced -->


    <WindowTemplate>
        <Name>custom7_window</Name>
        <WindowId>custom7_window</WindowId>
        <CloseButton>false</CloseButton>
        <MoveButton>false</MoveButton>
        <TopRightResizeButton>false</TopRightResizeButton>
        <BottomRightResizeButton>false</BottomRightResizeButton>
        <BottomLeftResizeButton>false</BottomLeftResizeButton>
        <ResizeButtonOffsetX>0</ResizeButtonOffsetX>
        <ResizeButtonOffsetY>0</ResizeButtonOffsetY>
        <TitleWidth>0</TitleWidth>
        <TitleHeight>0</TitleHeight>
        <Width>264</Width>
        <Height>132</Height>
        <ResizeableWidth>0</ResizeableWidth>
        <ResizeableHeight>0</ResizeableHeight>
        <ResizeableTwoWayWidth>0</ResizeableTwoWayWidth>
        <ResizeableTwoWayHeight>0</ResizeableTwoWayHeight>
        <MinWidth>0</MinWidth>
        <MinHeight>0</MinHeight>
        <ContextTemplateName></ContextTemplateName>


        <StatusIconDef>
            <Position>
                <X>1</X>
                <Y>1</Y>
            </Position>
            <Alignment>
                <TopLeft>true</TopLeft>
            </Alignment>
            <TemplateName>hsi_s</TemplateName>
            <AdapterName>group_health0</AdapterName>
        </StatusIconDef>


        <LabelDef>
            <Position>
                <X>2</X>
                <Y>2</Y>
            </Position>
            <Alignment>
                <TopLeft>true</TopLeft>
            </Alignment>
            <Color>
                <R>255</R>
                <G>255</G>
                <B>255</B>
                <A>255</A>
            </Color>
            <FontName>arial9ds</FontName>
            <Width>63</Width>
            <Height>12</Height>
            <MaxCharacters>31</MaxCharacters>
            <ColorAdapter>group_color0</ColorAdapter>
            <Adapter>group_name0</Adapter>
        </LabelDef>


        <ScalarLabelDef>
            <Position>
                <X>1</X>
                <Y>54</Y>
            </Position>
            <Alignment>
                <TopLeft>true</TopLeft>
            </Alignment>
            <FontName>arial9ds</FontName>
            <Width>13</Width>
            <Height>12</Height>
            <MaxCharacters>3</MaxCharacters>
            <Color>
                <R>255</R>
                <G>255</G>
                <B>255</B>
                <A>196</A>
            </Color>
            <Adapter>group_level0</Adapter>
            <ColorAdapter>group_color0</ColorAdapter>
            <DontDrawWhenZero>true</DontDrawWhenZero>
            <DontDrawWhenNegOne>true</DontDrawWhenNegOne>
        </ScalarLabelDef>


        <LabelDef>
            <Position>
                <X>15</X>
                <Y>54</Y>
            </Position>
            <Alignment>
                <TopLeft>true</TopLeft>
            </Alignment>
            <Color>
                <R>255</R>
                <G>255</G>
                <B>255</B>
                <A>255</A>
            </Color>
            <FontName>arial9ds</FontName>
            <Width>63</Width>
            <Height>12</Height>
            <MaxCharacters>5</MaxCharacters>
            <ColorAdapter>group_color0</ColorAdapter>
            <Adapter>group_class0</Adapter>
        </LabelDef>


        <ScalarLabelDef>
            <Position>
                <X>43</X>
                <Y>14</Y>
            </Position>
            <Alignment>
                <TopLeft>true</TopLeft>
            </Alignment>
            <FontName>kr</FontName>
            <Width>32</Width>
            <Height>32</Height>
            <MaxCharacters>4</MaxCharacters>
            <Color>
                <R>255</R>
                <G>0</G>
                <B>0</B>
                <A>196</A>
            </Color>
            <Adapter>group_health0</Adapter>
            <DontDrawWhenZero>true</DontDrawWhenZero>
            <DontDrawWhenNegOne>true</DontDrawWhenNegOne>
        </ScalarLabelDef>


        <ScalarLabelDef>
            <Position>
                <X>43</X>
                <Y>29</Y>
            </Position>
            <Alignment>
                <TopLeft>true</TopLeft>
            </Alignment>
            <FontName>kr</FontName>
            <Width>32</Width>
            <Height>32</Height>
            <MaxCharacters>4</MaxCharacters>
            <Color>
                <R>102</R>
                <G>204</G>
                <B>0</B>
                <A>255</A>
            </Color>
            <Adapter>group_endurance0</Adapter>
            <DontDrawWhenZero>true</DontDrawWhenZero>
            <DontDrawWhenNegOne>true</DontDrawWhenNegOne>
        </ScalarLabelDef>


        <ScalarLabelDef>
            <Position>
                <X>43</X>
                <Y>44</Y>
            </Position>
            <Alignment>
                <TopLeft>true</TopLeft>
            </Alignment>
            <FontName>kr</FontName>
            <Width>32</Width>
            <Height>32</Height>
            <MaxCharacters>4</MaxCharacters>
            <Color>
                <R>255</R>
                <G>255</G>
                <B>0</B>
                <A>196</A>
            </Color>
            <Adapter>group_power0</Adapter>
            <DontDrawWhenZero>true</DontDrawWhenZero>
            <DontDrawWhenNegOne>true</DontDrawWhenNegOne>
        </ScalarLabelDef>


        <InvisibleButtonDef>
            <Position>
                <X>1</X>
                <Y>1</Y>
            </Position>
            <Alignment>
                <TopLeft>true</TopLeft>
            </Alignment>
            <Label></Label>
            <OnClickEvent>SelectGroupMember0</OnClickEvent>
            <Width>64</Width>
            <Height>64</Height>
        </InvisibleButtonDef>


        <ButtonDef>
            <Position>
                <X>0</X>
                <Y>0</Y>
            </Position>
            <TemplateName>b_bg_hs</TemplateName>
            <OnClickEvent>SelectGroupMember0</OnClickEvent>
        </ButtonDef>


        <StatusIconDef>
            <Position>
                <X>67</X>
                <Y>1</Y>
            </Position>
            <Alignment>
                <TopLeft>true</TopLeft>
            </Alignment>
            <TemplateName>hsi_s</TemplateName>
            <AdapterName>group_health1</AdapterName>
        </StatusIconDef>


        <LabelDef>
            <Position>
                <X>68</X>
                <Y>2</Y>
            </Position>
            <Alignment>
                <TopLeft>true</TopLeft>
            </Alignment>
            <Color>
                <R>255</R>
                <G>255</G>
                <B>255</B>
                <A>255</A>
            </Color>
            <FontName>arial9ds</FontName>
            <Width>63</Width>
            <Height>12</Height>
            <MaxCharacters>31</MaxCharacters>
            <ColorAdapter>group_color1</ColorAdapter>
            <Adapter>group_name1</Adapter>
        </LabelDef>


        <ScalarLabelDef>
            <Position>
                <X>67</X>
                <Y>54</Y>
            </Position>
            <Alignment>
                <TopLeft>true</TopLeft>
            </Alignment>
            <FontName>arial9ds</FontName>
            <Width>13</Width>
            <Height>12</Height>
            <MaxCharacters>3</MaxCharacters>
            <Color>
                <R>255</R>
                <G>255</G>
                <B>255</B>
                <A>196</A>
            </Color>
            <Adapter>group_level1</Adapter>
            <ColorAdapter>group_color1</ColorAdapter>
            <DontDrawWhenZero>true</DontDrawWhenZero>
            <DontDrawWhenNegOne>true</DontDrawWhenNegOne>
        </ScalarLabelDef>


        <LabelDef>
            <Position>
                <X>81</X>
                <Y>54</Y>
            </Position>
            <Alignment>
                <TopLeft>true</TopLeft>
            </Alignment>
            <Color>
                <R>255</R>
                <G>255</G>
                <B>255</B>
                <A>255</A>
            </Color>
            <FontName>arial9ds</FontName>
            <Width>63</Width>
            <Height>12</Height>
            <MaxCharacters>5</MaxCharacters>
            <ColorAdapter>group_color1</ColorAdapter>
            <Adapter>group_class1</Adapter>
        </LabelDef>


        <ScalarLabelDef>
            <Position>
                <X>104</X>
                <Y>14</Y>
            </Position>
            <Alignment>
                <TopLeft>true</TopLeft>
            </Alignment>
            <FontName>kr</FontName>
            <Width>32</Width>
            <Height>32</Height>
            <MaxCharacters>4</MaxCharacters>
            <Color>
                <R>255</R>
                <G>0</G>
                <B>0</B>
                <A>196</A>
            </Color>
            <Adapter>group_health1</Adapter>
            <DontDrawWhenZero>true</DontDrawWhenZero>
            <DontDrawWhenNegOne>true</DontDrawWhenNegOne>
        </ScalarLabelDef>


        <ScalarLabelDef>
            <Position>
                <X>104</X>
                <Y>29</Y>
            </Position>
            <Alignment>
                <TopLeft>true</TopLeft>
            </Alignment>
            <FontName>kr</FontName>
            <Width>32</Width>
            <Height>32</Height>
            <MaxCharacters>4</MaxCharacters>
            <Color>
                <R>102</R>
                <G>204</G>
                <B>0</B>
                <A>255</A>
            </Color>
            <Adapter>group_endurance1</Adapter>
            <DontDrawWhenZero>true</DontDrawWhenZero>
            <DontDrawWhenNegOne>true</DontDrawWhenNegOne>
        </ScalarLabelDef>


        <ScalarLabelDef>
            <Position>
                <X>104</X>
                <Y>44</Y>
            </Position>
            <Alignment>
                <TopLeft>true</TopLeft>
            </Alignment>
            <FontName>kr</FontName>
            <Width>32</Width>
            <Height>32</Height>
            <MaxCharacters>4</MaxCharacters>
            <Color>
                <R>255</R>
                <G>255</G>
                <B>0</B>
                <A>196</A>
            </Color>
            <Adapter>group_power1</Adapter>
            <DontDrawWhenZero>true</DontDrawWhenZero>
            <DontDrawWhenNegOne>true</DontDrawWhenNegOne>
        </ScalarLabelDef>


        <InvisibleButtonDef>
            <Position>
                <X>67</X>
                <Y>1</Y>
            </Position>
            <Alignment>
                <TopLeft>true</TopLeft>
            </Alignment>
            <Label></Label>
            <OnClickEvent>SelectGroupMember1</OnClickEvent>
            <Width>64</Width>
            <Height>64</Height>
        </InvisibleButtonDef>


        <ButtonDef>
            <Position>
                <X>66</X>
                <Y>0</Y>
            </Position>
            <TemplateName>b_bg_hs</TemplateName>
            <OnClickEvent>SelectGroupMember1</OnClickEvent>
        </ButtonDef>


        <StatusIconDef>
            <Position>
                <X>133</X>
                <Y>1</Y>
            </Position>
            <Alignment>
                <TopLeft>true</TopLeft>
            </Alignment>
            <TemplateName>hsi_s</TemplateName>
            <AdapterName>group_health2</AdapterName>
        </StatusIconDef>


        <LabelDef>
            <Position>
                <X>136</X>
                <Y>2</Y>
            </Position>
            <Alignment>
                <TopLeft>true</TopLeft>
            </Alignment>
            <Color>
                <R>255</R>
                <G>255</G>
                <B>255</B>
                <A>255</A>
            </Color>
            <FontName>arial9ds</FontName>
            <Width>63</Width>
            <Height>12</Height>
            <MaxCharacters>31</MaxCharacters>
            <ColorAdapter>group_color2</ColorAdapter>
            <Adapter>group_name2</Adapter>
        </LabelDef>


        <ScalarLabelDef>
            <Position>
                <X>133</X>
                <Y>54</Y>
            </Position>
            <Alignment>
                <TopLeft>true</TopLeft>
            </Alignment>
            <FontName>arial9ds</FontName>
            <Width>13</Width>
            <Height>12</Height>
            <MaxCharacters>3</MaxCharacters>
            <Color>
                <R>255</R>
                <G>255</G>
                <B>255</B>
                <A>196</A>
            </Color>
            <Adapter>group_level2</Adapter>
            <ColorAdapter>group_color2</ColorAdapter>
            <DontDrawWhenZero>true</DontDrawWhenZero>
            <DontDrawWhenNegOne>true</DontDrawWhenNegOne>
        </ScalarLabelDef>


        <LabelDef>
            <Position>
                <X>147</X>
                <Y>54</Y>
            </Position>
            <Alignment>
                <TopLeft>true</TopLeft>
            </Alignment>
            <Color>
                <R>255</R>
                <G>255</G>
                <B>255</B>
                <A>255</A>
            </Color>
            <FontName>arial9ds</FontName>
            <Width>63</Width>
            <Height>12</Height>
            <MaxCharacters>5</MaxCharacters>
            <ColorAdapter>group_color2</ColorAdapter>
            <Adapter>group_class2</Adapter>
        </LabelDef>


        <ScalarLabelDef>
            <Position>
                <X>170</X>
                <Y>14</Y>
            </Position>
            <Alignment>
                <TopLeft>true</TopLeft>
            </Alignment>
            <FontName>kr</FontName>
            <Width>32</Width>
            <Height>32</Height>
            <MaxCharacters>4</MaxCharacters>
            <Color>
                <R>255</R>
                <G>0</G>
                <B>0</B>
                <A>196</A>
            </Color>
            <Adapter>group_health2</Adapter>
            <DontDrawWhenZero>true</DontDrawWhenZero>
            <DontDrawWhenNegOne>true</DontDrawWhenNegOne>
        </ScalarLabelDef>


        <ScalarLabelDef>
            <Position>
                <X>170</X>
                <Y>29</Y>
            </Position>
            <Alignment>
                <TopLeft>true</TopLeft>
            </Alignment>
            <FontName>kr</FontName>
            <Width>32</Width>
            <Height>32</Height>
            <MaxCharacters>4</MaxCharacters>
            <Color>
                <R>102</R>
                <G>204</G>
                <B>0</B>
                <A>255</A>
            </Color>
            <Adapter>group_endurance2</Adapter>
            <DontDrawWhenZero>true</DontDrawWhenZero>
            <DontDrawWhenNegOne>true</DontDrawWhenNegOne>
        </ScalarLabelDef>


        <ScalarLabelDef>
            <Position>
                <X>170</X>
                <Y>44</Y>
            </Position>
            <Alignment>
                <TopLeft>true</TopLeft>
            </Alignment>
            <FontName>kr</FontName>
            <Width>32</Width>
            <Height>32</Height>
            <MaxCharacters>4</MaxCharacters>
            <Color>
                <R>255</R>
                <G>255</G>
                <B>0</B>
                <A>196</A>
            </Color>
            <Adapter>group_power2</Adapter>
            <DontDrawWhenZero>true</DontDrawWhenZero>
            <DontDrawWhenNegOne>true</DontDrawWhenNegOne>
        </ScalarLabelDef>


        <InvisibleButtonDef>
            <Position>
                <X>133</X>
                <Y>1</Y>
            </Position>
            <Alignment>
                <TopLeft>true</TopLeft>
            </Alignment>
            <Label></Label>
            <OnClickEvent>SelectGroupMember2</OnClickEvent>
            <Width>64</Width>
            <Height>64</Height>
        </InvisibleButtonDef>


        <ButtonDef>
            <Position>
                <X>132</X>
                <Y>0</Y>
            </Position>
            <TemplateName>b_bg_hs</TemplateName>
            <OnClickEvent>SelectGroupMember2</OnClickEvent>
        </ButtonDef>


        <StatusIconDef>
            <Position>
                <X>199</X>
                <Y>1</Y>
            </Position>
            <Alignment>
                <TopLeft>true</TopLeft>
            </Alignment>
            <TemplateName>hsi_s</TemplateName>
            <AdapterName>group_health3</AdapterName>
        </StatusIconDef>


        <LabelDef>
            <Position>
                <X>200</X>
                <Y>2</Y>
            </Position>
            <Alignment>
                <TopLeft>true</TopLeft>
            </Alignment>
            <Color>
                <R>255</R>
                <G>255</G>
                <B>255</B>
                <A>255</A>
            </Color>
            <FontName>arial9ds</FontName>
            <Width>63</Width>
            <Height>12</Height>
            <MaxCharacters>31</MaxCharacters>
            <ColorAdapter>group_color3</ColorAdapter>
            <Adapter>group_name3</Adapter>
        </LabelDef>


        <ScalarLabelDef>
            <Position>
                <X>199</X>
                <Y>54</Y>
            </Position>
            <Alignment>
                <TopLeft>true</TopLeft>
            </Alignment>
            <FontName>arial9ds</FontName>
            <Width>13</Width>
            <Height>12</Height>
            <MaxCharacters>3</MaxCharacters>
            <Color>
                <R>255</R>
                <G>255</G>
                <B>255</B>
                <A>196</A>
            </Color>
            <Adapter>group_level3</Adapter>
            <ColorAdapter>group_color3</ColorAdapter>
            <DontDrawWhenZero>true</DontDrawWhenZero>
            <DontDrawWhenNegOne>true</DontDrawWhenNegOne>
        </ScalarLabelDef>


        <LabelDef>
            <Position>
                <X>213</X>
                <Y>54</Y>
            </Position>
            <Alignment>
                <TopLeft>true</TopLeft>
            </Alignment>
            <Color>
                <R>255</R>
                <G>255</G>
                <B>255</B>
                <A>255</A>
            </Color>
            <FontName>arial9ds</FontName>
            <Width>63</Width>
            <Height>12</Height>
            <MaxCharacters>5</MaxCharacters>
            <ColorAdapter>group_color3</ColorAdapter>
            <Adapter>group_class3</Adapter>
        </LabelDef>


        <ScalarLabelDef>
            <Position>
                <X>241</X>
                <Y>14</Y>
            </Position>
            <Alignment>
                <TopLeft>true</TopLeft>
            </Alignment>
            <FontName>kr</FontName>
            <Width>32</Width>
            <Height>32</Height>
            <MaxCharacters>4</MaxCharacters>
            <Color>
                <R>255</R>
                <G>0</G>
                <B>0</B>
                <A>196</A>
            </Color>
            <Adapter>group_health3</Adapter>
            <DontDrawWhenZero>true</DontDrawWhenZero>
            <DontDrawWhenNegOne>true</DontDrawWhenNegOne>
        </ScalarLabelDef>


        <ScalarLabelDef>
            <Position>
                <X>241</X>
                <Y>29</Y>
            </Position>
            <Alignment>
                <TopLeft>true</TopLeft>
            </Alignment>
            <FontName>kr</FontName>
            <Width>32</Width>
            <Height>32</Height>
            <MaxCharacters>4</MaxCharacters>
            <Color>
                <R>102</R>
                <G>204</G>
                <B>0</B>
                <A>255</A>
            </Color>
            <Adapter>group_endurance3</Adapter>
            <DontDrawWhenZero>true</DontDrawWhenZero>
            <DontDrawWhenNegOne>true</DontDrawWhenNegOne>
        </ScalarLabelDef>


        <ScalarLabelDef>
            <Position>
                <X>241</X>
                <Y>44</Y>
            </Position>
            <Alignment>
                <TopLeft>true</TopLeft>
            </Alignment>
            <FontName>kr</FontName>
            <Width>32</Width>
            <Height>32</Height>
            <MaxCharacters>4</MaxCharacters>
            <Color>
                <R>255</R>
                <G>255</G>
                <B>0</B>
                <A>196</A>
            </Color>
            <Adapter>group_power3</Adapter>
            <DontDrawWhenZero>true</DontDrawWhenZero>
            <DontDrawWhenNegOne>true</DontDrawWhenNegOne>
        </ScalarLabelDef>


        <InvisibleButtonDef>
            <Position>
                <X>199</X>
                <Y>1</Y>
            </Position>
            <Alignment>
                <TopLeft>true</TopLeft>
            </Alignment>
            <Label></Label>
            <OnClickEvent>SelectGroupMember3</OnClickEvent>
            <Width>64</Width>
            <Height>64</Height>
        </InvisibleButtonDef>


        <ButtonDef>
            <Position>
                <X>198</X>
                <Y>0</Y>
            </Position>
            <TemplateName>b_bg_hs</TemplateName>
            <OnClickEvent>SelectGroupMember3</OnClickEvent>
        </ButtonDef>


        <StatusIconDef>
            <Position>
                <X>1</X>
                <Y>67</Y>
            </Position>
            <Alignment>
                <TopLeft>true</TopLeft>
            </Alignment>
            <TemplateName>hsi_s</TemplateName>
            <AdapterName>group_health4</AdapterName>
        </StatusIconDef>


        <LabelDef>
            <Position>
                <X>2</X>
                <Y>68</Y>
            </Position>
            <Alignment>
                <TopLeft>true</TopLeft>
            </Alignment>
            <Color>
                <R>255</R>
                <G>255</G>
                <B>255</B>
                <A>255</A>
            </Color>
            <FontName>arial9ds</FontName>
            <Width>63</Width>
            <Height>12</Height>
            <MaxCharacters>31</MaxCharacters>
            <ColorAdapter>group_color4</ColorAdapter>
            <Adapter>group_name4</Adapter>
        </LabelDef>


        <ScalarLabelDef>
            <Position>
                <X>1</X>
                <Y>120</Y>
            </Position>
            <Alignment>
                <TopLeft>true</TopLeft>
            </Alignment>
            <FontName>arial9ds</FontName>
            <Width>13</Width>
            <Height>12</Height>
            <MaxCharacters>3</MaxCharacters>
            <Color>
                <R>255</R>
                <G>255</G>
                <B>255</B>
                <A>196</A>
            </Color>
            <Adapter>group_level4</Adapter>
            <ColorAdapter>group_color4</ColorAdapter>
            <DontDrawWhenZero>true</DontDrawWhenZero>
            <DontDrawWhenNegOne>true</DontDrawWhenNegOne>
        </ScalarLabelDef>


        <LabelDef>
            <Position>
                <X>15</X>
                <Y>120</Y>
            </Position>
            <Alignment>
                <TopLeft>true</TopLeft>
            </Alignment>
            <Color>
                <R>255</R>
                <G>255</G>
                <B>255</B>
                <A>255</A>
            </Color>
            <FontName>arial9ds</FontName>
            <Width>63</Width>
            <Height>12</Height>
            <MaxCharacters>5</MaxCharacters>
            <ColorAdapter>group_color4</ColorAdapter>
            <Adapter>group_class4</Adapter>
        </LabelDef>


        <ScalarLabelDef>
            <Position>
                <X>38</X>
                <Y>80</Y>
            </Position>
            <Alignment>
                <TopLeft>true</TopLeft>
            </Alignment>
            <FontName>kr</FontName>
            <Width>32</Width>
            <Height>32</Height>
            <MaxCharacters>4</MaxCharacters>
            <Color>
                <R>255</R>
                <G>0</G>
                <B>0</B>
                <A>196</A>
            </Color>
            <Adapter>group_health4</Adapter>
            <DontDrawWhenZero>true</DontDrawWhenZero>
            <DontDrawWhenNegOne>true</DontDrawWhenNegOne>
        </ScalarLabelDef>


        <ScalarLabelDef>
            <Position>
                <X>38</X>
                <Y>95</Y>
            </Position>
            <Alignment>
                <TopLeft>true</TopLeft>
            </Alignment>
            <FontName>kr</FontName>
            <Width>32</Width>
            <Height>32</Height>
            <MaxCharacters>4</MaxCharacters>
            <Color>
                <R>102</R>
                <G>204</G>
                <B>0</B>
                <A>255</A>
            </Color>
            <Adapter>group_endurance4</Adapter>
            <DontDrawWhenZero>true</DontDrawWhenZero>
            <DontDrawWhenNegOne>true</DontDrawWhenNegOne>
        </ScalarLabelDef>


        <ScalarLabelDef>
            <Position>
                <X>38</X>
                <Y>110</Y>
            </Position>
            <Alignment>
                <TopLeft>true</TopLeft>
            </Alignment>
            <FontName>kr</FontName>
            <Width>32</Width>
            <Height>32</Height>
            <MaxCharacters>4</MaxCharacters>
            <Color>
                <R>255</R>
                <G>255</G>
                <B>0</B>
                <A>196</A>
            </Color>
            <Adapter>group_power4</Adapter>
            <DontDrawWhenZero>true</DontDrawWhenZero>
            <DontDrawWhenNegOne>true</DontDrawWhenNegOne>
        </ScalarLabelDef>


        <InvisibleButtonDef>
            <Position>
                <X>1</X>
                <Y>67</Y>
            </Position>
            <Alignment>
                <TopLeft>true</TopLeft>
            </Alignment>
            <Label></Label>
            <OnClickEvent>SelectGroupMember4</OnClickEvent>
            <Width>64</Width>
            <Height>64</Height>
        </InvisibleButtonDef>


        <ButtonDef>
            <Position>
                <X>0</X>
                <Y>66</Y>
            </Position>
            <TemplateName>b_bg_hs</TemplateName>
            <OnClickEvent>SelectGroupMember4</OnClickEvent>
        </ButtonDef>


        <StatusIconDef>
            <Position>
                <X>67</X>
                <Y>67</Y>
            </Position>
            <Alignment>
                <TopLeft>true</TopLeft>
            </Alignment>
            <TemplateName>hsi_s</TemplateName>
            <AdapterName>group_health5</AdapterName>
        </StatusIconDef>


        <LabelDef>
            <Position>
                <X>68</X>
                <Y>68</Y>
            </Position>
            <Alignment>
                <TopLeft>true</TopLeft>
            </Alignment>
            <Color>
                <R>255</R>
                <G>255</G>
                <B>255</B>
                <A>255</A>
            </Color>
            <FontName>arial9ds</FontName>
            <Width>63</Width>
            <Height>12</Height>
            <MaxCharacters>31</MaxCharacters>
            <ColorAdapter>group_color5</ColorAdapter>
            <Adapter>group_name5</Adapter>
        </LabelDef>


        <ScalarLabelDef>
            <Position>
                <X>67</X>
                <Y>120</Y>
            </Position>
            <Alignment>
                <TopLeft>true</TopLeft>
            </Alignment>
            <FontName>arial9ds</FontName>
            <Width>13</Width>
            <Height>12</Height>
            <MaxCharacters>3</MaxCharacters>
            <Color>
                <R>255</R>
                <G>255</G>
                <B>255</B>
                <A>196</A>
            </Color>
            <Adapter>group_level5</Adapter>
            <ColorAdapter>group_color5</ColorAdapter>
            <DontDrawWhenZero>true</DontDrawWhenZero>
            <DontDrawWhenNegOne>true</DontDrawWhenNegOne>
        </ScalarLabelDef>


        <LabelDef>
            <Position>
                <X>81</X>
                <Y>120</Y>
            </Position>
            <Alignment>
                <TopLeft>true</TopLeft>
            </Alignment>
            <Color>
                <R>255</R>
                <G>255</G>
                <B>255</B>
                <A>255</A>
            </Color>
            <FontName>arial9ds</FontName>
            <Width>63</Width>
            <Height>12</Height>
            <MaxCharacters>5</MaxCharacters>
            <ColorAdapter>group_color5</ColorAdapter>
            <Adapter>group_class5</Adapter>
        </LabelDef>


        <ScalarLabelDef>
            <Position>
                <X>109</X>
                <Y>80</Y>
            </Position>
            <Alignment>
                <TopLeft>true</TopLeft>
            </Alignment>
            <FontName>kr</FontName>
            <Width>32</Width>
            <Height>32</Height>
            <MaxCharacters>4</MaxCharacters>
            <Color>
                <R>255</R>
                <G>0</G>
                <B>0</B>
                <A>196</A>
            </Color>
            <Adapter>group_health5</Adapter>
            <DontDrawWhenZero>true</DontDrawWhenZero>
            <DontDrawWhenNegOne>true</DontDrawWhenNegOne>
        </ScalarLabelDef>


        <ScalarLabelDef>
            <Position>
                <X>109</X>
                <Y>95</Y>
            </Position>
            <Alignment>
                <TopLeft>true</TopLeft>
            </Alignment>
            <FontName>kr</FontName>
            <Width>32</Width>
            <Height>32</Height>
            <MaxCharacters>4</MaxCharacters>
            <Color>
                <R>102</R>
                <G>204</G>
                <B>0</B>
                <A>255</A>
            </Color>
            <Adapter>group_endurance5</Adapter>
            <DontDrawWhenZero>true</DontDrawWhenZero>
            <DontDrawWhenNegOne>true</DontDrawWhenNegOne>
        </ScalarLabelDef>


        <ScalarLabelDef>
            <Position>
                <X>109</X>
                <Y>110</Y>
            </Position>
            <Alignment>
                <TopLeft>true</TopLeft>
            </Alignment>
            <FontName>kr</FontName>
            <Width>32</Width>
            <Height>32</Height>
            <MaxCharacters>4</MaxCharacters>
            <Color>
                <R>255</R>
                <G>255</G>
                <B>0</B>
                <A>196</A>
            </Color>
            <Adapter>group_power5</Adapter>
            <DontDrawWhenZero>true</DontDrawWhenZero>
            <DontDrawWhenNegOne>true</DontDrawWhenNegOne>
        </ScalarLabelDef>


        <InvisibleButtonDef>
            <Position>
                <X>67</X>
                <Y>67</Y>
            </Position>
            <Alignment>
                <TopLeft>true</TopLeft>
            </Alignment>
            <Label></Label>
            <OnClickEvent>SelectGroupMember5</OnClickEvent>
            <Width>64</Width>
            <Height>64</Height>
        </InvisibleButtonDef>


        <ButtonDef>
            <Position>
                <X>66</X>
                <Y>66</Y>
            </Position>
            <TemplateName>b_bg_hs</TemplateName>
            <OnClickEvent>SelectGroupMember5</OnClickEvent>
        </ButtonDef>


        <StatusIconDef>
            <Position>
                <X>133</X>
                <Y>67</Y>
            </Position>
            <Alignment>
                <TopLeft>true</TopLeft>
            </Alignment>
            <TemplateName>hsi_s</TemplateName>
            <AdapterName>group_health6</AdapterName>
        </StatusIconDef>


        <LabelDef>
            <Position>
                <X>134</X>
                <Y>68</Y>
            </Position>
            <Alignment>
                <TopLeft>true</TopLeft>
            </Alignment>
            <Color>
                <R>255</R>
                <G>255</G>
                <B>255</B>
                <A>255</A>
            </Color>
            <FontName>arial9ds</FontName>
            <Width>63</Width>
            <Height>12</Height>
            <MaxCharacters>31</MaxCharacters>
            <ColorAdapter>group_color6</ColorAdapter>
            <Adapter>group_name6</Adapter>
        </LabelDef>


        <ScalarLabelDef>
            <Position>
                <X>133</X>
                <Y>120</Y>
            </Position>
            <Alignment>
                <TopLeft>true</TopLeft>
            </Alignment>
            <FontName>arial9ds</FontName>
            <Width>13</Width>
            <Height>12</Height>
            <MaxCharacters>3</MaxCharacters>
            <Color>
                <R>255</R>
                <G>255</G>
                <B>255</B>
                <A>196</A>
            </Color>
            <Adapter>group_level6</Adapter>
            <ColorAdapter>group_color6</ColorAdapter>
            <DontDrawWhenZero>true</DontDrawWhenZero>
            <DontDrawWhenNegOne>true</DontDrawWhenNegOne>
        </ScalarLabelDef>


        <LabelDef>
            <Position>
                <X>147</X>
                <Y>120</Y>
            </Position>
            <Alignment>
                <TopLeft>true</TopLeft>
            </Alignment>
            <Color>
                <R>255</R>
                <G>255</G>
                <B>255</B>
                <A>255</A>
            </Color>
            <FontName>arial9ds</FontName>
            <Width>63</Width>
            <Height>12</Height>
            <MaxCharacters>5</MaxCharacters>
            <ColorAdapter>group_color6</ColorAdapter>
            <Adapter>group_class6</Adapter>
        </LabelDef>


        <ScalarLabelDef>
            <Position>
                <X>170</X>
                <Y>80</Y>
            </Position>
            <Alignment>
                <TopLeft>true</TopLeft>
            </Alignment>
            <FontName>kr</FontName>
            <Width>32</Width>
            <Height>32</Height>
            <MaxCharacters>4</MaxCharacters>
            <Color>
                <R>255</R>
                <G>0</G>
                <B>0</B>
                <A>196</A>
            </Color>
            <Adapter>group_health6</Adapter>
            <DontDrawWhenZero>true</DontDrawWhenZero>
            <DontDrawWhenNegOne>true</DontDrawWhenNegOne>
        </ScalarLabelDef>


        <ScalarLabelDef>
            <Position>
                <X>170</X>
                <Y>95</Y>
            </Position>
            <Alignment>
                <TopLeft>true</TopLeft>
            </Alignment>
            <FontName>kr</FontName>
            <Width>32</Width>
            <Height>32</Height>
            <MaxCharacters>4</MaxCharacters>
            <Color>
                <R>102</R>
                <G>204</G>
                <B>0</B>
                <A>255</A>
            </Color>
            <Adapter>group_endurance6</Adapter>
            <DontDrawWhenZero>true</DontDrawWhenZero>
            <DontDrawWhenNegOne>true</DontDrawWhenNegOne>
        </ScalarLabelDef>


        <ScalarLabelDef>
            <Position>
                <X>170</X>
                <Y>110</Y>
            </Position>
            <Alignment>
                <TopLeft>true</TopLeft>
            </Alignment>
            <FontName>kr</FontName>
            <Width>32</Width>
            <Height>32</Height>
            <MaxCharacters>4</MaxCharacters>
            <Color>
                <R>255</R>
                <G>255</G>
                <B>0</B>
                <A>196</A>
            </Color>
            <Adapter>group_power6</Adapter>
            <DontDrawWhenZero>true</DontDrawWhenZero>
            <DontDrawWhenNegOne>true</DontDrawWhenNegOne>
        </ScalarLabelDef>


        <InvisibleButtonDef>
            <Position>
                <X>133</X>
                <Y>67</Y>
            </Position>
            <Alignment>
                <TopLeft>true</TopLeft>
            </Alignment>
            <Label></Label>
            <OnClickEvent>SelectGroupMember6</OnClickEvent>
            <Width>64</Width>
            <Height>64</Height>
        </InvisibleButtonDef>


        <ButtonDef>
            <Position>
                <X>132</X>
                <Y>66</Y>
            </Position>
            <TemplateName>b_bg_hs</TemplateName>
            <OnClickEvent>SelectGroupMember6</OnClickEvent>
        </ButtonDef>


        <StatusIconDef>
            <Position>
                <X>199</X>
                <Y>67</Y>
            </Position>
            <Alignment>
                <TopLeft>true</TopLeft>
            </Alignment>
            <TemplateName>hsi_s</TemplateName>
            <AdapterName>group_health7</AdapterName>
        </StatusIconDef>


        <LabelDef>
            <Position>
                <X>200</X>
                <Y>68</Y>
            </Position>
            <Alignment>
                <TopLeft>true</TopLeft>
            </Alignment>
            <Color>
                <R>255</R>
                <G>255</G>
                <B>255</B>
                <A>255</A>
            </Color>
            <FontName>arial9ds</FontName>
            <Width>63</Width>
            <Height>12</Height>
            <MaxCharacters>31</MaxCharacters>
            <ColorAdapter>group_color7</ColorAdapter>
            <Adapter>group_name7</Adapter>
        </LabelDef>


        <ScalarLabelDef>
            <Position>
                <X>199</X>
                <Y>120</Y>
            </Position>
            <Alignment>
                <TopLeft>true</TopLeft>
            </Alignment>
            <FontName>arial9ds</FontName>
            <Width>13</Width>
            <Height>12</Height>
            <MaxCharacters>3</MaxCharacters>
            <Color>
                <R>255</R>
                <G>255</G>
                <B>255</B>
                <A>196</A>
            </Color>
            <Adapter>group_level7</Adapter>
            <ColorAdapter>group_color7</ColorAdapter>
            <DontDrawWhenZero>true</DontDrawWhenZero>
            <DontDrawWhenNegOne>true</DontDrawWhenNegOne>
        </ScalarLabelDef>


        <LabelDef>
            <Position>
                <X>213</X>
                <Y>120</Y>
            </Position>
            <Alignment>
                <TopLeft>true</TopLeft>
            </Alignment>
            <Color>
                <R>255</R>
                <G>255</G>
                <B>255</B>
                <A>255</A>
            </Color>
            <FontName>arial9ds</FontName>
            <Width>63</Width>
            <Height>12</Height>
            <MaxCharacters>5</MaxCharacters>
            <ColorAdapter>group_color7</ColorAdapter>
            <Adapter>group_class7</Adapter>
        </LabelDef>


        <ScalarLabelDef>
            <Position>
                <X>236</X>
                <Y>80</Y>
            </Position>
            <Alignment>
                <TopLeft>true</TopLeft>
            </Alignment>
            <FontName>kr</FontName>
            <Width>32</Width>
            <Height>32</Height>
            <MaxCharacters>4</MaxCharacters>
            <Color>
                <R>255</R>
                <G>0</G>
                <B>0</B>
                <A>196</A>
            </Color>
            <Adapter>group_health7</Adapter>
            <DontDrawWhenZero>true</DontDrawWhenZero>
            <DontDrawWhenNegOne>true</DontDrawWhenNegOne>
        </ScalarLabelDef>


        <ScalarLabelDef>
            <Position>
                <X>236</X>
                <Y>95</Y>
            </Position>
            <Alignment>
                <TopLeft>true</TopLeft>
            </Alignment>
            <FontName>kr</FontName>
            <Width>32</Width>
            <Height>32</Height>
            <MaxCharacters>4</MaxCharacters>
            <Color>
                <R>102</R>
                <G>204</G>
                <B>0</B>
                <A>255</A>
            </Color>
            <Adapter>group_endurance7</Adapter>
            <DontDrawWhenZero>true</DontDrawWhenZero>
            <DontDrawWhenNegOne>true</DontDrawWhenNegOne>
        </ScalarLabelDef>


        <ScalarLabelDef>
            <Position>
                <X>236</X>
                <Y>110</Y>
            </Position>
            <Alignment>
                <TopLeft>true</TopLeft>
            </Alignment>
            <FontName>kr</FontName>
            <Width>32</Width>
            <Height>32</Height>
            <MaxCharacters>4</MaxCharacters>
            <Color>
                <R>255</R>
                <G>255</G>
                <B>0</B>
                <A>196</A>
            </Color>
            <Adapter>group_power7</Adapter>
            <DontDrawWhenZero>true</DontDrawWhenZero>
            <DontDrawWhenNegOne>true</DontDrawWhenNegOne>
        </ScalarLabelDef>


        <InvisibleButtonDef>
            <Position>
                <X>199</X>
                <Y>67</Y>
            </Position>
            <Alignment>
                <TopLeft>true</TopLeft>
            </Alignment>
            <Label></Label>
            <OnClickEvent>SelectGroupMember7</OnClickEvent>
            <Width>64</Width>
            <Height>64</Height>
        </InvisibleButtonDef>


        <ButtonDef>
            <Position>
                <X>198</X>
                <Y>66</Y>
            </Position>
            <TemplateName>b_bg_hs</TemplateName>
            <OnClickEvent>SelectGroupMember7</OnClickEvent>
        </ButtonDef>


    </WindowTemplate>


</Root_Element>
