<?xml version="1.0"?>
<Root_Element ID="DAOCUi">

<!-- @@ Edited with the DAoC User Interface Editor v1.80 -->
<!-- @@ Free download available at http://www.bradtownsend.com/daoced -->


    <WindowTemplate>
        <Name>custom3_window</Name>
        <WindowId>custom3_window</WindowId>
        <CloseButton>false</CloseButton>
        <MoveButton>false</MoveButton>
        <TopRightResizeButton>false</TopRightResizeButton>
        <BottomRightResizeButton>false</BottomRightResizeButton>
        <BottomLeftResizeButton>false</BottomLeftResizeButton>
        <ResizeButtonOffsetX>0</ResizeButtonOffsetX>
        <ResizeButtonOffsetY>0</ResizeButtonOffsetY>
        <TitleWidth>120</TitleWidth>
        <TitleHeight>18</TitleHeight>
        <Width>70</Width>
        <Height>63</Height>
        <ResizeableWidth>0</ResizeableWidth>
        <ResizeableHeight>0</ResizeableHeight>
        <ResizeableTwoWayWidth>0</ResizeableTwoWayWidth>
        <ResizeableTwoWayHeight>0</ResizeableTwoWayHeight>
        <MinWidth>0</MinWidth>
        <MinHeight>0</MinHeight>
        <ContextTemplateName></ContextTemplateName>


        <FullResizeImageDef>
            <Position>
                <X>0</X>
                <Y>0</Y>
            </Position>
            <TemplateName>_witt_bg_80</TemplateName>
            <Width>70</Width>
            <Height>63</Height>
        </FullResizeImageDef>


        <!-- Mini Stats Window -->


        <LabelDef>
            <ControlId>con</ControlId>
            <Position>
                <X>3</X>
                <Y>0</Y>
            </Position>
            <Alignment>
                <TopLeft>true</TopLeft>
            </Alignment>
            <Color>
                <R>255</R>
                <G>215</G>
                <B>32</B>
                <A>255</A>
            </Color>
            <FontName>_whatisthisfont11pxds</FontName>
            <Width>36</Width>
            <Height>15</Height>
            <MaxCharacters>999</MaxCharacters>
            <Data>Con: </Data>
            <EndAligned>true</EndAligned>
        </LabelDef>


        <ScalarLabelDef>
            <ControlId>con_data</ControlId>
            <Position>
                <X>35</X>
                <Y>0</Y>
            </Position>
            <Alignment>
                <TopLeft>true</TopLeft>
            </Alignment>
            <ToolTipID>3</ToolTipID>
            <FontName>_whatisthisfont11pxds</FontName>
            <Width>100</Width>
            <Height>25</Height>
            <MaxCharacters>999</MaxCharacters>
            <Color>
                <R>255</R>
                <G>255</G>
                <B>255</B>
                <A>255</A>
            </Color>
            <Adapter>stats_constitution</Adapter>
            <ColorAdapter>stats_constitution_color</ColorAdapter>
        </ScalarLabelDef>


        <LabelDef>
            <ControlId>dex</ControlId>
            <Position>
                <X>3</X>
                <Y>12</Y>
            </Position>
            <Alignment>
                <TopLeft>true</TopLeft>
            </Alignment>
            <Color>
                <R>255</R>
                <G>215</G>
                <B>32</B>
                <A>255</A>
            </Color>
            <FontName>_whatisthisfont11pxds</FontName>
            <Width>36</Width>
            <Height>15</Height>
            <MaxCharacters>999</MaxCharacters>
            <Data>Dex: </Data>
            <EndAligned>true</EndAligned>
        </LabelDef>


        <ScalarLabelDef>
            <ControlId>dex_data</ControlId>
            <Position>
                <X>35</X>
                <Y>12</Y>
            </Position>
            <Alignment>
                <TopLeft>true</TopLeft>
            </Alignment>
            <ToolTipID>2</ToolTipID>
            <FontName>_whatisthisfont11pxds</FontName>
            <Width>100</Width>
            <Height>25</Height>
            <MaxCharacters>999</MaxCharacters>
            <Color>
                <R>255</R>
                <G>255</G>
                <B>255</B>
                <A>255</A>
            </Color>
            <Adapter>stats_dexterity</Adapter>
            <ColorAdapter>stats_dexterity_color</ColorAdapter>
        </ScalarLabelDef>


        <LabelDef>
            <ControlId>pie</ControlId>
            <Position>
                <X>3</X>
                <Y>24</Y>
            </Position>
            <Alignment>
                <TopLeft>true</TopLeft>
            </Alignment>
            <Color>
                <R>255</R>
                <G>215</G>
                <B>32</B>
                <A>255</A>
            </Color>
            <FontName>_whatisthisfont11pxds</FontName>
            <Width>36</Width>
            <Height>15</Height>
            <MaxCharacters>999</MaxCharacters>
            <Data>Pie: </Data>
            <EndAligned>true</EndAligned>
        </LabelDef>


        <ScalarLabelDef>
            <ControlId>pie_data</ControlId>
            <Position>
                <X>35</X>
                <Y>24</Y>
            </Position>
            <Alignment>
                <TopLeft>true</TopLeft>
            </Alignment>
            <ToolTipID>6</ToolTipID>
            <FontName>_whatisthisfont11pxds</FontName>
            <Width>100</Width>
            <Height>25</Height>
            <MaxCharacters>999</MaxCharacters>
            <Color>
                <R>255</R>
                <G>255</G>
                <B>255</B>
                <A>255</A>
            </Color>
            <Adapter>stats_piety</Adapter>
            <ColorAdapter>stats_piety_color</ColorAdapter>
        </ScalarLabelDef>


        <LabelDef>
            <ControlId>af</ControlId>
            <Position>
                <X>3</X>
                <Y>36</Y>
            </Position>
            <Alignment>
                <TopLeft>true</TopLeft>
            </Alignment>
            <Color>
                <R>165</R>
                <G>215</G>
                <B>234</B>
                <A>255</A>
            </Color>
            <FontName>_whatisthisfont11pxds</FontName>
            <Width>36</Width>
            <Height>15</Height>
            <MaxCharacters>999</MaxCharacters>
            <Data>Af:</Data>
            <EndAligned>true</EndAligned>
        </LabelDef>


        <ScalarLabelDef>
            <ControlId>af_data</ControlId>
            <Position>
                <X>35</X>
                <Y>36</Y>
            </Position>
            <Alignment>
                <TopLeft>true</TopLeft>
            </Alignment>
            <FontName>_whatisthisfont11pxds</FontName>
            <Width>100</Width>
            <Height>25</Height>
            <MaxCharacters>999</MaxCharacters>
            <Color>
                <R>255</R>
                <G>255</G>
                <B>255</B>
                <A>255</A>
            </Color>
            <Adapter>stats_armor_factor</Adapter>
        </ScalarLabelDef>


        <LabelDef>
            <ControlId>hp</ControlId>
            <Position>
                <X>3</X>
                <Y>48</Y>
            </Position>
            <Alignment>
                <TopLeft>true</TopLeft>
            </Alignment>
            <Color>
                <R>165</R>
                <G>215</G>
                <B>234</B>
                <A>255</A>
            </Color>
            <FontName>_whatisthisfont11pxds</FontName>
            <Width>36</Width>
            <Height>15</Height>
            <MaxCharacters>999</MaxCharacters>
            <Data>Hp:</Data>
            <EndAligned>true</EndAligned>
        </LabelDef>


        <ScalarLabelDef>
            <ControlId>hp_data</ControlId>
            <Position>
                <X>35</X>
                <Y>48</Y>
            </Position>
            <Alignment>
                <TopLeft>true</TopLeft>
            </Alignment>
            <FontName>_whatisthisfont11pxds</FontName>
            <Width>100</Width>
            <Height>25</Height>
            <MaxCharacters>999</MaxCharacters>
            <Color>
                <R>255</R>
                <G>255</G>
                <B>255</B>
                <A>255</A>
            </Color>
            <Adapter>stats_hitpoints</Adapter>
        </ScalarLabelDef>


    </WindowTemplate>


</Root_Element>
