<?xml version="1.0"?>
<Root_Element ID="DAOCUi">

<!-- @@ Edited with the DAoC User Interface Editor v1.80 -->
<!-- @@ Free download available at http://www.bradtownsend.com/daoced -->


    <WindowTemplate>
        <Name>menu_bar_window</Name>
        <WindowId>menu_bar</WindowId>
        <CloseButton>false</CloseButton>
        <MoveButton>false</MoveButton>
        <TopRightResizeButton>false</TopRightResizeButton>
        <BottomRightResizeButton>false</BottomRightResizeButton>
        <BottomLeftResizeButton>false</BottomLeftResizeButton>
        <ResizeButtonOffsetX>0</ResizeButtonOffsetX>
        <ResizeButtonOffsetY>0</ResizeButtonOffsetY>
        <TitleWidth>0</TitleWidth>
        <TitleHeight>0</TitleHeight>
        <Width>706</Width>
        <Height>24</Height>
        <ResizeableWidth>0</ResizeableWidth>
        <ResizeableHeight>0</ResizeableHeight>
        <ResizeableTwoWayWidth>0</ResizeableTwoWayWidth>
        <ResizeableTwoWayHeight>0</ResizeableTwoWayHeight>
        <MinWidth>0</MinWidth>
        <MinHeight>0</MinHeight>
        <ContextTemplateName></ContextTemplateName>


        <FullResizeImageDef>
            <ControlId>ImageBackground</ControlId>
            <Position>
                <X>0</X>
                <Y>0</Y>
            </Position>
            <TemplateName>_witt_bg_90</TemplateName>
            <Width>706</Width>
            <Height>24</Height>
        </FullResizeImageDef>


        <StatusIconDef>
            <ControlId>2000</ControlId>
            <Position>
                <X>234</X>
                <Y>4</Y>
            </Position>
            <Alignment>
                <TopLeft>true</TopLeft>
            </Alignment>
            <TemplateName>performance_icon_large</TemplateName>
            <AdapterName>performance_meter</AdapterName>
        </StatusIconDef>


        <StatusIconDef>
            <ControlId>2001</ControlId>
            <Position>
                <X>264</X>
                <Y>4</Y>
            </Position>
            <Alignment>
                <TopLeft>true</TopLeft>
            </Alignment>
            <TemplateName>lag_icon_large</TemplateName>
            <AdapterName>lag_meter</AdapterName>
        </StatusIconDef>


        <StatusIconDef>
            <ControlId>2002</ControlId>
            <Position>
                <X>294</X>
                <Y>4</Y>
            </Position>
            <Alignment>
                <TopLeft>true</TopLeft>
            </Alignment>
            <TemplateName>framerate_icon_large</TemplateName>
            <AdapterName>framerate_meter</AdapterName>
        </StatusIconDef>


        <LabelDef>
            <Position>
                <X>194</X>
                <Y>5</Y>
            </Position>
            <Alignment>
                <TopLeft>true</TopLeft>
            </Alignment>
            <Color>
                <R>255</R>
                <G>255</G>
                <B>255</B>
                <A>255</A>
            </Color>
            <FontName>_whatisthisfont11pxds</FontName>
            <Width>30</Width>
            <Height>16</Height>
            <MaxCharacters>128</MaxCharacters>
            <Data>C:999</Data>
            <Adapter>merchant_copper</Adapter>
        </LabelDef>


        <LabelDef>
            <Position>
                <X>154</X>
                <Y>5</Y>
            </Position>
            <Alignment>
                <TopLeft>true</TopLeft>
            </Alignment>
            <Color>
                <R>255</R>
                <G>255</G>
                <B>255</B>
                <A>255</A>
            </Color>
            <FontName>_whatisthisfont11pxds</FontName>
            <Width>30</Width>
            <Height>16</Height>
            <MaxCharacters>128</MaxCharacters>
            <Data>S:999</Data>
            <Adapter>merchant_silver</Adapter>
        </LabelDef>


        <LabelDef>
            <Position>
                <X>104</X>
                <Y>5</Y>
            </Position>
            <Alignment>
                <TopLeft>true</TopLeft>
            </Alignment>
            <Color>
                <R>255</R>
                <G>255</G>
                <B>255</B>
                <A>255</A>
            </Color>
            <FontName>_whatisthisfont11pxds</FontName>
            <Width>35</Width>
            <Height>16</Height>
            <MaxCharacters>128</MaxCharacters>
            <Data>G:999</Data>
            <Adapter>merchant_gold</Adapter>
        </LabelDef>


        <LabelDef>
            <Position>
                <X>57</X>
                <Y>5</Y>
            </Position>
            <Alignment>
                <TopLeft>true</TopLeft>
            </Alignment>
            <Color>
                <R>255</R>
                <G>255</G>
                <B>255</B>
                <A>255</A>
            </Color>
            <FontName>_whatisthisfont11pxds</FontName>
            <Width>35</Width>
            <Height>16</Height>
            <MaxCharacters>128</MaxCharacters>
            <Data>P:999</Data>
            <Adapter>merchant_platinum</Adapter>
        </LabelDef>


        <LabelDef>
            <Position>
                <X>15</X>
                <Y>5</Y>
            </Position>
            <Alignment>
                <TopLeft>true</TopLeft>
            </Alignment>
            <Color>
                <R>255</R>
                <G>255</G>
                <B>255</B>
                <A>255</A>
            </Color>
            <FontName>_whatisthisfont11pxds</FontName>
            <Width>30</Width>
            <Height>16</Height>
            <MaxCharacters>128</MaxCharacters>
            <Data>M:999</Data>
            <Adapter>merchant_mithril</Adapter>
        </LabelDef>


        <ImageAreaDef>
            <Position>
                <X>182</X>
                <Y>9</Y>
            </Position>
            <Alignment>
                <TopLeft>true</TopLeft>
            </Alignment>
            <TemplateName>copper_decal</TemplateName>
        </ImageAreaDef>


        <ImageAreaDef>
            <Position>
                <X>142</X>
                <Y>9</Y>
            </Position>
            <Alignment>
                <TopLeft>true</TopLeft>
            </Alignment>
            <TemplateName>silver_decal</TemplateName>
        </ImageAreaDef>


        <ImageAreaDef>
            <Position>
                <X>92</X>
                <Y>9</Y>
            </Position>
            <Alignment>
                <TopLeft>true</TopLeft>
            </Alignment>
            <TemplateName>gold_decal</TemplateName>
        </ImageAreaDef>


        <ImageAreaDef>
            <Position>
                <X>45</X>
                <Y>9</Y>
            </Position>
            <Alignment>
                <TopLeft>true</TopLeft>
            </Alignment>
            <TemplateName>platinum_decal</TemplateName>
        </ImageAreaDef>


        <ImageAreaDef>
            <Position>
                <X>3</X>
                <Y>9</Y>
            </Position>
            <Alignment>
                <TopLeft>true</TopLeft>
            </Alignment>
            <TemplateName>mithril_decal</TemplateName>
        </ImageAreaDef>


        <InvisibleButtonDef>
            <Position>
                <X>0</X>
                <Y>0</Y>
            </Position>
            <Alignment>
                <TopLeft>true</TopLeft>
            </Alignment>
            <Label></Label>
            <OnClickEvent>MenuBarWithdraw</OnClickEvent>
            <Width>230</Width>
            <Height>24</Height>
        </InvisibleButtonDef>


        <LabelDef>
            <Position>
                <X>323</X>
                <Y>5</Y>
            </Position>
            <Color>
                <R>254</R>
                <G>217</G>
                <B>10</B>
                <A>255</A>
            </Color>
            <FontName>_whatisthisfont11pxds</FontName>
            <Width>56</Width>
            <Height>16</Height>
            <MaxCharacters>10</MaxCharacters>
            <Adapter>game_time</Adapter>
        </LabelDef>


        <LabelDef>
            <Position>
                <X>374</X>
                <Y>5</Y>
            </Position>
            <Alignment>
                <TopLeft>true</TopLeft>
            </Alignment>
            <Color>
                <R>255</R>
                <G>255</G>
                <B>255</B>
                <A>255</A>
            </Color>
            <FontName>_whatisthisfont11pxds</FontName>
            <Width>118</Width>
            <Height>16</Height>
            <MaxCharacters>50</MaxCharacters>
            <Adapter>time_of_day</Adapter>
        </LabelDef>


        <ButtonDef>
            <Position>
                <X>3</X>
                <Y>4</Y>
            </Position>
            <Alignment>
                <OffsetRight>true</OffsetRight>
            </Alignment>
            <TemplateName>_witt_hr72_button</TemplateName>
            <Label>bysanUI</Label>
            <OnClickEvent>ToggleInterfaceElements</OnClickEvent>
        </ButtonDef>


        <ButtonDef>
            <Position>
                <X>77</X>
                <Y>4</Y>
            </Position>
            <Alignment>
                <OffsetRight>true</OffsetRight>
            </Alignment>
            <TemplateName>_witt_hr72_button</TemplateName>
            <Label>Realm Map</Label>
            <OnClickEvent>ShowWarMap</OnClickEvent>
        </ButtonDef>


        <ButtonDef>
            <Position>
                <X>151</X>
                <Y>4</Y>
            </Position>
            <Alignment>
                <OffsetRight>true</OffsetRight>
            </Alignment>
            <TemplateName>_witt_hr72_button</TemplateName>
            <Label>Map</Label>
            <OnClickEvent>ToggleMap</OnClickEvent>
        </ButtonDef>


    </WindowTemplate>


</Root_Element>
