<?xml version="1.0"?>
<Root_Element ID="DAOCUi">

<!-- @@ Edited with the DAoC User Interface Editor v1.80 -->
<!-- @@ Free download available at http://www.bradtownsend.com/daoced -->


    <WindowTemplate>
        <Name>custom2_window</Name>
        <WindowId>custom2_window</WindowId>
        <CloseButton>false</CloseButton>
        <MoveButton>false</MoveButton>
        <TopRightResizeButton>false</TopRightResizeButton>
        <BottomRightResizeButton>false</BottomRightResizeButton>
        <BottomLeftResizeButton>false</BottomLeftResizeButton>
        <ResizeButtonOffsetX>0</ResizeButtonOffsetX>
        <ResizeButtonOffsetY>0</ResizeButtonOffsetY>
        <TitleWidth>0</TitleWidth>
        <TitleHeight>0</TitleHeight>
        <Width>240</Width>
        <Height>10</Height>
        <ResizeableWidth>0</ResizeableWidth>
        <ResizeableHeight>0</ResizeableHeight>
        <ResizeableTwoWayWidth>0</ResizeableTwoWayWidth>
        <ResizeableTwoWayHeight>0</ResizeableTwoWayHeight>
        <MinWidth>0</MinWidth>
        <MinHeight>0</MinHeight>
        <ContextTemplateName></ContextTemplateName>


        <!-- PowerbarWidth -->


        <!-- PowerbarHeight -->


        <StatusBarDef>
            <Position>
                <X>0</X>
                <Y>0</Y>
            </Position>
            <TemplateName>_witt_statusbar_medium_yellow</TemplateName>
            <AdapterName>summary_player_power</AdapterName>
            <Width>240</Width>
        </StatusBarDef>


        <ScalarLabelDef>
            <Position>
                <X>0</X>
                <Y>-1</Y>
            </Position>
            <FontName>_whatisthisfont2</FontName>
            <Width>48</Width>
            <Height>20</Height>
            <MaxCharacters>4</MaxCharacters>
            <Color>
                <R>255</R>
                <G>255</G>
                <B>255</B>
                <A>255</A>
            </Color>
            <Adapter>summary_player_power</Adapter>
            <TextCentered>true</TextCentered>
            <EndAligned>true</EndAligned>
        </ScalarLabelDef>


    </WindowTemplate>


</Root_Element>
