<?xml version="1.0"?>
<Root_Element ID="DAOCUi">

<!-- @@ Edited with the DAoC User Interface Editor v1.80 -->
<!-- @@ Free download available at http://www.bradtownsend.com/daoced -->


    <WindowTemplate>
        <Name>merchant</Name>
        <WindowId>Merchant</WindowId>
        <CloseButton>true</CloseButton>
        <MoveButton>false</MoveButton>
        <TopRightResizeButton>false</TopRightResizeButton>
        <BottomRightResizeButton>true</BottomRightResizeButton>
        <BottomLeftResizeButton>false</BottomLeftResizeButton>
        <ResizeButtonOffsetX>0</ResizeButtonOffsetX>
        <ResizeButtonOffsetY>0</ResizeButtonOffsetY>
        <TitleWidth>230</TitleWidth>
        <TitleHeight>18</TitleHeight>
        <Width>230</Width>
        <Height>298</Height>
        <ResizeableWidth>6</ResizeableWidth>
        <ResizeableHeight>6</ResizeableHeight>
        <ResizeableTwoWayWidth>0</ResizeableTwoWayWidth>
        <ResizeableTwoWayHeight>0</ResizeableTwoWayHeight>
        <MinWidth>230</MinWidth>
        <MinHeight>312</MinHeight>
        <ContextTemplateName></ContextTemplateName>


        <!--background elements-->


        <FullResizeImageDef>
            <ControlId>Background</ControlId>
            <Position>
                <X>0</X>
                <Y>0</Y>
            </Position>
            <Alignment>
                <GrowWidth>true</GrowWidth>
                <GrowHeight>true</GrowHeight>
            </Alignment>
            <TemplateName>_witt_bg_90</TemplateName>
            <Width>230</Width>
            <Height>299</Height>
        </FullResizeImageDef>


        <FullResizeImageDef>
            <Position>
                <X>0</X>
                <Y>0</Y>
            </Position>
            <Alignment>
                <GrowWidth>true</GrowWidth>
            </Alignment>
            <TemplateName>_witt_bg_100</TemplateName>
            <Width>230</Width>
            <Height>19</Height>
        </FullResizeImageDef>


        <LabelDef>
            <ControlId>1006</ControlId>
            <Position>
                <X>0</X>
                <Y>4</Y>
            </Position>
            <Alignment>
                <CenterHorizontally>true</CenterHorizontally>
            </Alignment>
            <Color>
                <R>255</R>
                <G>255</G>
                <B>255</B>
                <A>255</A>
            </Color>
            <FontName>_whatisthisfont2</FontName>
            <Width>230</Width>
            <Height>16</Height>
            <MaxCharacters>128</MaxCharacters>
            <Data>Merchant</Data>
            <Adapter>merchant_title</Adapter>
        </LabelDef>


        <ImageAreaDef>
            <Position>
                <X>19</X>
                <Y>33</Y>
            </Position>
            <Alignment>
                <TopLeft>true</TopLeft>
                <OffsetBottom>true</OffsetBottom>
            </Alignment>
            <TemplateName>mithril_decal</TemplateName>
        </ImageAreaDef>


        <ImageAreaDef>
            <Position>
                <X>65</X>
                <Y>33</Y>
            </Position>
            <Alignment>
                <TopLeft>true</TopLeft>
                <OffsetBottom>true</OffsetBottom>
            </Alignment>
            <TemplateName>platinum_decal</TemplateName>
        </ImageAreaDef>


        <ImageAreaDef>
            <Position>
                <X>110</X>
                <Y>33</Y>
            </Position>
            <Alignment>
                <TopLeft>true</TopLeft>
                <OffsetBottom>true</OffsetBottom>
            </Alignment>
            <TemplateName>gold_decal</TemplateName>
        </ImageAreaDef>


        <ImageAreaDef>
            <Position>
                <X>155</X>
                <Y>33</Y>
            </Position>
            <Alignment>
                <TopLeft>true</TopLeft>
                <OffsetBottom>true</OffsetBottom>
            </Alignment>
            <TemplateName>silver_decal</TemplateName>
        </ImageAreaDef>


        <ImageAreaDef>
            <Position>
                <X>200</X>
                <Y>33</Y>
            </Position>
            <Alignment>
                <TopLeft>true</TopLeft>
                <OffsetBottom>true</OffsetBottom>
            </Alignment>
            <TemplateName>copper_decal</TemplateName>
        </ImageAreaDef>


        <!--functional elements-->


        <ListBoxDef>
            <ControlId>1005</ControlId>
            <Position>
                <X>0</X>
                <Y>18</Y>
            </Position>
            <Alignment>
                <GrowWidth>true</GrowWidth>
            </Alignment>
            <Width>230</Width>
            <Height>200</Height>
            <TemplateName>_witt_listbox_80</TemplateName>
            <AdapterName>merchant_page0</AdapterName>
            <Sorting>false</Sorting>
            <Columns>2</Columns>
            <IconTemplate></IconTemplate>
            <ShowIndicator>false</ShowIndicator>
            <ShowDefaultToolTips>false</ShowDefaultToolTips>
            <OnHeaderClickEvent></OnHeaderClickEvent>
            <OnClickEvent></OnClickEvent>
        </ListBoxDef>


        <LabelDef>
            <Position>
                <X>83</X>
                <Y>64</Y>
            </Position>
            <Alignment>
                <TopLeft>true</TopLeft>
                <OffsetBottom>true</OffsetBottom>
            </Alignment>
            <Color>
                <R>255</R>
                <G>255</G>
                <B>255</B>
                <A>255</A>
            </Color>
            <FontName>_whatisthisfont3</FontName>
            <Width>90</Width>
            <Height>16</Height>
            <MaxCharacters>128</MaxCharacters>
            <Data>Page 1 of 1</Data>
            <Adapter>merchant_page_display</Adapter>
        </LabelDef>


        <ButtonDef>
            <ControlId>1000</ControlId>
            <Position>
                <X>72</X>
                <Y>68</Y>
            </Position>
            <Alignment>
                <TopLeft>true</TopLeft>
                <OffsetBottom>true</OffsetBottom>
            </Alignment>
            <TemplateName>_witt_button_left</TemplateName>
        </ButtonDef>


        <ButtonDef>
            <ControlId>1001</ControlId>
            <Position>
                <X>150</X>
                <Y>68</Y>
            </Position>
            <Alignment>
                <TopLeft>true</TopLeft>
                <OffsetBottom>true</OffsetBottom>
            </Alignment>
            <TemplateName>_witt_button_right</TemplateName>
        </ButtonDef>


        <ButtonDef>
            <ControlId>1002</ControlId>
            <Position>
                <X>3</X>
                <Y>0</Y>
            </Position>
            <Alignment>
                <OffsetBottom>true</OffsetBottom>
                <OffsetRight>true</OffsetRight>
            </Alignment>
            <TemplateName>_witt_hr_button</TemplateName>
            <Label>BUY</Label>
        </ButtonDef>


        <ButtonDef>
            <ControlId>1003</ControlId>
            <Position>
                <X>0</X>
                <Y>0</Y>
            </Position>
            <Alignment>
                <OffsetBottom>true</OffsetBottom>
                <CenterHorizontally>true</CenterHorizontally>
            </Alignment>
            <TemplateName>_witt_hr_button</TemplateName>
            <Label>SELL</Label>
        </ButtonDef>


        <ButtonDef>
            <ControlId>1004</ControlId>
            <Position>
                <X>3</X>
                <Y>0</Y>
            </Position>
            <Alignment>
                <OffsetBottom>true</OffsetBottom>
            </Alignment>
            <TemplateName>_witt_hr_button</TemplateName>
            <Label>APPRAISE</Label>
        </ButtonDef>


        <LabelDef>
            <Position>
                <X>7</X>
                <Y>18</Y>
            </Position>
            <Alignment>
                <TopLeft>true</TopLeft>
                <OffsetBottom>true</OffsetBottom>
            </Alignment>
            <Color>
                <R>255</R>
                <G>255</G>
                <B>255</B>
                <A>255</A>
            </Color>
            <FontName>_whatisthisfont3</FontName>
            <Width>35</Width>
            <Height>16</Height>
            <MaxCharacters>128</MaxCharacters>
            <Data>M:999</Data>
            <Adapter>merchant_mithril</Adapter>
            <TextCentered>true</TextCentered>
        </LabelDef>


        <LabelDef>
            <Position>
                <X>54</X>
                <Y>18</Y>
            </Position>
            <Alignment>
                <TopLeft>true</TopLeft>
                <OffsetBottom>true</OffsetBottom>
            </Alignment>
            <Color>
                <R>255</R>
                <G>255</G>
                <B>255</B>
                <A>255</A>
            </Color>
            <FontName>_whatisthisfont3</FontName>
            <Width>35</Width>
            <Height>16</Height>
            <MaxCharacters>128</MaxCharacters>
            <Data>P:999</Data>
            <Adapter>merchant_platinum</Adapter>
            <TextCentered>true</TextCentered>
        </LabelDef>


        <LabelDef>
            <Position>
                <X>99</X>
                <Y>18</Y>
            </Position>
            <Alignment>
                <TopLeft>true</TopLeft>
                <OffsetBottom>true</OffsetBottom>
            </Alignment>
            <Color>
                <R>255</R>
                <G>255</G>
                <B>255</B>
                <A>255</A>
            </Color>
            <FontName>_whatisthisfont3</FontName>
            <Width>35</Width>
            <Height>16</Height>
            <MaxCharacters>128</MaxCharacters>
            <Data>G:999</Data>
            <Adapter>merchant_gold</Adapter>
            <TextCentered>true</TextCentered>
        </LabelDef>


        <LabelDef>
            <Position>
                <X>144</X>
                <Y>18</Y>
            </Position>
            <Alignment>
                <TopLeft>true</TopLeft>
                <OffsetBottom>true</OffsetBottom>
            </Alignment>
            <Color>
                <R>255</R>
                <G>255</G>
                <B>255</B>
                <A>255</A>
            </Color>
            <FontName>_whatisthisfont3</FontName>
            <Width>35</Width>
            <Height>16</Height>
            <MaxCharacters>128</MaxCharacters>
            <Data>S:999</Data>
            <Adapter>merchant_silver</Adapter>
            <TextCentered>true</TextCentered>
        </LabelDef>


        <LabelDef>
            <Position>
                <X>189</X>
                <Y>18</Y>
            </Position>
            <Alignment>
                <TopLeft>true</TopLeft>
                <OffsetBottom>true</OffsetBottom>
            </Alignment>
            <Color>
                <R>255</R>
                <G>255</G>
                <B>255</B>
                <A>255</A>
            </Color>
            <FontName>_whatisthisfont3</FontName>
            <Width>35</Width>
            <Height>16</Height>
            <MaxCharacters>128</MaxCharacters>
            <Data>C:999</Data>
            <Adapter>merchant_copper</Adapter>
            <TextCentered>true</TextCentered>
        </LabelDef>


        <HorizontalResizeImageDef>
            <Position>
                <X>0</X>
                <Y>46</Y>
            </Position>
            <Alignment>
                <OffsetBottom>true</OffsetBottom>
                <GrowWidth>true</GrowWidth>
            </Alignment>
            <TemplateName>_witt_hr_normal</TemplateName>
            <Width>230</Width>
        </HorizontalResizeImageDef>


        <LabelDef>
            <Position>
                <X>23</X>
                <Y>47</Y>
            </Position>
            <Alignment>
                <TopLeft>true</TopLeft>
                <OffsetBottom>true</OffsetBottom>
            </Alignment>
            <Color>
                <R>255</R>
                <G>255</G>
                <B>255</B>
                <A>255</A>
            </Color>
            <FontName>_whatisthisfont3</FontName>
            <Width>50</Width>
            <Height>16</Height>
            <MaxCharacters>128</MaxCharacters>
            <Data>Quantity</Data>
        </LabelDef>


        <ButtonDef>
            <ControlId>1007</ControlId>
            <Position>
                <X>75</X>
                <Y>51</Y>
            </Position>
            <Alignment>
                <TopLeft>true</TopLeft>
                <OffsetBottom>true</OffsetBottom>
            </Alignment>
            <TemplateName>_witt_button_left</TemplateName>
        </ButtonDef>


        <ButtonDef>
            <ControlId>1008</ControlId>
            <Position>
                <X>108</X>
                <Y>51</Y>
            </Position>
            <Alignment>
                <TopLeft>true</TopLeft>
                <OffsetBottom>true</OffsetBottom>
            </Alignment>
            <TemplateName>_witt_button_right</TemplateName>
        </ButtonDef>


        <LabelDef>
            <Position>
                <X>85</X>
                <Y>47</Y>
            </Position>
            <Alignment>
                <TopLeft>true</TopLeft>
                <OffsetBottom>true</OffsetBottom>
            </Alignment>
            <Color>
                <R>255</R>
                <G>255</G>
                <B>255</B>
                <A>255</A>
            </Color>
            <FontName>_whatisthisfont3</FontName>
            <Width>25</Width>
            <Height>16</Height>
            <MaxCharacters>128</MaxCharacters>
            <Data>10 x 20</Data>
            <Adapter>merchant_quantity</Adapter>
            <TextCentered>true</TextCentered>
        </LabelDef>


        <CheckBoxDef>
            <ControlId>1009</ControlId>
            <Position>
                <X>125</X>
                <Y>48</Y>
            </Position>
            <Alignment>
                <TopLeft>true</TopLeft>
                <OffsetBottom>true</OffsetBottom>
            </Alignment>
            <TemplateName>_witt_checkbox</TemplateName>
            <AdapterName></AdapterName>
            <TextAdapterName></TextAdapterName>
            <Data>Keep Qty</Data>
            <LabelWidth>50</LabelWidth>
            <OnClickEvent></OnClickEvent>
        </CheckBoxDef>


    </WindowTemplate>


</Root_Element>
