<?xml version="1.0"?>
<Root_Element ID="DAOCUi">

<!-- @@ Edited with the DAoC User Interface Editor v1.80 -->
<!-- @@ Free download available at http://www.bradtownsend.com/daoced -->


    <VerticalResizeImageTemplate>
        <Name>vault_blank</Name>
        <Width>16</Width>
        <TopHeight>1</TopHeight>
        <RepeatHeight>17</RepeatHeight>
        <BottomHeight>1</BottomHeight>
        <Texture>
            <TextureName>_whatisthistexture</TextureName>
            <Top>
                <X>753</X>
                <Y>969</Y>
            </Top>
            <Repeat>
                <X>1005</X>
                <Y>868</Y>
            </Repeat>
            <Bottom>
                <X>753</X>
                <Y>969</Y>
            </Bottom>
        </Texture>
    </VerticalResizeImageTemplate>


    <WindowTemplate>
        <Name>vault_window</Name>
        <WindowId>Vault</WindowId>
        <CloseButton>true</CloseButton>
        <MoveButton>false</MoveButton>
        <TopRightResizeButton>false</TopRightResizeButton>
        <BottomRightResizeButton>false</BottomRightResizeButton>
        <BottomLeftResizeButton>false</BottomLeftResizeButton>
        <ResizeButtonOffsetX>0</ResizeButtonOffsetX>
        <ResizeButtonOffsetY>0</ResizeButtonOffsetY>
        <TitleWidth>256</TitleWidth>
        <TitleHeight>18</TitleHeight>
        <Width>256</Width>
        <Height>401</Height>
        <ResizeableWidth>5</ResizeableWidth>
        <ResizeableHeight>5</ResizeableHeight>
        <ResizeableTwoWayWidth>8</ResizeableTwoWayWidth>
        <ResizeableTwoWayHeight>8</ResizeableTwoWayHeight>
        <MinWidth>300</MinWidth>
        <MinHeight>188</MinHeight>
        <ContextTemplateName></ContextTemplateName>


        <FullResizeImageDef>
            <Position>
                <X>0</X>
                <Y>0</Y>
            </Position>
            <Alignment>
                <GrowWidth>true</GrowWidth>
                <GrowHeight>true</GrowHeight>
            </Alignment>
            <TemplateName>_witt_bg_90</TemplateName>
            <Width>256</Width>
            <Height>401</Height>
        </FullResizeImageDef>


        <FullResizeImageDef>
            <Position>
                <X>0</X>
                <Y>0</Y>
            </Position>
            <Alignment>
                <GrowWidth>true</GrowWidth>
            </Alignment>
            <TemplateName>_witt_bg_100</TemplateName>
            <Width>256</Width>
            <Height>19</Height>
        </FullResizeImageDef>


        <LabelDef>
            <ControlId>1005</ControlId>
            <Position>
                <X>13</X>
                <Y>2</Y>
            </Position>
            <Alignment>
                <OffsetBottom>true</OffsetBottom>
                <OffsetRight>true</OffsetRight>
            </Alignment>
            <Color>
                <R>255</R>
                <G>255</G>
                <B>255</B>
                <A>255</A>
            </Color>
            <FontName>_whatisthisfont3</FontName>
            <Width>42</Width>
            <Height>16</Height>
            <MaxCharacters>64</MaxCharacters>
            <Data>Page Number</Data>
            <Adapter>vault_page</Adapter>
            <TextCentered>true</TextCentered>
        </LabelDef>


        <ButtonDef>
            <ControlId>1003</ControlId>
            <Position>
                <X>54</X>
                <Y>6</Y>
            </Position>
            <Alignment>
                <OffsetBottom>true</OffsetBottom>
                <OffsetRight>true</OffsetRight>
            </Alignment>
            <TemplateName>_witt_button_left</TemplateName>
        </ButtonDef>


        <ButtonDef>
            <ControlId>1004</ControlId>
            <Position>
                <X>5</X>
                <Y>6</Y>
            </Position>
            <Alignment>
                <OffsetBottom>true</OffsetBottom>
                <OffsetRight>true</OffsetRight>
            </Alignment>
            <TemplateName>_witt_button_right</TemplateName>
        </ButtonDef>


        <VerticalResizeImageDef>
            <Position>
                <X>7</X>
                <Y>23</Y>
            </Position>
            <Alignment>
                <GrowHeight>true</GrowHeight>
            </Alignment>
            <TemplateName>vault_blank</TemplateName>
            <Height>353</Height>
        </VerticalResizeImageDef>


        <ListBoxDef>
            <ControlId>1000</ControlId>
            <Position>
                <X>0</X>
                <Y>18</Y>
            </Position>
            <Alignment>
                <GrowWidth>true</GrowWidth>
                <GrowHeight>true</GrowHeight>
            </Alignment>
            <Width>256</Width>
            <Height>361</Height>
            <TemplateName>_witt_listbox_80</TemplateName>
            <AdapterName>vault_items</AdapterName>
            <Sorting>false</Sorting>
            <Columns>2</Columns>
            <IconTemplate></IconTemplate>
            <ShowIndicator>false</ShowIndicator>
            <ShowDefaultToolTips>false</ShowDefaultToolTips>
            <OnHeaderClickEvent></OnHeaderClickEvent>
            <OnClickEvent></OnClickEvent>
        </ListBoxDef>


        <ButtonDef>
            <ControlId>1002</ControlId>
            <Position>
                <X>0</X>
                <Y>1</Y>
            </Position>
            <Alignment>
                <OffsetBottom>true</OffsetBottom>
                <CenterHorizontally>true</CenterHorizontally>
            </Alignment>
            <TemplateName>_witt_hr_button</TemplateName>
            <Label>Pages</Label>
        </ButtonDef>


        <LabelDef>
            <ControlId>1001</ControlId>
            <Position>
                <X>0</X>
                <Y>4</Y>
            </Position>
            <Alignment>
                <CenterHorizontally>true</CenterHorizontally>
            </Alignment>
            <Color>
                <R>255</R>
                <G>255</G>
                <B>255</B>
                <A>255</A>
            </Color>
            <FontName>_whatisthisfont2</FontName>
            <Width>256</Width>
            <Height>15</Height>
            <MaxCharacters>128</MaxCharacters>
            <Data>VAULT</Data>
            <TextCentered>true</TextCentered>
        </LabelDef>


    </WindowTemplate>


</Root_Element>
