<?xml version="1.0"?>
<Root_Element ID="DAOCUi">

<!-- @@ Edited with the DAoC User Interface Editor v1.80 -->
<!-- @@ Free download available at http://www.bradtownsend.com/daoced -->


    <WindowTemplate>
        <Name>new_quest</Name>
        <WindowId>NewQuest</WindowId>
        <CloseButton>true</CloseButton>
        <MoveButton>false</MoveButton>
        <TopRightResizeButton>false</TopRightResizeButton>
        <BottomRightResizeButton>false</BottomRightResizeButton>
        <BottomLeftResizeButton>false</BottomLeftResizeButton>
        <ResizeButtonOffsetX>0</ResizeButtonOffsetX>
        <ResizeButtonOffsetY>0</ResizeButtonOffsetY>
        <TitleWidth>278</TitleWidth>
        <TitleHeight>18</TitleHeight>
        <Width>278</Width>
        <Height>359</Height>
        <ResizeableWidth>0</ResizeableWidth>
        <ResizeableHeight>0</ResizeableHeight>
        <ResizeableTwoWayWidth>0</ResizeableTwoWayWidth>
        <ResizeableTwoWayHeight>0</ResizeableTwoWayHeight>
        <MinWidth>0</MinWidth>
        <MinHeight>0</MinHeight>
        <ContextTemplateName></ContextTemplateName>


        <FullResizeImageDef>
            <ControlId>BackgroundImage</ControlId>
            <Position>
                <X>0</X>
                <Y>0</Y>
            </Position>
            <TemplateName>_witt_bg_90</TemplateName>
            <Width>278</Width>
            <Height>359</Height>
        </FullResizeImageDef>


        <FullResizeImageDef>
            <Position>
                <X>0</X>
                <Y>0</Y>
            </Position>
            <TemplateName>_witt_bg_100</TemplateName>
            <Width>278</Width>
            <Height>19</Height>
        </FullResizeImageDef>


        <LabelDef>
            <Position>
                <X>0</X>
                <Y>4</Y>
            </Position>
            <Alignment>
                <CenterHorizontally>true</CenterHorizontally>
            </Alignment>
            <Color>
                <R>255</R>
                <G>255</G>
                <B>255</B>
                <A>255</A>
            </Color>
            <FontName>_whatisthisfont2</FontName>
            <Width>278</Width>
            <Height>15</Height>
            <MaxCharacters>128</MaxCharacters>
            <Adapter>new_quest_title</Adapter>
            <TextCentered>true</TextCentered>
        </LabelDef>


        <TextAreaDef>
            <ControlId>1000</ControlId>
            <Position>
                <X>0</X>
                <Y>18</Y>
            </Position>
            <TemplateName>_witt_textarea</TemplateName>
            <AdapterName>new_quest_text</AdapterName>
            <HasHotspots>false</HasHotspots>
            <MaxCharacters>32768</MaxCharacters>
            <Width>278</Width>
            <Height>150</Height>
        </TextAreaDef>


        <FullResizeImageDef>
            <Position>
                <X>0</X>
                <Y>167</Y>
            </Position>
            <TemplateName>_witt_bg_100</TemplateName>
            <Width>278</Width>
            <Height>19</Height>
        </FullResizeImageDef>


        <LabelDef>
            <Position>
                <X>0</X>
                <Y>171</Y>
            </Position>
            <Alignment>
                <CenterHorizontally>true</CenterHorizontally>
            </Alignment>
            <Color>
                <R>255</R>
                <G>255</G>
                <B>255</B>
                <A>255</A>
            </Color>
            <FontName>_whatisthisfont2</FontName>
            <Width>278</Width>
            <Height>15</Height>
            <MaxCharacters>128</MaxCharacters>
            <Data>Basic Rewards</Data>
            <TextCentered>true</TextCentered>
        </LabelDef>


        <!-- Basic reward frames -->


        <ImageAreaDef>
            <Position>
                <X>4</X>
                <Y>189</Y>
            </Position>
            <TemplateName>_witt_reward_frame</TemplateName>
        </ImageAreaDef>


        <ImageAreaDef>
            <Position>
                <X>38</X>
                <Y>189</Y>
            </Position>
            <TemplateName>_witt_reward_frame</TemplateName>
        </ImageAreaDef>


        <ImageAreaDef>
            <Position>
                <X>72</X>
                <Y>189</Y>
            </Position>
            <TemplateName>_witt_reward_frame</TemplateName>
        </ImageAreaDef>


        <ImageAreaDef>
            <Position>
                <X>106</X>
                <Y>189</Y>
            </Position>
            <TemplateName>_witt_reward_frame</TemplateName>
        </ImageAreaDef>


        <ImageAreaDef>
            <Position>
                <X>140</X>
                <Y>189</Y>
            </Position>
            <TemplateName>_witt_reward_frame</TemplateName>
        </ImageAreaDef>


        <ImageAreaDef>
            <Position>
                <X>174</X>
                <Y>189</Y>
            </Position>
            <TemplateName>_witt_reward_frame</TemplateName>
        </ImageAreaDef>


        <ImageAreaDef>
            <Position>
                <X>208</X>
                <Y>189</Y>
            </Position>
            <TemplateName>_witt_reward_frame</TemplateName>
        </ImageAreaDef>


        <ImageAreaDef>
            <Position>
                <X>242</X>
                <Y>189</Y>
            </Position>
            <TemplateName>_witt_reward_frame</TemplateName>
        </ImageAreaDef>


        <!-- Basic reward icons -->


        <IconDef>
            <ControlId>1010</ControlId>
            <Position>
                <X>4</X>
                <Y>189</Y>
            </Position>
            <ToolTipID>138</ToolTipID>
            <TemplateName>plain_icon_large</TemplateName>
            <AdapterName>new_quest_reward0</AdapterName>
            <IconId>0</IconId>
            <Data></Data>
            <Width>32</Width>
            <Height>32</Height>
            <LabelAdapterName>new_quest_reward_desc0</LabelAdapterName>
            <HideLabel>1</HideLabel>
        </IconDef>


        <IconDef>
            <ControlId>1011</ControlId>
            <Position>
                <X>38</X>
                <Y>189</Y>
            </Position>
            <ToolTipID>138</ToolTipID>
            <TemplateName>plain_icon_large</TemplateName>
            <AdapterName>new_quest_reward1</AdapterName>
            <IconId>0</IconId>
            <Data></Data>
            <Width>32</Width>
            <Height>32</Height>
            <LabelAdapterName>new_quest_reward_desc1</LabelAdapterName>
            <HideLabel>1</HideLabel>
        </IconDef>


        <IconDef>
            <ControlId>1012</ControlId>
            <Position>
                <X>72</X>
                <Y>189</Y>
            </Position>
            <ToolTipID>138</ToolTipID>
            <TemplateName>plain_icon_large</TemplateName>
            <AdapterName>new_quest_reward2</AdapterName>
            <IconId>0</IconId>
            <Data></Data>
            <Width>32</Width>
            <Height>32</Height>
            <LabelAdapterName>new_quest_reward_desc2</LabelAdapterName>
            <HideLabel>1</HideLabel>
        </IconDef>


        <IconDef>
            <ControlId>1013</ControlId>
            <Position>
                <X>106</X>
                <Y>189</Y>
            </Position>
            <ToolTipID>138</ToolTipID>
            <TemplateName>plain_icon_large</TemplateName>
            <AdapterName>new_quest_reward3</AdapterName>
            <IconId>0</IconId>
            <Data></Data>
            <Width>32</Width>
            <Height>32</Height>
            <LabelAdapterName>new_quest_reward_desc3</LabelAdapterName>
            <HideLabel>1</HideLabel>
        </IconDef>


        <IconDef>
            <ControlId>1014</ControlId>
            <Position>
                <X>140</X>
                <Y>189</Y>
            </Position>
            <ToolTipID>138</ToolTipID>
            <TemplateName>plain_icon_large</TemplateName>
            <AdapterName>new_quest_reward4</AdapterName>
            <IconId>0</IconId>
            <Data></Data>
            <Width>32</Width>
            <Height>32</Height>
            <LabelAdapterName>new_quest_reward_desc4</LabelAdapterName>
            <HideLabel>1</HideLabel>
        </IconDef>


        <IconDef>
            <ControlId>1015</ControlId>
            <Position>
                <X>174</X>
                <Y>189</Y>
            </Position>
            <ToolTipID>138</ToolTipID>
            <TemplateName>plain_icon_large</TemplateName>
            <AdapterName>new_quest_reward5</AdapterName>
            <IconId>0</IconId>
            <Data></Data>
            <Width>32</Width>
            <Height>32</Height>
            <LabelAdapterName>new_quest_reward_desc5</LabelAdapterName>
            <HideLabel>1</HideLabel>
        </IconDef>


        <IconDef>
            <ControlId>1016</ControlId>
            <Position>
                <X>208</X>
                <Y>189</Y>
            </Position>
            <ToolTipID>138</ToolTipID>
            <TemplateName>plain_icon_large</TemplateName>
            <AdapterName>new_quest_reward6</AdapterName>
            <IconId>0</IconId>
            <Data></Data>
            <Width>32</Width>
            <Height>32</Height>
            <LabelAdapterName>new_quest_reward_desc6</LabelAdapterName>
            <HideLabel>1</HideLabel>
        </IconDef>


        <IconDef>
            <ControlId>1017</ControlId>
            <Position>
                <X>242</X>
                <Y>189</Y>
            </Position>
            <ToolTipID>138</ToolTipID>
            <TemplateName>plain_icon_large</TemplateName>
            <AdapterName>new_quest_reward7</AdapterName>
            <IconId>0</IconId>
            <Data></Data>
            <Width>32</Width>
            <Height>32</Height>
            <LabelAdapterName>new_quest_reward_desc7</LabelAdapterName>
            <HideLabel>1</HideLabel>
        </IconDef>


        <!-- Exp payout bubbles -->


        <LabelDef>
            <Position>
                <X>88</X>
                <Y>221</Y>
            </Position>
            <Color>
                <R>255</R>
                <G>255</G>
                <B>255</B>
                <A>255</A>
            </Color>
            <FontName>_whatisthisfont3</FontName>
            <Width>100</Width>
            <Height>17</Height>
            <MaxCharacters>16</MaxCharacters>
            <Data>Experience</Data>
            <Adapter>none</Adapter>
            <TextCentered>true</TextCentered>
        </LabelDef>


        <StatusBarDef>
            <ControlId>1002</ControlId>
            <Position>
                <X>87</X>
                <Y>236</Y>
            </Position>
            <TemplateName>_witt_statusbar_xp_blue</TemplateName>
            <AdapterName>new_quest_exp_coarse</AdapterName>
            <Width>100</Width>
        </StatusBarDef>


        <StatusBarDef>
            <ControlId>1003</ControlId>
            <Position>
                <X>87</X>
                <Y>246</Y>
            </Position>
            <TemplateName>_witt_statusbar_tiny_blue</TemplateName>
            <AdapterName>new_quest_exp_fine</AdapterName>
            <Width>99</Width>
        </StatusBarDef>


        <ScalarLabelDef>
            <Position>
                <X>191</X>
                <Y>234</Y>
            </Position>
            <FontName>_whatisthisfont3</FontName>
            <Width>150</Width>
            <Height>15</Height>
            <MaxCharacters>999</MaxCharacters>
            <Color>
                <R>255</R>
                <G>255</G>
                <B>255</B>
                <A>255</A>
            </Color>
            <Adapter>new_quest_exp_coarse</Adapter>
        </ScalarLabelDef>


        <ScalarLabelDef>
            <Position>
                <X>207</X>
                <Y>234</Y>
            </Position>
            <FontName>_whatisthisfont3</FontName>
            <Width>150</Width>
            <Height>15</Height>
            <MaxCharacters>999</MaxCharacters>
            <Color>
                <R>255</R>
                <G>255</G>
                <B>255</B>
                <A>255</A>
            </Color>
            <Adapter>new_quest_exp_fine</Adapter>
        </ScalarLabelDef>


        <LabelDef>
            <ControlId>dash</ControlId>
            <Position>
                <X>200</X>
                <Y>234</Y>
            </Position>
            <Alignment>
                <TopLeft>true</TopLeft>
            </Alignment>
            <Color>
                <R>255</R>
                <G>255</G>
                <B>255</B>
                <A>255</A>
            </Color>
            <FontName>_whatisthisfont3</FontName>
            <Width>10</Width>
            <Height>14</Height>
            <MaxCharacters>999</MaxCharacters>
            <Data>-</Data>
        </LabelDef>


        <!-- Coin payout -->


        <!-- Coin images -->


        <ImageAreaDef>
            <Position>
                <X>46</X>
                <Y>258</Y>
            </Position>
            <TemplateName>mithril_decal</TemplateName>
        </ImageAreaDef>


        <ImageAreaDef>
            <Position>
                <X>91</X>
                <Y>258</Y>
            </Position>
            <TemplateName>platinum_decal</TemplateName>
        </ImageAreaDef>


        <ImageAreaDef>
            <Position>
                <X>133</X>
                <Y>258</Y>
            </Position>
            <TemplateName>gold_decal</TemplateName>
        </ImageAreaDef>


        <ImageAreaDef>
            <Position>
                <X>181</X>
                <Y>258</Y>
            </Position>
            <TemplateName>silver_decal</TemplateName>
        </ImageAreaDef>


        <ImageAreaDef>
            <Position>
                <X>226</X>
                <Y>258</Y>
            </Position>
            <TemplateName>copper_decal</TemplateName>
        </ImageAreaDef>


        <!-- Coin data -->


        <LabelDef>
            <Position>
                <X>34</X>
                <Y>266</Y>
            </Position>
            <Color>
                <R>255</R>
                <G>255</G>
                <B>255</B>
                <A>255</A>
            </Color>
            <FontName>_whatisthisfont3</FontName>
            <Width>36</Width>
            <Height>16</Height>
            <MaxCharacters>128</MaxCharacters>
            <Data>M  0</Data>
            <TextCentered>true</TextCentered>
        </LabelDef>


        <LabelDef>
            <Position>
                <X>79</X>
                <Y>266</Y>
            </Position>
            <Color>
                <R>255</R>
                <G>255</G>
                <B>255</B>
                <A>255</A>
            </Color>
            <FontName>_whatisthisfont3</FontName>
            <Width>36</Width>
            <Height>16</Height>
            <MaxCharacters>128</MaxCharacters>
            <Data>P 999</Data>
            <Adapter>new_quest_platinum</Adapter>
            <TextCentered>true</TextCentered>
        </LabelDef>


        <LabelDef>
            <Position>
                <X>121</X>
                <Y>266</Y>
            </Position>
            <Color>
                <R>255</R>
                <G>255</G>
                <B>255</B>
                <A>255</A>
            </Color>
            <FontName>_whatisthisfont3</FontName>
            <Width>36</Width>
            <Height>16</Height>
            <MaxCharacters>128</MaxCharacters>
            <Data>G 999</Data>
            <Adapter>new_quest_gold</Adapter>
            <TextCentered>true</TextCentered>
        </LabelDef>


        <LabelDef>
            <Position>
                <X>172</X>
                <Y>266</Y>
            </Position>
            <Color>
                <R>255</R>
                <G>255</G>
                <B>255</B>
                <A>255</A>
            </Color>
            <FontName>_whatisthisfont3</FontName>
            <Width>36</Width>
            <Height>16</Height>
            <MaxCharacters>128</MaxCharacters>
            <Data>S 999</Data>
            <Adapter>new_quest_silver</Adapter>
            <TextCentered>true</TextCentered>
        </LabelDef>


        <LabelDef>
            <Position>
                <X>214</X>
                <Y>266</Y>
            </Position>
            <Color>
                <R>255</R>
                <G>255</G>
                <B>255</B>
                <A>255</A>
            </Color>
            <FontName>_whatisthisfont3</FontName>
            <Width>36</Width>
            <Height>16</Height>
            <MaxCharacters>128</MaxCharacters>
            <Data>C 999</Data>
            <Adapter>new_quest_copper</Adapter>
            <TextCentered>true</TextCentered>
        </LabelDef>


        <!-- Optional rewards section -->


        <FullResizeImageDef>
            <Position>
                <X>0</X>
                <Y>283</Y>
            </Position>
            <TemplateName>_witt_bg_100</TemplateName>
            <Width>278</Width>
            <Height>19</Height>
        </FullResizeImageDef>


        <LabelDef>
            <Position>
                <X>0</X>
                <Y>287</Y>
            </Position>
            <Alignment>
                <CenterHorizontally>true</CenterHorizontally>
            </Alignment>
            <Color>
                <R>255</R>
                <G>255</G>
                <B>255</B>
                <A>255</A>
            </Color>
            <FontName>_whatisthisfont2</FontName>
            <Width>278</Width>
            <Height>15</Height>
            <MaxCharacters>128</MaxCharacters>
            <Data>Optional Rewards</Data>
            <TextCentered>true</TextCentered>
        </LabelDef>


        <LabelDef>
            <Position>
                <X>200</X>
                <Y>287</Y>
            </Position>
            <Color>
                <R>255</R>
                <G>255</G>
                <B>255</B>
                <A>255</A>
            </Color>
            <FontName>_whatisthisfont3</FontName>
            <Width>95</Width>
            <Height>15</Height>
            <MaxCharacters>16</MaxCharacters>
            <Adapter>new_quest_opt_reward_count</Adapter>
        </LabelDef>


        <!-- Optional reward frames -->


        <ImageAreaDef>
            <Position>
                <X>4</X>
                <Y>305</Y>
            </Position>
            <TemplateName>_witt_reward_frame</TemplateName>
        </ImageAreaDef>


        <ImageAreaDef>
            <Position>
                <X>38</X>
                <Y>305</Y>
            </Position>
            <TemplateName>_witt_reward_frame</TemplateName>
        </ImageAreaDef>


        <ImageAreaDef>
            <Position>
                <X>72</X>
                <Y>305</Y>
            </Position>
            <TemplateName>_witt_reward_frame</TemplateName>
        </ImageAreaDef>


        <ImageAreaDef>
            <Position>
                <X>106</X>
                <Y>305</Y>
            </Position>
            <TemplateName>_witt_reward_frame</TemplateName>
        </ImageAreaDef>


        <ImageAreaDef>
            <Position>
                <X>140</X>
                <Y>305</Y>
            </Position>
            <TemplateName>_witt_reward_frame</TemplateName>
        </ImageAreaDef>


        <ImageAreaDef>
            <Position>
                <X>174</X>
                <Y>305</Y>
            </Position>
            <TemplateName>_witt_reward_frame</TemplateName>
        </ImageAreaDef>


        <ImageAreaDef>
            <Position>
                <X>208</X>
                <Y>305</Y>
            </Position>
            <TemplateName>_witt_reward_frame</TemplateName>
        </ImageAreaDef>


        <ImageAreaDef>
            <Position>
                <X>242</X>
                <Y>305</Y>
            </Position>
            <TemplateName>_witt_reward_frame</TemplateName>
        </ImageAreaDef>


        <!-- Optional rewards icons -->


        <IconDef>
            <ControlId>1018</ControlId>
            <Position>
                <X>4</X>
                <Y>305</Y>
            </Position>
            <ToolTipID>138</ToolTipID>
            <TemplateName>plain_icon_large</TemplateName>
            <AdapterName>new_quest_opt_reward0</AdapterName>
            <IconId>0</IconId>
            <Data></Data>
            <Width>32</Width>
            <Height>32</Height>
            <OnClickEvent>NewQuestSelectOptReward0</OnClickEvent>
            <StateAdapterName>new_quest_opt_reward_state0</StateAdapterName>
            <LabelAdapterName>new_quest_opt_reward_desc0</LabelAdapterName>
            <HideLabel>1</HideLabel>
        </IconDef>


        <IconDef>
            <ControlId>1019</ControlId>
            <Position>
                <X>38</X>
                <Y>305</Y>
            </Position>
            <ToolTipID>138</ToolTipID>
            <TemplateName>plain_icon_large</TemplateName>
            <AdapterName>new_quest_opt_reward1</AdapterName>
            <IconId>0</IconId>
            <Data></Data>
            <Width>32</Width>
            <Height>32</Height>
            <OnClickEvent>NewQuestSelectOptReward1</OnClickEvent>
            <StateAdapterName>new_quest_opt_reward_state1</StateAdapterName>
            <LabelAdapterName>new_quest_opt_reward_desc1</LabelAdapterName>
            <HideLabel>1</HideLabel>
        </IconDef>


        <IconDef>
            <ControlId>1020</ControlId>
            <Position>
                <X>72</X>
                <Y>305</Y>
            </Position>
            <ToolTipID>138</ToolTipID>
            <TemplateName>plain_icon_large</TemplateName>
            <AdapterName>new_quest_opt_reward2</AdapterName>
            <IconId>0</IconId>
            <Data></Data>
            <Width>32</Width>
            <Height>32</Height>
            <OnClickEvent>NewQuestSelectOptReward2</OnClickEvent>
            <StateAdapterName>new_quest_opt_reward_state2</StateAdapterName>
            <LabelAdapterName>new_quest_opt_reward_desc2</LabelAdapterName>
            <HideLabel>1</HideLabel>
        </IconDef>


        <IconDef>
            <ControlId>1021</ControlId>
            <Position>
                <X>106</X>
                <Y>305</Y>
            </Position>
            <ToolTipID>138</ToolTipID>
            <TemplateName>plain_icon_large</TemplateName>
            <AdapterName>new_quest_opt_reward3</AdapterName>
            <IconId>0</IconId>
            <Data></Data>
            <Width>32</Width>
            <Height>32</Height>
            <OnClickEvent>NewQuestSelectOptReward3</OnClickEvent>
            <StateAdapterName>new_quest_opt_reward_state3</StateAdapterName>
            <LabelAdapterName>new_quest_opt_reward_desc3</LabelAdapterName>
            <HideLabel>1</HideLabel>
        </IconDef>


        <IconDef>
            <ControlId>1022</ControlId>
            <Position>
                <X>140</X>
                <Y>305</Y>
            </Position>
            <ToolTipID>138</ToolTipID>
            <TemplateName>plain_icon_large</TemplateName>
            <AdapterName>new_quest_opt_reward4</AdapterName>
            <IconId>0</IconId>
            <Data></Data>
            <Width>32</Width>
            <Height>32</Height>
            <OnClickEvent>NewQuestSelectOptReward4</OnClickEvent>
            <StateAdapterName>new_quest_opt_reward_state4</StateAdapterName>
            <LabelAdapterName>new_quest_opt_reward_desc4</LabelAdapterName>
            <HideLabel>1</HideLabel>
        </IconDef>


        <IconDef>
            <ControlId>1023</ControlId>
            <Position>
                <X>174</X>
                <Y>305</Y>
            </Position>
            <ToolTipID>138</ToolTipID>
            <TemplateName>plain_icon_large</TemplateName>
            <AdapterName>new_quest_opt_reward5</AdapterName>
            <IconId>0</IconId>
            <Data></Data>
            <Width>32</Width>
            <Height>32</Height>
            <OnClickEvent>NewQuestSelectOptReward5</OnClickEvent>
            <StateAdapterName>new_quest_opt_reward_state5</StateAdapterName>
            <LabelAdapterName>new_quest_opt_reward_desc5</LabelAdapterName>
            <HideLabel>1</HideLabel>
        </IconDef>


        <IconDef>
            <ControlId>1024</ControlId>
            <Position>
                <X>208</X>
                <Y>305</Y>
            </Position>
            <ToolTipID>138</ToolTipID>
            <TemplateName>plain_icon_large</TemplateName>
            <AdapterName>new_quest_opt_reward6</AdapterName>
            <IconId>0</IconId>
            <Data></Data>
            <Width>32</Width>
            <Height>32</Height>
            <OnClickEvent>NewQuestSelectOptReward6</OnClickEvent>
            <StateAdapterName>new_quest_opt_reward_state6</StateAdapterName>
            <LabelAdapterName>new_quest_opt_reward_desc6</LabelAdapterName>
            <HideLabel>1</HideLabel>
        </IconDef>


        <IconDef>
            <ControlId>1025</ControlId>
            <Position>
                <X>242</X>
                <Y>305</Y>
            </Position>
            <ToolTipID>138</ToolTipID>
            <TemplateName>plain_icon_large</TemplateName>
            <AdapterName>new_quest_opt_reward7</AdapterName>
            <IconId>0</IconId>
            <Data></Data>
            <Width>32</Width>
            <Height>32</Height>
            <OnClickEvent>NewQuestSelectOptReward7</OnClickEvent>
            <StateAdapterName>new_quest_opt_reward_state7</StateAdapterName>
            <LabelAdapterName>new_quest_opt_reward_desc7</LabelAdapterName>
            <HideLabel>1</HideLabel>
        </IconDef>


        <ButtonDef>
            <ControlId>1003</ControlId>
            <Position>
                <X>3</X>
                <Y>1</Y>
            </Position>
            <Alignment>
                <OffsetBottom>true</OffsetBottom>
                <OffsetRight>true</OffsetRight>
            </Alignment>
            <TemplateName>_witt_hr_button</TemplateName>
            <Label>ACCEPT</Label>
            <OnClickEvent>NewQuestAccept</OnClickEvent>
        </ButtonDef>


        <ButtonDef>
            <ControlId>1004</ControlId>
            <Position>
                <X>3</X>
                <Y>1</Y>
            </Position>
            <Alignment>
                <OffsetBottom>true</OffsetBottom>
            </Alignment>
            <TemplateName>_witt_hr_button</TemplateName>
            <Label>DECLINE</Label>
            <OnClickEvent>NewQuestDecline</OnClickEvent>
        </ButtonDef>


    </WindowTemplate>


</Root_Element>
