<?xml version="1.0"?>
<Root_Element ID="DAOCUi">

<!-- @@ Edited with the DAoC User Interface Editor v1.80 -->
<!-- @@ Free download available at http://www.bradtownsend.com/daoced -->


    <Texture>
        <Name>compass_transp</Name>
        <File>custom/compass.bmp</File>
    </Texture>


    <CompassControlTemplate>
        <Name>compass</Name>
        <Texture>compass_transp</Texture>
    </CompassControlTemplate>


    <StatusIconTemplate>
        <Name>Combat</Name>
        <TextureName>FloatingImages</TextureName>
        <TextureStart>
            <X>3</X>
            <Y>111</Y>
        </TextureStart>
        <Width>64</Width>
        <Height>16</Height>
        <MaxLevels>2</MaxLevels>
        <Horizontal>false</Horizontal>
    </StatusIconTemplate>


  <WindowTemplate>
    <Name>compass</Name>
    <WindowId>Compass</WindowId>
    <CloseButton>false</CloseButton>
    <MoveButton>false</MoveButton>
    <TopRightResizeButton>false</TopRightResizeButton>
    <BottomRightResizeButton>false</BottomRightResizeButton>
    <BottomLeftResizeButton>false</BottomLeftResizeButton>
    <ResizeButtonOffsetX>0</ResizeButtonOffsetX>
    <ResizeButtonOffsetY>0</ResizeButtonOffsetY>
    <TitleWidth>0</TitleWidth>
    <TitleHeight>0</TitleHeight>
    <Width>128</Width>
    <Height>32</Height>
    <ResizeableWidth>0</ResizeableWidth>
    <ResizeableHeight>0</ResizeableHeight>
    <ResizeableTwoWayWidth>0</ResizeableTwoWayWidth>
    <ResizeableTwoWayHeight>0</ResizeableTwoWayHeight>
    <MinWidth>0</MinWidth>
    <MinHeight>0</MinHeight>

    <CompassControlDef>
      <ControlId>1001</ControlId>
      <Position>
        <X>0</X>
        <Y>0</Y>
      </Position>
      <Alignment>
      </Alignment>
      <TemplateName>compass</TemplateName>
      <AdapterName>compass_heading</AdapterName>
      <Width>64</Width>
      <Height>16</Height>
    </CompassControlDef>

    <CompassControlDef>
      <ControlId>1000</ControlId>
      <Position>
        <X>0</X>
        <Y>0</Y>
      </Position>
      <Alignment>
      </Alignment>
      <TemplateName>compass</TemplateName>
      <AdapterName>compass_heading</AdapterName>
      <Width>128</Width>
      <Height>32</Height>
    </CompassControlDef>

  </WindowTemplate>


</Root_Element>
