<?xml version="1.0"?>
<Root_Element ID="DAOCUi">

<!-- @@ Edited with the DAoC User Interface Editor v1.80 -->
<!-- @@ Free download available at http://www.bradtownsend.com/daoced -->


    <WindowTemplate>
        <Name>keep_upgrade</Name>
        <WindowId></WindowId>
        <CloseButton>true</CloseButton>
        <MoveButton>false</MoveButton>
        <TopRightResizeButton>false</TopRightResizeButton>
        <BottomRightResizeButton>false</BottomRightResizeButton>
        <BottomLeftResizeButton>false</BottomLeftResizeButton>
        <ResizeButtonOffsetX>0</ResizeButtonOffsetX>
        <ResizeButtonOffsetY>0</ResizeButtonOffsetY>
        <TitleWidth>196</TitleWidth>
        <TitleHeight>6</TitleHeight>
        <Width>196</Width>
        <Height>90</Height>
        <ResizeableWidth>0</ResizeableWidth>
        <ResizeableHeight>0</ResizeableHeight>
        <ResizeableTwoWayWidth>0</ResizeableTwoWayWidth>
        <ResizeableTwoWayHeight>0</ResizeableTwoWayHeight>
        <MinWidth>0</MinWidth>
        <MinHeight>0</MinHeight>
        <ContextTemplateName></ContextTemplateName>


        <FullResizeImageDef>
            <ControlId>Background</ControlId>
            <Position>
                <X>0</X>
                <Y>0</Y>
            </Position>
            <Alignment>
                <GrowWidth>true</GrowWidth>
                <GrowHeight>true</GrowHeight>
            </Alignment>
            <TemplateName>_witt_bg_90</TemplateName>
            <Width>196</Width>
            <Height>90</Height>
        </FullResizeImageDef>


        <FullResizeImageDef>
            <Position>
                <X>0</X>
                <Y>0</Y>
            </Position>
            <TemplateName>_witt_bg_100</TemplateName>
            <Width>196</Width>
            <Height>19</Height>
        </FullResizeImageDef>


        <LabelDef>
            <Position>
                <X>0</X>
                <Y>4</Y>
            </Position>
            <Alignment>
                <CenterHorizontally>true</CenterHorizontally>
            </Alignment>
            <Color>
                <R>255</R>
                <G>255</G>
                <B>255</B>
                <A>255</A>
            </Color>
            <FontName>_whatisthisfont2</FontName>
            <Width>196</Width>
            <Height>15</Height>
            <MaxCharacters>128</MaxCharacters>
            <Adapter>keep_upgrade_title</Adapter>
            <TextCentered>true</TextCentered>
        </LabelDef>


        <LabelDef>
            <Position>
                <X>13</X>
                <Y>20</Y>
            </Position>
            <Alignment>
                <TopLeft>true</TopLeft>
            </Alignment>
            <Color>
                <R>255</R>
                <G>255</G>
                <B>255</B>
                <A>255</A>
            </Color>
            <FontName>_whatisthisfont3</FontName>
            <Width>120</Width>
            <Height>15</Height>
            <MaxCharacters>128</MaxCharacters>
            <Data>Keep Lord Type</Data>
        </LabelDef>


        <LabelDef>
            <ControlId>1001</ControlId>
            <Position>
                <X>113</X>
                <Y>19</Y>
            </Position>
            <Alignment>
                <TopLeft>true</TopLeft>
            </Alignment>
            <Color>
                <R>255</R>
                <G>255</G>
                <B>255</B>
                <A>255</A>
            </Color>
            <FontName>_whatisthisfont3</FontName>
            <Width>69</Width>
            <Height>15</Height>
            <MaxCharacters>128</MaxCharacters>
            <Data>&lt;TYPE HERE&gt;</Data>
        </LabelDef>


        <LabelDef>
            <Position>
                <X>13</X>
                <Y>37</Y>
            </Position>
            <Alignment>
                <TopLeft>true</TopLeft>
            </Alignment>
            <Color>
                <R>255</R>
                <G>255</G>
                <B>255</B>
                <A>255</A>
            </Color>
            <FontName>_whatisthisfont3</FontName>
            <Width>216</Width>
            <Height>15</Height>
            <MaxCharacters>128</MaxCharacters>
            <Data>Keep Target Level</Data>
        </LabelDef>


        <ScalarLabelDef>
            <Position>
                <X>138</X>
                <Y>37</Y>
            </Position>
            <Alignment>
                <TopLeft>true</TopLeft>
            </Alignment>
            <FontName>_whatisthisfont3</FontName>
            <Width>20</Width>
            <Height>15</Height>
            <MaxCharacters>128</MaxCharacters>
            <Color>
                <R>255</R>
                <G>215</G>
                <B>32</B>
                <A>255</A>
            </Color>
            <Adapter>keep_upgrade_target</Adapter>
            <TextCentered>true</TextCentered>
        </ScalarLabelDef>


        <ButtonDef>
            <ControlId>1002</ControlId>
            <Position>
                <X>130</X>
                <Y>40</Y>
            </Position>
            <Alignment>
                <TopLeft>true</TopLeft>
            </Alignment>
            <TemplateName>_witt_button_left</TemplateName>
            <OnClickEvent>KeepUpgradeLevelDec</OnClickEvent>
        </ButtonDef>


        <ButtonDef>
            <ControlId>1003</ControlId>
            <Position>
                <X>155</X>
                <Y>40</Y>
            </Position>
            <Alignment>
                <TopLeft>true</TopLeft>
            </Alignment>
            <TemplateName>_witt_button_right</TemplateName>
            <OnClickEvent>KeepUpgradeLevelInc</OnClickEvent>
        </ButtonDef>


        <LabelDef>
            <Position>
                <X>13</X>
                <Y>54</Y>
            </Position>
            <Alignment>
                <TopLeft>true</TopLeft>
            </Alignment>
            <Color>
                <R>255</R>
                <G>255</G>
                <B>255</B>
                <A>255</A>
            </Color>
            <FontName>_whatisthisfont3</FontName>
            <Width>216</Width>
            <Height>15</Height>
            <MaxCharacters>128</MaxCharacters>
            <Data>Keep Current Level</Data>
        </LabelDef>


        <ScalarLabelDef>
            <Position>
                <X>138</X>
                <Y>54</Y>
            </Position>
            <Alignment>
                <TopLeft>true</TopLeft>
            </Alignment>
            <FontName>_whatisthisfont3</FontName>
            <Width>20</Width>
            <Height>15</Height>
            <MaxCharacters>128</MaxCharacters>
            <Color>
                <R>255</R>
                <G>215</G>
                <B>32</B>
                <A>255</A>
            </Color>
            <Adapter>keep_upgrade_level</Adapter>
            <TextCentered>true</TextCentered>
        </ScalarLabelDef>


        <ButtonDef>
            <ControlId>1004</ControlId>
            <Position>
                <X>0</X>
                <Y>1</Y>
            </Position>
            <Alignment>
                <OffsetBottom>true</OffsetBottom>
                <CenterHorizontally>true</CenterHorizontally>
            </Alignment>
            <TemplateName>_witt_hr_button</TemplateName>
            <Label>Release</Label>
            <OnClickEvent>KeepUpgradeRelease</OnClickEvent>
        </ButtonDef>


        <ButtonDef>
            <Position>
                <X>3</X>
                <Y>1</Y>
            </Position>
            <Alignment>
                <OffsetBottom>true</OffsetBottom>
            </Alignment>
            <TemplateName>_witt_hr_button</TemplateName>
            <Label>Cancel</Label>
            <OnClickEvent>KeepUpgradeCancel</OnClickEvent>
        </ButtonDef>


        <ButtonDef>
            <Position>
                <X>3</X>
                <Y>1</Y>
            </Position>
            <Alignment>
                <OffsetBottom>true</OffsetBottom>
                <OffsetRight>true</OffsetRight>
            </Alignment>
            <TemplateName>_witt_hr_button</TemplateName>
            <Label>Accept</Label>
            <OnClickEvent>KeepUpgradeAccept</OnClickEvent>
        </ButtonDef>


        <ComboBoxDef>
            <ControlId>1000</ControlId>
            <Position>
                <X>109</X>
                <Y>21</Y>
            </Position>
            <Alignment>
                <TopLeft>true</TopLeft>
            </Alignment>
            <TemplateName>_witt_combo</TemplateName>
        </ComboBoxDef>


    </WindowTemplate>


</Root_Element>
