<?xml version="1.0" encoding="ISO-8859-1"?>
<XML ID="DAOCUi">
	<Include>styles.xml</Include>
	<Include>training_window.xml</Include>
	<Include>command_window.xml</Include>
	<Include>timer_window.xml</Include>
	<Include>clock_window.xml</Include>
	<Include>interact_window.xml</Include>
	<Include>quest_window.xml</Include>
	<Include>new_quest_journal_window.xml</Include>
	<Include>info_window.xml</Include>
	<Include>minifriends_window.xml</Include>
	<Include>minigroup_window.xml</Include>
	<Include>minicraft_window.xml</Include>
	<Include>miniinfo_window.xml</Include>
	<Include>concentration_window.xml</Include>
	<Include>chat_window.xml</Include>
	<Include>master_level_window.xml</Include>
	<Include>chat_config_window.xml</Include>
	<Include>train.xml</Include>
	<Include>compass.xml</Include>
	<Include>merchant_window.xml</Include>
	<Include>summary.xml</Include>
	<Include>stats_index_window.xml</Include>
	<Include>stats_attributes_window.xml</Include>
	<Include>stats_group_window.xml</Include>
	<Include>siege_window.xml</Include>
	<Include>performance_window.xml</Include>
	<Include>minipet_window.xml</Include>
	<Include>help_window.xml</Include>
	<Include>options_window.xml</Include>
	<Include>emblem_picker.xml</Include>
	<Include>value_chooser.xml</Include>
	<Include>stats_spells_window.xml</Include>
	<Include>vault_window.xml</Include>
	<Include>group_results_window.xml</Include>
	<Include>lfg_window.xml</Include>
	<Include>stats_spec_abil_window.xml</Include>
	<Include>stats_combat_window.xml</Include>
	<Include>quiver_window.xml</Include>
	<Include>group_buffs.xml</Include>
	<Include>keep_upgrade_window.xml</Include>
	<Include>keep_status_window.xml</Include>
	<Include>hookpoint_merchant_window.xml</Include>
	<Include>realmwar_hib.xml</Include>
	<Include>realmwar_mid.xml</Include>
	<Include>realmwar_alb.xml</Include>
	<Include>realmwar_agramon.xml</Include>
	<Include>realmwar_key.xml</Include>
	<Include>realm_bonuses.xml</Include>
	<Include>map_window.xml</Include>
	<Include>key_config.xml</Include>
	<Include>title_window.xml</Include>
	<Include>community_window.xml</Include>
	<Include>mount_window.xml</Include>
	<Include>daoc_subclass_window.xml</Include>
	<Include>new_quest_window.xml</Include>
	<Include>new_quest_finish_window.xml</Include>
	<Include>mino_relic_window.xml</Include>
	<Include>emoticon_window.xml</Include>
	<Include>channel_window.xml</Include>
	<Include>context_window.xml</Include>
	<Include>ChatRename.xml</Include>
	<Include>siegetower_status_window.xml</Include>
  <Include>bazaar_query.xml</Include>
	<Include>main_menu_window.xml</Include>	
	<Include>menu_bar_window.xml</Include>
	<Include>interface_elements_window.xml</Include>
	<Include>new_group_window.xml</Include>
	<Include>new_summary_window.xml</Include>  
	<Include>float_target_window.xml</Include>
	<Include>float_level_exp_window.xml</Include>
	<Include>float_realm_exp_window.xml</Include>
	<Include>float_champ_exp_window.xml</Include>  
	<Include>assets.xml</Include>
</XML>
