<?xml version="1.0"?>
<Root_Element ID="DAOCUi">

<!-- @@ Edited with the DAoC User Interface Editor v1.80 -->
<!-- @@ Free download available at http://www.bradtownsend.com/daoced -->


    <StatusIconTemplate>
        <Name>attack_mode_w</Name>
        <TextureName>AttackMode</TextureName>
        <TextureStart>
            <X>0</X>
            <Y>254</Y>
        </TextureStart>
        <Width>298</Width>
        <Height>1</Height>
        <MaxLevels>2</MaxLevels>
        <Horizontal>false</Horizontal>
    </StatusIconTemplate>


    <StatusIconTemplate>
        <Name>attack_mode_h</Name>
        <TextureName>AttackMode</TextureName>
        <TextureStart>
            <X>6</X>
            <Y>0</Y>
        </TextureStart>
        <Width>1</Width>
        <Height>21</Height>
        <MaxLevels>2</MaxLevels>
        <Horizontal>true</Horizontal>
    </StatusIconTemplate>


    <WindowTemplate>
        <Name>float_target_window</Name>
        <WindowId>float_target</WindowId>
        <CloseButton>false</CloseButton>
        <MoveButton>false</MoveButton>
        <TopRightResizeButton>false</TopRightResizeButton>
        <BottomRightResizeButton>false</BottomRightResizeButton>
        <BottomLeftResizeButton>false</BottomLeftResizeButton>
        <ResizeButtonOffsetX>0</ResizeButtonOffsetX>
        <ResizeButtonOffsetY>0</ResizeButtonOffsetY>
        <TitleWidth>0</TitleWidth>
        <TitleHeight>0</TitleHeight>
        <Width>240</Width>
        <Height>28</Height>
        <ResizeableWidth>0</ResizeableWidth>
        <ResizeableHeight>0</ResizeableHeight>
        <ResizeableTwoWayWidth>0</ResizeableTwoWayWidth>
        <ResizeableTwoWayHeight>0</ResizeableTwoWayHeight>
        <MinWidth>0</MinWidth>
        <MinHeight>0</MinHeight>
        <ContextTemplateName></ContextTemplateName>


        <StatusBarDef>
            <Position>
                <X>0</X>
                <Y>1</Y>
            </Position>
            <TemplateName>_witt_statusbar_mediumbig_red</TemplateName>
            <AdapterName>summary_target_hits</AdapterName>
            <Width>240</Width>
        </StatusBarDef>


        <LabelDef>
            <Position>
                <X>1</X>
                <Y>-16</Y>
            </Position>
            <Color>
                <R>255</R>
                <G>255</G>
                <B>255</B>
                <A>255</A>
            </Color>
            <FontName>_whatisthisfont14pxst</FontName>
            <Width>200</Width>
            <Height>20</Height>
            <MaxCharacters>64</MaxCharacters>
            <ColorAdapter>summary_target_color</ColorAdapter>
            <Adapter>summary_target</Adapter>
        </LabelDef>


        <ScalarLabelDef>
            <Position>
                <X>0</X>
                <Y>5</Y>
            </Position>
            <FontName>_whatisthisfont14pxst</FontName>
            <Width>48</Width>
            <Height>20</Height>
            <MaxCharacters>4</MaxCharacters>
            <Color>
                <R>255</R>
                <G>255</G>
                <B>255</B>
                <A>255</A>
            </Color>
            <Adapter>summary_target_hits</Adapter>
            <TextCentered>true</TextCentered>
            <DontDrawWhenNegOne>true</DontDrawWhenNegOne>
            <EndAligned>true</EndAligned>
        </ScalarLabelDef>


    </WindowTemplate>


</Root_Element>
