<?xml version="1.0"?>
<Root_Element ID="DAOCUi">

<!-- @@ Edited with the DAoC User Interface Editor v1.80 -->
<!-- @@ Free download available at http://www.bradtownsend.com/daoced -->


    <WindowTemplate>
        <Name>clock</Name>
        <WindowId>Clock</WindowId>
        <CloseButton>false</CloseButton>
        <MoveButton>false</MoveButton>
        <TopRightResizeButton>false</TopRightResizeButton>
        <BottomRightResizeButton>false</BottomRightResizeButton>
        <BottomLeftResizeButton>false</BottomLeftResizeButton>
        <ResizeButtonOffsetX>0</ResizeButtonOffsetX>
        <ResizeButtonOffsetY>0</ResizeButtonOffsetY>
        <TitleWidth>150</TitleWidth>
        <TitleHeight>1</TitleHeight>
        <Width>194</Width>
        <Height>8</Height>
        <ResizeableWidth>0</ResizeableWidth>
        <ResizeableHeight>0</ResizeableHeight>
        <ResizeableTwoWayWidth>0</ResizeableTwoWayWidth>
        <ResizeableTwoWayHeight>0</ResizeableTwoWayHeight>
        <MinWidth>0</MinWidth>
        <MinHeight>0</MinHeight>
        <ContextTemplateName></ContextTemplateName>


        <FullResizeImageDef>
            <Position>
                <X>0</X>
                <Y>0</Y>
            </Position>
            <TemplateName>dlg_background_noborder</TemplateName>
            <Width>189</Width>
            <Height>13</Height>
        </FullResizeImageDef>


        <LabelDef>
            <Position>
                <X>0</X>
                <Y>-1</Y>
            </Position>
            <Alignment>
                <OffsetRight>true</OffsetRight>
            </Alignment>
            <Color>
                <R>82</R>
                <G>217</G>
                <B>94</B>
                <A>255</A>
            </Color>
            <FontName>overpass</FontName>
            <Width>70</Width>
            <Height>17</Height>
            <MaxCharacters>10</MaxCharacters>
            <Adapter>game_time</Adapter>
            <TextCentered>true</TextCentered>
        </LabelDef>


        <LabelDef>
            <Position>
                <X>1</X>
                <Y>-1</Y>
            </Position>
            <Color>
                <R>255</R>
                <G>255</G>
                <B>255</B>
                <A>255</A>
            </Color>
            <FontName>overpass</FontName>
            <Width>140</Width>
            <Height>17</Height>
            <MaxCharacters>128</MaxCharacters>
            <Data>Bizquit</Data>
            <Adapter>time_of_day</Adapter>
        </LabelDef>


        <InvisibleButtonDef>
            <Position>
                <X>0</X>
                <Y>0</Y>
            </Position>
            <Label></Label>
            <OnClickEvent>Realm</OnClickEvent>
            <Width>150</Width>
            <Height>8</Height>
        </InvisibleButtonDef>


    </WindowTemplate>


</Root_Element>
