<?xml version="1.0"?>
<Root_Element ID="DAOCUi">

<!-- @@ Edited with the DAoC User Interface Editor v1.80 -->
<!-- @@ Free download available at http://www.bradtownsend.com/daoced -->


    <WindowTemplate>
        <Name>custom7_window</Name>
        <WindowId>custom7_window</WindowId>
        <CloseButton>false</CloseButton>
        <MoveButton>false</MoveButton>
        <TopRightResizeButton>false</TopRightResizeButton>
        <BottomRightResizeButton>false</BottomRightResizeButton>
        <BottomLeftResizeButton>false</BottomLeftResizeButton>
        <ResizeButtonOffsetX>0</ResizeButtonOffsetX>
        <ResizeButtonOffsetY>0</ResizeButtonOffsetY>
        <TitleWidth>0</TitleWidth>
        <TitleHeight>0</TitleHeight>
        <Width>198</Width>
        <Height>204</Height>
        <ResizeableWidth>0</ResizeableWidth>
        <ResizeableHeight>0</ResizeableHeight>
        <ResizeableTwoWayWidth>0</ResizeableTwoWayWidth>
        <ResizeableTwoWayHeight>0</ResizeableTwoWayHeight>
        <MinWidth>0</MinWidth>
        <MinHeight>0</MinHeight>
        <ContextTemplateName></ContextTemplateName>


        <StatusIconDef>
            <Position>
                <X>1</X>
                <Y>7</Y>
            </Position>
            <Alignment>
                <TopLeft>true</TopLeft>
            </Alignment>
            <TemplateName>hsi_bsn</TemplateName>
            <AdapterName>group_health0</AdapterName>
        </StatusIconDef>


        <StatusIconDef>
            <Position>
                <X>0</X>
                <Y>6</Y>
            </Position>
            <Alignment>
                <TopLeft>true</TopLeft>
            </Alignment>
            <TemplateName>health_status_mez4</TemplateName>
            <AdapterName>group_status0</AdapterName>
        </StatusIconDef>


        <StatusIconDef>
            <Position>
                <X>0</X>
                <Y>6</Y>
            </Position>
            <Alignment>
                <TopLeft>true</TopLeft>
            </Alignment>
            <TemplateName>health_status_diz4</TemplateName>
            <AdapterName>group_status0</AdapterName>
        </StatusIconDef>


        <StatusIconDef>
            <Position>
                <X>0</X>
                <Y>6</Y>
            </Position>
            <Alignment>
                <TopLeft>true</TopLeft>
            </Alignment>
            <TemplateName>health_status_ns4</TemplateName>
            <AdapterName>group_status0</AdapterName>
        </StatusIconDef>


        <StatusIconDef>
            <Position>
                <X>0</X>
                <Y>6</Y>
            </Position>
            <Alignment>
                <TopLeft>true</TopLeft>
            </Alignment>
            <TemplateName>health_status_psn4</TemplateName>
            <AdapterName>group_status0</AdapterName>
        </StatusIconDef>


        <LabelDef>
            <Position>
                <X>2</X>
                <Y>8</Y>
            </Position>
            <Alignment>
                <TopLeft>true</TopLeft>
            </Alignment>
            <Color>
                <R>255</R>
                <G>255</G>
                <B>255</B>
                <A>255</A>
            </Color>
            <FontName>arial9ds</FontName>
            <Width>63</Width>
            <Height>12</Height>
            <MaxCharacters>31</MaxCharacters>
            <ColorAdapter>group_color0</ColorAdapter>
            <Adapter>group_name0</Adapter>
            <TextCentered>true</TextCentered>
        </LabelDef>


        <ScalarLabelDef>
            <Position>
                <X>1</X>
                <Y>60</Y>
            </Position>
            <Alignment>
                <TopLeft>true</TopLeft>
            </Alignment>
            <FontName>arial9ds</FontName>
            <Width>13</Width>
            <Height>12</Height>
            <MaxCharacters>3</MaxCharacters>
            <Color>
                <R>255</R>
                <G>255</G>
                <B>255</B>
                <A>196</A>
            </Color>
            <Adapter>group_level0</Adapter>
            <ColorAdapter>group_color0</ColorAdapter>
            <DontDrawWhenZero>true</DontDrawWhenZero>
            <DontDrawWhenNegOne>true</DontDrawWhenNegOne>
        </ScalarLabelDef>


        <LabelDef>
            <Position>
                <X>15</X>
                <Y>60</Y>
            </Position>
            <Alignment>
                <TopLeft>true</TopLeft>
            </Alignment>
            <Color>
                <R>255</R>
                <G>255</G>
                <B>255</B>
                <A>255</A>
            </Color>
            <FontName>arial9ds</FontName>
            <Width>63</Width>
            <Height>12</Height>
            <MaxCharacters>5</MaxCharacters>
            <ColorAdapter>group_color0</ColorAdapter>
            <Adapter>group_class0</Adapter>
        </LabelDef>


        <ScalarLabelDef>
            <Position>
                <X>2</X>
                <Y>23</Y>
            </Position>
            <Alignment>
                <TopLeft>true</TopLeft>
            </Alignment>
            <FontName>kr</FontName>
            <Width>63</Width>
            <Height>32</Height>
            <MaxCharacters>4</MaxCharacters>
            <Color>
                <R>255</R>
                <G>0</G>
                <B>0</B>
                <A>196</A>
            </Color>
            <Adapter>group_health0</Adapter>
            <TextCentered>true</TextCentered>
            <DontDrawWhenZero>true</DontDrawWhenZero>
            <DontDrawWhenNegOne>true</DontDrawWhenNegOne>
        </ScalarLabelDef>


        <ScalarLabelDef>
            <Position>
                <X>-16</X>
                <Y>48</Y>
            </Position>
            <Alignment>
                <TopLeft>true</TopLeft>
            </Alignment>
            <FontName>kr</FontName>
            <Width>63</Width>
            <Height>32</Height>
            <MaxCharacters>4</MaxCharacters>
            <Color>
                <R>102</R>
                <G>204</G>
                <B>0</B>
                <A>255</A>
            </Color>
            <Adapter>group_endurance0</Adapter>
            <TextCentered>true</TextCentered>
            <DontDrawWhenZero>true</DontDrawWhenZero>
            <DontDrawWhenNegOne>true</DontDrawWhenNegOne>
        </ScalarLabelDef>


        <ScalarLabelDef>
            <Position>
                <X>20</X>
                <Y>48</Y>
            </Position>
            <Alignment>
                <TopLeft>true</TopLeft>
            </Alignment>
            <FontName>kr</FontName>
            <Width>63</Width>
            <Height>32</Height>
            <MaxCharacters>4</MaxCharacters>
            <Color>
                <R>255</R>
                <G>255</G>
                <B>0</B>
                <A>196</A>
            </Color>
            <Adapter>group_power0</Adapter>
            <TextCentered>true</TextCentered>
            <DontDrawWhenZero>true</DontDrawWhenZero>
            <DontDrawWhenNegOne>true</DontDrawWhenNegOne>
        </ScalarLabelDef>


        <InvisibleButtonDef>
            <Position>
                <X>1</X>
                <Y>7</Y>
            </Position>
            <Alignment>
                <TopLeft>true</TopLeft>
            </Alignment>
            <Label></Label>
            <OnClickEvent>SelectGroupMember0</OnClickEvent>
            <Width>64</Width>
            <Height>64</Height>
        </InvisibleButtonDef>


        <ButtonDef>
            <Position>
                <X>0</X>
                <Y>6</Y>
            </Position>
            <TemplateName>b_bg_hs</TemplateName>
            <OnClickEvent>SelectGroupMember0</OnClickEvent>
        </ButtonDef>


        <StatusIconDef>
            <Position>
                <X>67</X>
                <Y>7</Y>
            </Position>
            <Alignment>
                <TopLeft>true</TopLeft>
            </Alignment>
            <TemplateName>hsi_bsn</TemplateName>
            <AdapterName>group_health1</AdapterName>
        </StatusIconDef>


        <StatusIconDef>
            <Position>
                <X>66</X>
                <Y>6</Y>
            </Position>
            <Alignment>
                <TopLeft>true</TopLeft>
            </Alignment>
            <TemplateName>health_status_mez4</TemplateName>
            <AdapterName>group_status1</AdapterName>
        </StatusIconDef>


        <StatusIconDef>
            <Position>
                <X>66</X>
                <Y>6</Y>
            </Position>
            <Alignment>
                <TopLeft>true</TopLeft>
            </Alignment>
            <TemplateName>health_status_diz4</TemplateName>
            <AdapterName>group_status1</AdapterName>
        </StatusIconDef>


        <StatusIconDef>
            <Position>
                <X>66</X>
                <Y>6</Y>
            </Position>
            <Alignment>
                <TopLeft>true</TopLeft>
            </Alignment>
            <TemplateName>health_status_ns4</TemplateName>
            <AdapterName>group_status1</AdapterName>
        </StatusIconDef>


        <StatusIconDef>
            <Position>
                <X>66</X>
                <Y>6</Y>
            </Position>
            <Alignment>
                <TopLeft>true</TopLeft>
            </Alignment>
            <TemplateName>health_status_psn4</TemplateName>
            <AdapterName>group_status1</AdapterName>
        </StatusIconDef>


        <LabelDef>
            <Position>
                <X>68</X>
                <Y>8</Y>
            </Position>
            <Alignment>
                <TopLeft>true</TopLeft>
            </Alignment>
            <Color>
                <R>255</R>
                <G>255</G>
                <B>255</B>
                <A>255</A>
            </Color>
            <FontName>arial9ds</FontName>
            <Width>63</Width>
            <Height>12</Height>
            <MaxCharacters>31</MaxCharacters>
            <ColorAdapter>group_color1</ColorAdapter>
            <Adapter>group_name1</Adapter>
            <TextCentered>true</TextCentered>
        </LabelDef>


        <ScalarLabelDef>
            <Position>
                <X>67</X>
                <Y>60</Y>
            </Position>
            <Alignment>
                <TopLeft>true</TopLeft>
            </Alignment>
            <FontName>arial9ds</FontName>
            <Width>13</Width>
            <Height>12</Height>
            <MaxCharacters>3</MaxCharacters>
            <Color>
                <R>255</R>
                <G>255</G>
                <B>255</B>
                <A>196</A>
            </Color>
            <Adapter>group_level1</Adapter>
            <ColorAdapter>group_color1</ColorAdapter>
            <DontDrawWhenZero>true</DontDrawWhenZero>
            <DontDrawWhenNegOne>true</DontDrawWhenNegOne>
        </ScalarLabelDef>


        <LabelDef>
            <Position>
                <X>81</X>
                <Y>60</Y>
            </Position>
            <Alignment>
                <TopLeft>true</TopLeft>
            </Alignment>
            <Color>
                <R>255</R>
                <G>255</G>
                <B>255</B>
                <A>255</A>
            </Color>
            <FontName>arial9ds</FontName>
            <Width>63</Width>
            <Height>12</Height>
            <MaxCharacters>5</MaxCharacters>
            <ColorAdapter>group_color1</ColorAdapter>
            <Adapter>group_class1</Adapter>
        </LabelDef>


        <ScalarLabelDef>
            <Position>
                <X>68</X>
                <Y>23</Y>
            </Position>
            <Alignment>
                <TopLeft>true</TopLeft>
            </Alignment>
            <FontName>kr</FontName>
            <Width>63</Width>
            <Height>32</Height>
            <MaxCharacters>4</MaxCharacters>
            <Color>
                <R>255</R>
                <G>0</G>
                <B>0</B>
                <A>196</A>
            </Color>
            <Adapter>group_health1</Adapter>
            <TextCentered>true</TextCentered>
            <DontDrawWhenZero>true</DontDrawWhenZero>
            <DontDrawWhenNegOne>true</DontDrawWhenNegOne>
        </ScalarLabelDef>


        <ScalarLabelDef>
            <Position>
                <X>50</X>
                <Y>48</Y>
            </Position>
            <Alignment>
                <TopLeft>true</TopLeft>
            </Alignment>
            <FontName>kr</FontName>
            <Width>63</Width>
            <Height>32</Height>
            <MaxCharacters>4</MaxCharacters>
            <Color>
                <R>102</R>
                <G>204</G>
                <B>0</B>
                <A>255</A>
            </Color>
            <Adapter>group_endurance1</Adapter>
            <TextCentered>true</TextCentered>
            <DontDrawWhenZero>true</DontDrawWhenZero>
            <DontDrawWhenNegOne>true</DontDrawWhenNegOne>
        </ScalarLabelDef>


        <ScalarLabelDef>
            <Position>
                <X>86</X>
                <Y>48</Y>
            </Position>
            <Alignment>
                <TopLeft>true</TopLeft>
            </Alignment>
            <FontName>kr</FontName>
            <Width>63</Width>
            <Height>32</Height>
            <MaxCharacters>4</MaxCharacters>
            <Color>
                <R>255</R>
                <G>255</G>
                <B>0</B>
                <A>196</A>
            </Color>
            <Adapter>group_power1</Adapter>
            <TextCentered>true</TextCentered>
            <DontDrawWhenZero>true</DontDrawWhenZero>
            <DontDrawWhenNegOne>true</DontDrawWhenNegOne>
        </ScalarLabelDef>


        <InvisibleButtonDef>
            <Position>
                <X>67</X>
                <Y>7</Y>
            </Position>
            <Alignment>
                <TopLeft>true</TopLeft>
            </Alignment>
            <Label></Label>
            <OnClickEvent>SelectGroupMember1</OnClickEvent>
            <Width>64</Width>
            <Height>64</Height>
        </InvisibleButtonDef>


        <ButtonDef>
            <Position>
                <X>66</X>
                <Y>6</Y>
            </Position>
            <TemplateName>b_bg_hs</TemplateName>
            <OnClickEvent>SelectGroupMember1</OnClickEvent>
        </ButtonDef>


        <StatusIconDef>
            <Position>
                <X>133</X>
                <Y>7</Y>
            </Position>
            <Alignment>
                <TopLeft>true</TopLeft>
            </Alignment>
            <TemplateName>hsi_bsn</TemplateName>
            <AdapterName>group_health2</AdapterName>
        </StatusIconDef>


        <StatusIconDef>
            <Position>
                <X>132</X>
                <Y>6</Y>
            </Position>
            <Alignment>
                <TopLeft>true</TopLeft>
            </Alignment>
            <TemplateName>health_status_mez4</TemplateName>
            <AdapterName>group_status2</AdapterName>
        </StatusIconDef>


        <StatusIconDef>
            <Position>
                <X>132</X>
                <Y>6</Y>
            </Position>
            <Alignment>
                <TopLeft>true</TopLeft>
            </Alignment>
            <TemplateName>health_status_diz4</TemplateName>
            <AdapterName>group_status2</AdapterName>
        </StatusIconDef>


        <StatusIconDef>
            <Position>
                <X>132</X>
                <Y>6</Y>
            </Position>
            <Alignment>
                <TopLeft>true</TopLeft>
            </Alignment>
            <TemplateName>health_status_ns4</TemplateName>
            <AdapterName>group_status2</AdapterName>
        </StatusIconDef>


        <StatusIconDef>
            <Position>
                <X>132</X>
                <Y>6</Y>
            </Position>
            <Alignment>
                <TopLeft>true</TopLeft>
            </Alignment>
            <TemplateName>health_status_psn4</TemplateName>
            <AdapterName>group_status2</AdapterName>
        </StatusIconDef>


        <LabelDef>
            <Position>
                <X>136</X>
                <Y>8</Y>
            </Position>
            <Alignment>
                <TopLeft>true</TopLeft>
            </Alignment>
            <Color>
                <R>255</R>
                <G>255</G>
                <B>255</B>
                <A>255</A>
            </Color>
            <FontName>arial9ds</FontName>
            <Width>63</Width>
            <Height>12</Height>
            <MaxCharacters>31</MaxCharacters>
            <ColorAdapter>group_color2</ColorAdapter>
            <Adapter>group_name2</Adapter>
            <TextCentered>true</TextCentered>
        </LabelDef>


        <ScalarLabelDef>
            <Position>
                <X>133</X>
                <Y>60</Y>
            </Position>
            <Alignment>
                <TopLeft>true</TopLeft>
            </Alignment>
            <FontName>arial9ds</FontName>
            <Width>13</Width>
            <Height>12</Height>
            <MaxCharacters>3</MaxCharacters>
            <Color>
                <R>255</R>
                <G>255</G>
                <B>255</B>
                <A>196</A>
            </Color>
            <Adapter>group_level2</Adapter>
            <ColorAdapter>group_color2</ColorAdapter>
            <DontDrawWhenZero>true</DontDrawWhenZero>
            <DontDrawWhenNegOne>true</DontDrawWhenNegOne>
        </ScalarLabelDef>


        <LabelDef>
            <Position>
                <X>147</X>
                <Y>60</Y>
            </Position>
            <Alignment>
                <TopLeft>true</TopLeft>
            </Alignment>
            <Color>
                <R>255</R>
                <G>255</G>
                <B>255</B>
                <A>255</A>
            </Color>
            <FontName>arial9ds</FontName>
            <Width>63</Width>
            <Height>12</Height>
            <MaxCharacters>5</MaxCharacters>
            <ColorAdapter>group_color2</ColorAdapter>
            <Adapter>group_class2</Adapter>
        </LabelDef>


        <ScalarLabelDef>
            <Position>
                <X>136</X>
                <Y>23</Y>
            </Position>
            <Alignment>
                <TopLeft>true</TopLeft>
            </Alignment>
            <FontName>kr</FontName>
            <Width>63</Width>
            <Height>32</Height>
            <MaxCharacters>4</MaxCharacters>
            <Color>
                <R>255</R>
                <G>0</G>
                <B>0</B>
                <A>196</A>
            </Color>
            <Adapter>group_health2</Adapter>
            <TextCentered>true</TextCentered>
            <DontDrawWhenZero>true</DontDrawWhenZero>
            <DontDrawWhenNegOne>true</DontDrawWhenNegOne>
        </ScalarLabelDef>


        <ScalarLabelDef>
            <Position>
                <X>118</X>
                <Y>48</Y>
            </Position>
            <Alignment>
                <TopLeft>true</TopLeft>
            </Alignment>
            <FontName>kr</FontName>
            <Width>63</Width>
            <Height>32</Height>
            <MaxCharacters>4</MaxCharacters>
            <Color>
                <R>102</R>
                <G>204</G>
                <B>0</B>
                <A>255</A>
            </Color>
            <Adapter>group_endurance2</Adapter>
            <TextCentered>true</TextCentered>
            <DontDrawWhenZero>true</DontDrawWhenZero>
            <DontDrawWhenNegOne>true</DontDrawWhenNegOne>
        </ScalarLabelDef>


        <ScalarLabelDef>
            <Position>
                <X>154</X>
                <Y>48</Y>
            </Position>
            <Alignment>
                <TopLeft>true</TopLeft>
            </Alignment>
            <FontName>kr</FontName>
            <Width>63</Width>
            <Height>32</Height>
            <MaxCharacters>4</MaxCharacters>
            <Color>
                <R>255</R>
                <G>255</G>
                <B>0</B>
                <A>196</A>
            </Color>
            <Adapter>group_power2</Adapter>
            <TextCentered>true</TextCentered>
            <DontDrawWhenZero>true</DontDrawWhenZero>
            <DontDrawWhenNegOne>true</DontDrawWhenNegOne>
        </ScalarLabelDef>


        <InvisibleButtonDef>
            <Position>
                <X>133</X>
                <Y>7</Y>
            </Position>
            <Alignment>
                <TopLeft>true</TopLeft>
            </Alignment>
            <Label></Label>
            <OnClickEvent>SelectGroupMember2</OnClickEvent>
            <Width>64</Width>
            <Height>64</Height>
        </InvisibleButtonDef>


        <ButtonDef>
            <Position>
                <X>132</X>
                <Y>6</Y>
            </Position>
            <TemplateName>b_bg_hs</TemplateName>
            <OnClickEvent>SelectGroupMember2</OnClickEvent>
        </ButtonDef>


        <StatusIconDef>
            <Position>
                <X>1</X>
                <Y>73</Y>
            </Position>
            <Alignment>
                <TopLeft>true</TopLeft>
            </Alignment>
            <TemplateName>hsi_bsn</TemplateName>
            <AdapterName>group_health3</AdapterName>
        </StatusIconDef>


        <StatusIconDef>
            <Position>
                <X>0</X>
                <Y>72</Y>
            </Position>
            <Alignment>
                <TopLeft>true</TopLeft>
            </Alignment>
            <TemplateName>health_status_mez4</TemplateName>
            <AdapterName>group_status3</AdapterName>
        </StatusIconDef>


        <StatusIconDef>
            <Position>
                <X>0</X>
                <Y>72</Y>
            </Position>
            <Alignment>
                <TopLeft>true</TopLeft>
            </Alignment>
            <TemplateName>health_status_diz4</TemplateName>
            <AdapterName>group_status3</AdapterName>
        </StatusIconDef>


        <StatusIconDef>
            <Position>
                <X>0</X>
                <Y>72</Y>
            </Position>
            <Alignment>
                <TopLeft>true</TopLeft>
            </Alignment>
            <TemplateName>health_status_ns4</TemplateName>
            <AdapterName>group_status3</AdapterName>
        </StatusIconDef>


        <StatusIconDef>
            <Position>
                <X>0</X>
                <Y>72</Y>
            </Position>
            <Alignment>
                <TopLeft>true</TopLeft>
            </Alignment>
            <TemplateName>health_status_psn4</TemplateName>
            <AdapterName>group_status3</AdapterName>
        </StatusIconDef>


        <LabelDef>
            <Position>
                <X>2</X>
                <Y>74</Y>
            </Position>
            <Alignment>
                <TopLeft>true</TopLeft>
            </Alignment>
            <Color>
                <R>255</R>
                <G>255</G>
                <B>255</B>
                <A>255</A>
            </Color>
            <FontName>arial9ds</FontName>
            <Width>63</Width>
            <Height>12</Height>
            <MaxCharacters>31</MaxCharacters>
            <ColorAdapter>group_color3</ColorAdapter>
            <Adapter>group_name3</Adapter>
            <TextCentered>true</TextCentered>
        </LabelDef>


        <ScalarLabelDef>
            <Position>
                <X>1</X>
                <Y>126</Y>
            </Position>
            <Alignment>
                <TopLeft>true</TopLeft>
            </Alignment>
            <FontName>arial9ds</FontName>
            <Width>13</Width>
            <Height>12</Height>
            <MaxCharacters>3</MaxCharacters>
            <Color>
                <R>255</R>
                <G>255</G>
                <B>255</B>
                <A>196</A>
            </Color>
            <Adapter>group_level3</Adapter>
            <ColorAdapter>group_color3</ColorAdapter>
            <DontDrawWhenZero>true</DontDrawWhenZero>
            <DontDrawWhenNegOne>true</DontDrawWhenNegOne>
        </ScalarLabelDef>


        <LabelDef>
            <Position>
                <X>15</X>
                <Y>126</Y>
            </Position>
            <Alignment>
                <TopLeft>true</TopLeft>
            </Alignment>
            <Color>
                <R>255</R>
                <G>255</G>
                <B>255</B>
                <A>255</A>
            </Color>
            <FontName>arial9ds</FontName>
            <Width>63</Width>
            <Height>12</Height>
            <MaxCharacters>5</MaxCharacters>
            <ColorAdapter>group_color3</ColorAdapter>
            <Adapter>group_class3</Adapter>
        </LabelDef>


        <ScalarLabelDef>
            <Position>
                <X>2</X>
                <Y>89</Y>
            </Position>
            <Alignment>
                <TopLeft>true</TopLeft>
            </Alignment>
            <FontName>kr</FontName>
            <Width>63</Width>
            <Height>32</Height>
            <MaxCharacters>4</MaxCharacters>
            <Color>
                <R>255</R>
                <G>0</G>
                <B>0</B>
                <A>196</A>
            </Color>
            <Adapter>group_health3</Adapter>
            <TextCentered>true</TextCentered>
            <DontDrawWhenZero>true</DontDrawWhenZero>
            <DontDrawWhenNegOne>true</DontDrawWhenNegOne>
        </ScalarLabelDef>


        <ScalarLabelDef>
            <Position>
                <X>-16</X>
                <Y>114</Y>
            </Position>
            <Alignment>
                <TopLeft>true</TopLeft>
            </Alignment>
            <FontName>kr</FontName>
            <Width>63</Width>
            <Height>32</Height>
            <MaxCharacters>4</MaxCharacters>
            <Color>
                <R>102</R>
                <G>204</G>
                <B>0</B>
                <A>255</A>
            </Color>
            <Adapter>group_endurance3</Adapter>
            <TextCentered>true</TextCentered>
            <DontDrawWhenZero>true</DontDrawWhenZero>
            <DontDrawWhenNegOne>true</DontDrawWhenNegOne>
        </ScalarLabelDef>


        <ScalarLabelDef>
            <Position>
                <X>20</X>
                <Y>114</Y>
            </Position>
            <Alignment>
                <TopLeft>true</TopLeft>
            </Alignment>
            <FontName>kr</FontName>
            <Width>63</Width>
            <Height>32</Height>
            <MaxCharacters>4</MaxCharacters>
            <Color>
                <R>255</R>
                <G>255</G>
                <B>0</B>
                <A>196</A>
            </Color>
            <Adapter>group_power3</Adapter>
            <TextCentered>true</TextCentered>
            <DontDrawWhenZero>true</DontDrawWhenZero>
            <DontDrawWhenNegOne>true</DontDrawWhenNegOne>
        </ScalarLabelDef>


        <InvisibleButtonDef>
            <Position>
                <X>1</X>
                <Y>73</Y>
            </Position>
            <Alignment>
                <TopLeft>true</TopLeft>
            </Alignment>
            <Label></Label>
            <OnClickEvent>SelectGroupMember3</OnClickEvent>
            <Width>64</Width>
            <Height>64</Height>
        </InvisibleButtonDef>


        <ButtonDef>
            <Position>
                <X>0</X>
                <Y>72</Y>
            </Position>
            <TemplateName>b_bg_hs</TemplateName>
            <OnClickEvent>SelectGroupMember3</OnClickEvent>
        </ButtonDef>


        <StatusIconDef>
            <Position>
                <X>133</X>
                <Y>73</Y>
            </Position>
            <Alignment>
                <TopLeft>true</TopLeft>
            </Alignment>
            <TemplateName>hsi_bsn</TemplateName>
            <AdapterName>group_health4</AdapterName>
        </StatusIconDef>


        <StatusIconDef>
            <Position>
                <X>132</X>
                <Y>72</Y>
            </Position>
            <Alignment>
                <TopLeft>true</TopLeft>
            </Alignment>
            <TemplateName>health_status_mez4</TemplateName>
            <AdapterName>group_status4</AdapterName>
        </StatusIconDef>


        <StatusIconDef>
            <Position>
                <X>132</X>
                <Y>72</Y>
            </Position>
            <Alignment>
                <TopLeft>true</TopLeft>
            </Alignment>
            <TemplateName>health_status_diz4</TemplateName>
            <AdapterName>group_status4</AdapterName>
        </StatusIconDef>


        <StatusIconDef>
            <Position>
                <X>132</X>
                <Y>72</Y>
            </Position>
            <Alignment>
                <TopLeft>true</TopLeft>
            </Alignment>
            <TemplateName>health_status_ns4</TemplateName>
            <AdapterName>group_status4</AdapterName>
        </StatusIconDef>


        <StatusIconDef>
            <Position>
                <X>132</X>
                <Y>72</Y>
            </Position>
            <Alignment>
                <TopLeft>true</TopLeft>
            </Alignment>
            <TemplateName>health_status_psn4</TemplateName>
            <AdapterName>group_status4</AdapterName>
        </StatusIconDef>


        <LabelDef>
            <Position>
                <X>134</X>
                <Y>74</Y>
            </Position>
            <Alignment>
                <TopLeft>true</TopLeft>
            </Alignment>
            <Color>
                <R>255</R>
                <G>255</G>
                <B>255</B>
                <A>255</A>
            </Color>
            <FontName>arial9ds</FontName>
            <Width>63</Width>
            <Height>12</Height>
            <MaxCharacters>31</MaxCharacters>
            <ColorAdapter>group_color4</ColorAdapter>
            <Adapter>group_name4</Adapter>
            <TextCentered>true</TextCentered>
        </LabelDef>


        <ScalarLabelDef>
            <Position>
                <X>133</X>
                <Y>126</Y>
            </Position>
            <Alignment>
                <TopLeft>true</TopLeft>
            </Alignment>
            <FontName>arial9ds</FontName>
            <Width>13</Width>
            <Height>12</Height>
            <MaxCharacters>3</MaxCharacters>
            <Color>
                <R>255</R>
                <G>255</G>
                <B>255</B>
                <A>196</A>
            </Color>
            <Adapter>group_level4</Adapter>
            <ColorAdapter>group_color4</ColorAdapter>
            <DontDrawWhenZero>true</DontDrawWhenZero>
            <DontDrawWhenNegOne>true</DontDrawWhenNegOne>
        </ScalarLabelDef>


        <LabelDef>
            <Position>
                <X>147</X>
                <Y>126</Y>
            </Position>
            <Alignment>
                <TopLeft>true</TopLeft>
            </Alignment>
            <Color>
                <R>255</R>
                <G>255</G>
                <B>255</B>
                <A>255</A>
            </Color>
            <FontName>arial9ds</FontName>
            <Width>63</Width>
            <Height>12</Height>
            <MaxCharacters>5</MaxCharacters>
            <ColorAdapter>group_color4</ColorAdapter>
            <Adapter>group_class4</Adapter>
        </LabelDef>


        <ScalarLabelDef>
            <Position>
                <X>134</X>
                <Y>89</Y>
            </Position>
            <Alignment>
                <TopLeft>true</TopLeft>
            </Alignment>
            <FontName>kr</FontName>
            <Width>63</Width>
            <Height>32</Height>
            <MaxCharacters>4</MaxCharacters>
            <Color>
                <R>255</R>
                <G>0</G>
                <B>0</B>
                <A>196</A>
            </Color>
            <Adapter>group_health4</Adapter>
            <TextCentered>true</TextCentered>
            <DontDrawWhenZero>true</DontDrawWhenZero>
            <DontDrawWhenNegOne>true</DontDrawWhenNegOne>
        </ScalarLabelDef>


        <ScalarLabelDef>
            <Position>
                <X>116</X>
                <Y>114</Y>
            </Position>
            <Alignment>
                <TopLeft>true</TopLeft>
            </Alignment>
            <FontName>kr</FontName>
            <Width>63</Width>
            <Height>32</Height>
            <MaxCharacters>4</MaxCharacters>
            <Color>
                <R>102</R>
                <G>204</G>
                <B>0</B>
                <A>255</A>
            </Color>
            <Adapter>group_endurance4</Adapter>
            <TextCentered>true</TextCentered>
            <DontDrawWhenZero>true</DontDrawWhenZero>
            <DontDrawWhenNegOne>true</DontDrawWhenNegOne>
        </ScalarLabelDef>


        <ScalarLabelDef>
            <Position>
                <X>152</X>
                <Y>114</Y>
            </Position>
            <Alignment>
                <TopLeft>true</TopLeft>
            </Alignment>
            <FontName>kr</FontName>
            <Width>63</Width>
            <Height>32</Height>
            <MaxCharacters>4</MaxCharacters>
            <Color>
                <R>255</R>
                <G>255</G>
                <B>0</B>
                <A>196</A>
            </Color>
            <Adapter>group_power4</Adapter>
            <TextCentered>true</TextCentered>
            <DontDrawWhenZero>true</DontDrawWhenZero>
            <DontDrawWhenNegOne>true</DontDrawWhenNegOne>
        </ScalarLabelDef>


        <InvisibleButtonDef>
            <Position>
                <X>133</X>
                <Y>73</Y>
            </Position>
            <Alignment>
                <TopLeft>true</TopLeft>
            </Alignment>
            <Label></Label>
            <OnClickEvent>SelectGroupMember4</OnClickEvent>
            <Width>64</Width>
            <Height>64</Height>
        </InvisibleButtonDef>


        <ButtonDef>
            <Position>
                <X>132</X>
                <Y>72</Y>
            </Position>
            <TemplateName>b_bg_hs</TemplateName>
            <OnClickEvent>SelectGroupMember4</OnClickEvent>
        </ButtonDef>


        <StatusIconDef>
            <Position>
                <X>1</X>
                <Y>139</Y>
            </Position>
            <Alignment>
                <TopLeft>true</TopLeft>
            </Alignment>
            <TemplateName>hsi_bsn</TemplateName>
            <AdapterName>group_health5</AdapterName>
        </StatusIconDef>


        <StatusIconDef>
            <Position>
                <X>0</X>
                <Y>138</Y>
            </Position>
            <Alignment>
                <TopLeft>true</TopLeft>
            </Alignment>
            <TemplateName>health_status_mez4</TemplateName>
            <AdapterName>group_status5</AdapterName>
        </StatusIconDef>


        <StatusIconDef>
            <Position>
                <X>0</X>
                <Y>138</Y>
            </Position>
            <Alignment>
                <TopLeft>true</TopLeft>
            </Alignment>
            <TemplateName>health_status_diz4</TemplateName>
            <AdapterName>group_status5</AdapterName>
        </StatusIconDef>


        <StatusIconDef>
            <Position>
                <X>0</X>
                <Y>138</Y>
            </Position>
            <Alignment>
                <TopLeft>true</TopLeft>
            </Alignment>
            <TemplateName>health_status_ns4</TemplateName>
            <AdapterName>group_status5</AdapterName>
        </StatusIconDef>


        <StatusIconDef>
            <Position>
                <X>0</X>
                <Y>138</Y>
            </Position>
            <Alignment>
                <TopLeft>true</TopLeft>
            </Alignment>
            <TemplateName>health_status_psn4</TemplateName>
            <AdapterName>group_status5</AdapterName>
        </StatusIconDef>


        <LabelDef>
            <Position>
                <X>2</X>
                <Y>140</Y>
            </Position>
            <Alignment>
                <TopLeft>true</TopLeft>
            </Alignment>
            <Color>
                <R>255</R>
                <G>255</G>
                <B>255</B>
                <A>255</A>
            </Color>
            <FontName>arial9ds</FontName>
            <Width>63</Width>
            <Height>12</Height>
            <MaxCharacters>31</MaxCharacters>
            <ColorAdapter>group_color5</ColorAdapter>
            <Adapter>group_name5</Adapter>
            <TextCentered>true</TextCentered>
        </LabelDef>


        <ScalarLabelDef>
            <Position>
                <X>1</X>
                <Y>192</Y>
            </Position>
            <Alignment>
                <TopLeft>true</TopLeft>
            </Alignment>
            <FontName>arial9ds</FontName>
            <Width>13</Width>
            <Height>12</Height>
            <MaxCharacters>3</MaxCharacters>
            <Color>
                <R>255</R>
                <G>255</G>
                <B>255</B>
                <A>196</A>
            </Color>
            <Adapter>group_level5</Adapter>
            <ColorAdapter>group_color5</ColorAdapter>
            <DontDrawWhenZero>true</DontDrawWhenZero>
            <DontDrawWhenNegOne>true</DontDrawWhenNegOne>
        </ScalarLabelDef>


        <LabelDef>
            <Position>
                <X>15</X>
                <Y>192</Y>
            </Position>
            <Alignment>
                <TopLeft>true</TopLeft>
            </Alignment>
            <Color>
                <R>255</R>
                <G>255</G>
                <B>255</B>
                <A>255</A>
            </Color>
            <FontName>arial9ds</FontName>
            <Width>63</Width>
            <Height>12</Height>
            <MaxCharacters>5</MaxCharacters>
            <ColorAdapter>group_color5</ColorAdapter>
            <Adapter>group_class5</Adapter>
        </LabelDef>


        <ScalarLabelDef>
            <Position>
                <X>2</X>
                <Y>155</Y>
            </Position>
            <Alignment>
                <TopLeft>true</TopLeft>
            </Alignment>
            <FontName>kr</FontName>
            <Width>63</Width>
            <Height>32</Height>
            <MaxCharacters>4</MaxCharacters>
            <Color>
                <R>255</R>
                <G>0</G>
                <B>0</B>
                <A>196</A>
            </Color>
            <Adapter>group_health5</Adapter>
            <TextCentered>true</TextCentered>
            <DontDrawWhenZero>true</DontDrawWhenZero>
            <DontDrawWhenNegOne>true</DontDrawWhenNegOne>
        </ScalarLabelDef>


        <ScalarLabelDef>
            <Position>
                <X>-16</X>
                <Y>180</Y>
            </Position>
            <Alignment>
                <TopLeft>true</TopLeft>
            </Alignment>
            <FontName>kr</FontName>
            <Width>63</Width>
            <Height>32</Height>
            <MaxCharacters>4</MaxCharacters>
            <Color>
                <R>102</R>
                <G>204</G>
                <B>0</B>
                <A>255</A>
            </Color>
            <Adapter>group_endurance5</Adapter>
            <TextCentered>true</TextCentered>
            <DontDrawWhenZero>true</DontDrawWhenZero>
            <DontDrawWhenNegOne>true</DontDrawWhenNegOne>
        </ScalarLabelDef>


        <ScalarLabelDef>
            <Position>
                <X>20</X>
                <Y>180</Y>
            </Position>
            <Alignment>
                <TopLeft>true</TopLeft>
            </Alignment>
            <FontName>kr</FontName>
            <Width>63</Width>
            <Height>32</Height>
            <MaxCharacters>4</MaxCharacters>
            <Color>
                <R>255</R>
                <G>255</G>
                <B>0</B>
                <A>196</A>
            </Color>
            <Adapter>group_power5</Adapter>
            <TextCentered>true</TextCentered>
            <DontDrawWhenZero>true</DontDrawWhenZero>
            <DontDrawWhenNegOne>true</DontDrawWhenNegOne>
        </ScalarLabelDef>


        <InvisibleButtonDef>
            <Position>
                <X>1</X>
                <Y>139</Y>
            </Position>
            <Alignment>
                <TopLeft>true</TopLeft>
            </Alignment>
            <Label></Label>
            <OnClickEvent>SelectGroupMember5</OnClickEvent>
            <Width>64</Width>
            <Height>64</Height>
        </InvisibleButtonDef>


        <ButtonDef>
            <Position>
                <X>0</X>
                <Y>138</Y>
            </Position>
            <TemplateName>b_bg_hs</TemplateName>
            <OnClickEvent>SelectGroupMember5</OnClickEvent>
        </ButtonDef>


        <StatusIconDef>
            <Position>
                <X>67</X>
                <Y>139</Y>
            </Position>
            <Alignment>
                <TopLeft>true</TopLeft>
            </Alignment>
            <TemplateName>hsi_bsn</TemplateName>
            <AdapterName>group_health6</AdapterName>
        </StatusIconDef>


        <StatusIconDef>
            <Position>
                <X>66</X>
                <Y>138</Y>
            </Position>
            <Alignment>
                <TopLeft>true</TopLeft>
            </Alignment>
            <TemplateName>health_status_mez4</TemplateName>
            <AdapterName>group_status6</AdapterName>
        </StatusIconDef>


        <StatusIconDef>
            <Position>
                <X>66</X>
                <Y>138</Y>
            </Position>
            <Alignment>
                <TopLeft>true</TopLeft>
            </Alignment>
            <TemplateName>health_status_diz4</TemplateName>
            <AdapterName>group_status6</AdapterName>
        </StatusIconDef>


        <StatusIconDef>
            <Position>
                <X>66</X>
                <Y>138</Y>
            </Position>
            <Alignment>
                <TopLeft>true</TopLeft>
            </Alignment>
            <TemplateName>health_status_ns4</TemplateName>
            <AdapterName>group_status6</AdapterName>
        </StatusIconDef>


        <StatusIconDef>
            <Position>
                <X>66</X>
                <Y>138</Y>
            </Position>
            <Alignment>
                <TopLeft>true</TopLeft>
            </Alignment>
            <TemplateName>health_status_psn4</TemplateName>
            <AdapterName>group_status6</AdapterName>
        </StatusIconDef>


        <LabelDef>
            <Position>
                <X>68</X>
                <Y>140</Y>
            </Position>
            <Alignment>
                <TopLeft>true</TopLeft>
            </Alignment>
            <Color>
                <R>255</R>
                <G>255</G>
                <B>255</B>
                <A>255</A>
            </Color>
            <FontName>arial9ds</FontName>
            <Width>63</Width>
            <Height>12</Height>
            <MaxCharacters>31</MaxCharacters>
            <ColorAdapter>group_color6</ColorAdapter>
            <Adapter>group_name6</Adapter>
            <TextCentered>true</TextCentered>
        </LabelDef>


        <ScalarLabelDef>
            <Position>
                <X>67</X>
                <Y>192</Y>
            </Position>
            <Alignment>
                <TopLeft>true</TopLeft>
            </Alignment>
            <FontName>arial9ds</FontName>
            <Width>13</Width>
            <Height>12</Height>
            <MaxCharacters>3</MaxCharacters>
            <Color>
                <R>255</R>
                <G>255</G>
                <B>255</B>
                <A>196</A>
            </Color>
            <Adapter>group_level6</Adapter>
            <ColorAdapter>group_color6</ColorAdapter>
            <DontDrawWhenZero>true</DontDrawWhenZero>
            <DontDrawWhenNegOne>true</DontDrawWhenNegOne>
        </ScalarLabelDef>


        <LabelDef>
            <Position>
                <X>81</X>
                <Y>192</Y>
            </Position>
            <Alignment>
                <TopLeft>true</TopLeft>
            </Alignment>
            <Color>
                <R>255</R>
                <G>255</G>
                <B>255</B>
                <A>255</A>
            </Color>
            <FontName>arial9ds</FontName>
            <Width>63</Width>
            <Height>12</Height>
            <MaxCharacters>5</MaxCharacters>
            <ColorAdapter>group_color6</ColorAdapter>
            <Adapter>group_class6</Adapter>
        </LabelDef>


        <ScalarLabelDef>
            <Position>
                <X>68</X>
                <Y>155</Y>
            </Position>
            <Alignment>
                <TopLeft>true</TopLeft>
            </Alignment>
            <FontName>kr</FontName>
            <Width>63</Width>
            <Height>32</Height>
            <MaxCharacters>4</MaxCharacters>
            <Color>
                <R>255</R>
                <G>0</G>
                <B>0</B>
                <A>196</A>
            </Color>
            <Adapter>group_health6</Adapter>
            <TextCentered>true</TextCentered>
            <DontDrawWhenZero>true</DontDrawWhenZero>
            <DontDrawWhenNegOne>true</DontDrawWhenNegOne>
        </ScalarLabelDef>


        <ScalarLabelDef>
            <Position>
                <X>50</X>
                <Y>180</Y>
            </Position>
            <Alignment>
                <TopLeft>true</TopLeft>
            </Alignment>
            <FontName>kr</FontName>
            <Width>63</Width>
            <Height>32</Height>
            <MaxCharacters>4</MaxCharacters>
            <Color>
                <R>102</R>
                <G>204</G>
                <B>0</B>
                <A>255</A>
            </Color>
            <Adapter>group_endurance6</Adapter>
            <TextCentered>true</TextCentered>
            <DontDrawWhenZero>true</DontDrawWhenZero>
            <DontDrawWhenNegOne>true</DontDrawWhenNegOne>
        </ScalarLabelDef>


        <ScalarLabelDef>
            <Position>
                <X>86</X>
                <Y>180</Y>
            </Position>
            <Alignment>
                <TopLeft>true</TopLeft>
            </Alignment>
            <FontName>kr</FontName>
            <Width>63</Width>
            <Height>32</Height>
            <MaxCharacters>4</MaxCharacters>
            <Color>
                <R>255</R>
                <G>255</G>
                <B>0</B>
                <A>196</A>
            </Color>
            <Adapter>group_power6</Adapter>
            <TextCentered>true</TextCentered>
            <DontDrawWhenZero>true</DontDrawWhenZero>
            <DontDrawWhenNegOne>true</DontDrawWhenNegOne>
        </ScalarLabelDef>


        <InvisibleButtonDef>
            <Position>
                <X>67</X>
                <Y>139</Y>
            </Position>
            <Alignment>
                <TopLeft>true</TopLeft>
            </Alignment>
            <Label></Label>
            <OnClickEvent>SelectGroupMember6</OnClickEvent>
            <Width>64</Width>
            <Height>64</Height>
        </InvisibleButtonDef>


        <ButtonDef>
            <Position>
                <X>66</X>
                <Y>138</Y>
            </Position>
            <TemplateName>b_bg_hs</TemplateName>
            <OnClickEvent>SelectGroupMember6</OnClickEvent>
        </ButtonDef>


        <StatusIconDef>
            <Position>
                <X>133</X>
                <Y>139</Y>
            </Position>
            <Alignment>
                <TopLeft>true</TopLeft>
            </Alignment>
            <TemplateName>hsi_bsn</TemplateName>
            <AdapterName>group_health7</AdapterName>
        </StatusIconDef>


        <StatusIconDef>
            <Position>
                <X>132</X>
                <Y>138</Y>
            </Position>
            <Alignment>
                <TopLeft>true</TopLeft>
            </Alignment>
            <TemplateName>health_status_mez4</TemplateName>
            <AdapterName>group_status7</AdapterName>
        </StatusIconDef>


        <StatusIconDef>
            <Position>
                <X>132</X>
                <Y>138</Y>
            </Position>
            <Alignment>
                <TopLeft>true</TopLeft>
            </Alignment>
            <TemplateName>health_status_diz4</TemplateName>
            <AdapterName>group_status7</AdapterName>
        </StatusIconDef>


        <StatusIconDef>
            <Position>
                <X>132</X>
                <Y>138</Y>
            </Position>
            <Alignment>
                <TopLeft>true</TopLeft>
            </Alignment>
            <TemplateName>health_status_ns4</TemplateName>
            <AdapterName>group_status7</AdapterName>
        </StatusIconDef>


        <StatusIconDef>
            <Position>
                <X>132</X>
                <Y>138</Y>
            </Position>
            <Alignment>
                <TopLeft>true</TopLeft>
            </Alignment>
            <TemplateName>health_status_psn4</TemplateName>
            <AdapterName>group_status7</AdapterName>
        </StatusIconDef>


        <LabelDef>
            <Position>
                <X>134</X>
                <Y>140</Y>
            </Position>
            <Alignment>
                <TopLeft>true</TopLeft>
            </Alignment>
            <Color>
                <R>255</R>
                <G>255</G>
                <B>255</B>
                <A>255</A>
            </Color>
            <FontName>arial9ds</FontName>
            <Width>63</Width>
            <Height>12</Height>
            <MaxCharacters>31</MaxCharacters>
            <ColorAdapter>group_color7</ColorAdapter>
            <Adapter>group_name7</Adapter>
            <TextCentered>true</TextCentered>
        </LabelDef>


        <ScalarLabelDef>
            <Position>
                <X>133</X>
                <Y>192</Y>
            </Position>
            <Alignment>
                <TopLeft>true</TopLeft>
            </Alignment>
            <FontName>arial9ds</FontName>
            <Width>13</Width>
            <Height>12</Height>
            <MaxCharacters>3</MaxCharacters>
            <Color>
                <R>255</R>
                <G>255</G>
                <B>255</B>
                <A>196</A>
            </Color>
            <Adapter>group_level7</Adapter>
            <ColorAdapter>group_color7</ColorAdapter>
            <DontDrawWhenZero>true</DontDrawWhenZero>
            <DontDrawWhenNegOne>true</DontDrawWhenNegOne>
        </ScalarLabelDef>


        <LabelDef>
            <Position>
                <X>147</X>
                <Y>192</Y>
            </Position>
            <Alignment>
                <TopLeft>true</TopLeft>
            </Alignment>
            <Color>
                <R>255</R>
                <G>255</G>
                <B>255</B>
                <A>255</A>
            </Color>
            <FontName>arial9ds</FontName>
            <Width>63</Width>
            <Height>12</Height>
            <MaxCharacters>5</MaxCharacters>
            <ColorAdapter>group_color7</ColorAdapter>
            <Adapter>group_class7</Adapter>
        </LabelDef>


        <ScalarLabelDef>
            <Position>
                <X>134</X>
                <Y>155</Y>
            </Position>
            <Alignment>
                <TopLeft>true</TopLeft>
            </Alignment>
            <FontName>kr</FontName>
            <Width>63</Width>
            <Height>32</Height>
            <MaxCharacters>4</MaxCharacters>
            <Color>
                <R>255</R>
                <G>0</G>
                <B>0</B>
                <A>196</A>
            </Color>
            <Adapter>group_health7</Adapter>
            <TextCentered>true</TextCentered>
            <DontDrawWhenZero>true</DontDrawWhenZero>
            <DontDrawWhenNegOne>true</DontDrawWhenNegOne>
        </ScalarLabelDef>


        <ScalarLabelDef>
            <Position>
                <X>116</X>
                <Y>180</Y>
            </Position>
            <Alignment>
                <TopLeft>true</TopLeft>
            </Alignment>
            <FontName>kr</FontName>
            <Width>63</Width>
            <Height>32</Height>
            <MaxCharacters>4</MaxCharacters>
            <Color>
                <R>102</R>
                <G>204</G>
                <B>0</B>
                <A>255</A>
            </Color>
            <Adapter>group_endurance7</Adapter>
            <TextCentered>true</TextCentered>
            <DontDrawWhenZero>true</DontDrawWhenZero>
            <DontDrawWhenNegOne>true</DontDrawWhenNegOne>
        </ScalarLabelDef>


        <ScalarLabelDef>
            <Position>
                <X>152</X>
                <Y>180</Y>
            </Position>
            <Alignment>
                <TopLeft>true</TopLeft>
            </Alignment>
            <FontName>kr</FontName>
            <Width>63</Width>
            <Height>32</Height>
            <MaxCharacters>4</MaxCharacters>
            <Color>
                <R>255</R>
                <G>255</G>
                <B>0</B>
                <A>196</A>
            </Color>
            <Adapter>group_power7</Adapter>
            <TextCentered>true</TextCentered>
            <DontDrawWhenZero>true</DontDrawWhenZero>
            <DontDrawWhenNegOne>true</DontDrawWhenNegOne>
        </ScalarLabelDef>


        <InvisibleButtonDef>
            <Position>
                <X>133</X>
                <Y>139</Y>
            </Position>
            <Alignment>
                <TopLeft>true</TopLeft>
            </Alignment>
            <Label></Label>
            <OnClickEvent>SelectGroupMember7</OnClickEvent>
            <Width>64</Width>
            <Height>64</Height>
        </InvisibleButtonDef>


        <ButtonDef>
            <Position>
                <X>132</X>
                <Y>138</Y>
            </Position>
            <TemplateName>b_bg_hs</TemplateName>
            <OnClickEvent>SelectGroupMember7</OnClickEvent>
        </ButtonDef>


        <StatusIconDef>
            <Position>
                <X>67</X>
                <Y>73</Y>
            </Position>
            <Alignment>
                <TopLeft>true</TopLeft>
            </Alignment>
            <TemplateName>hsi_bsn</TemplateName>
            <AdapterName>summary_target_hits</AdapterName>
        </StatusIconDef>


        <LabelDef>
            <Position>
                <X>68</X>
                <Y>92</Y>
            </Position>
            <Alignment>
                <TopLeft>true</TopLeft>
            </Alignment>
            <Color>
                <R>255</R>
                <G>255</G>
                <B>255</B>
                <A>255</A>
            </Color>
            <FontName>arial9ds</FontName>
            <Width>63</Width>
            <Height>12</Height>
            <MaxCharacters>31</MaxCharacters>
            <ColorAdapter>summary_target_color</ColorAdapter>
            <Adapter>summary_target</Adapter>
            <TextCentered>true</TextCentered>
        </LabelDef>


        <ScalarLabelDef>
            <Position>
                <X>68</X>
                <Y>107</Y>
            </Position>
            <Alignment>
                <TopLeft>true</TopLeft>
            </Alignment>
            <FontName>kr</FontName>
            <Width>63</Width>
            <Height>16</Height>
            <MaxCharacters>4</MaxCharacters>
            <Color>
                <R>255</R>
                <G>0</G>
                <B>0</B>
                <A>196</A>
            </Color>
            <Adapter>summary_target_hits</Adapter>
            <TextCentered>true</TextCentered>
            <DontDrawWhenZero>true</DontDrawWhenZero>
            <DontDrawWhenNegOne>true</DontDrawWhenNegOne>
        </ScalarLabelDef>


        <ButtonDef>
            <Position>
                <X>66</X>
                <Y>72</Y>
            </Position>
            <TemplateName>b_bg_hs</TemplateName>
            <OnClickEvent>Face</OnClickEvent>
        </ButtonDef>


    </WindowTemplate>


</Root_Element>
