<?xml version="1.0"?>
<Root_Element ID="DAOCUi">

<!-- @@ Edited with the DAoC User Interface Editor v1.80 -->
<!-- @@ Free download available at http://www.bradtownsend.com/daoced -->


    <WindowTemplate>
        <Name>daoc_subclass</Name>
        <WindowId>DAoC_Subclass</WindowId>
        <CloseButton>true</CloseButton>
        <MoveButton>false</MoveButton>
        <TopRightResizeButton>false</TopRightResizeButton>
        <BottomRightResizeButton>false</BottomRightResizeButton>
        <BottomLeftResizeButton>false</BottomLeftResizeButton>
        <ResizeButtonOffsetX>9</ResizeButtonOffsetX>
        <ResizeButtonOffsetY>0</ResizeButtonOffsetY>
        <TitleWidth>241</TitleWidth>
        <TitleHeight>18</TitleHeight>
        <Width>241</Width>
        <Height>345</Height>
        <ResizeableWidth>0</ResizeableWidth>
        <ResizeableHeight>0</ResizeableHeight>
        <ResizeableTwoWayWidth>0</ResizeableTwoWayWidth>
        <ResizeableTwoWayHeight>0</ResizeableTwoWayHeight>
        <MinWidth>250</MinWidth>
        <MinHeight>360</MinHeight>
        <ContextTemplateName></ContextTemplateName>


        <FullResizeImageDef>
            <ControlId>BackgroundImage</ControlId>
            <Position>
                <X>0</X>
                <Y>0</Y>
            </Position>
            <Alignment>
                <GrowWidth>true</GrowWidth>
                <GrowHeight>true</GrowHeight>
            </Alignment>
            <TemplateName>_witt_bg_90</TemplateName>
            <Width>241</Width>
            <Height>345</Height>
        </FullResizeImageDef>


        <FullResizeImageDef>
            <Position>
                <X>0</X>
                <Y>0</Y>
            </Position>
            <TemplateName>_witt_bg_100</TemplateName>
            <Width>241</Width>
            <Height>19</Height>
        </FullResizeImageDef>


        <LabelDef>
            <ControlId>1006</ControlId>
            <Position>
                <X>0</X>
                <Y>4</Y>
            </Position>
            <Alignment>
                <CenterHorizontally>true</CenterHorizontally>
            </Alignment>
            <Color>
                <R>255</R>
                <G>255</G>
                <B>255</B>
                <A>255</A>
            </Color>
            <FontName>_whatisthisfont2</FontName>
            <Width>241</Width>
            <Height>16</Height>
            <MaxCharacters>128</MaxCharacters>
            <Data>SUBCLASS</Data>
            <TextCentered>true</TextCentered>
        </LabelDef>


        <LabelDef>
            <ControlId>1001</ControlId>
            <Position>
                <X>0</X>
                <Y>20</Y>
            </Position>
            <Alignment>
                <OffsetBottom>true</OffsetBottom>
            </Alignment>
            <Color>
                <R>255</R>
                <G>255</G>
                <B>255</B>
                <A>255</A>
            </Color>
            <FontName>_whatisthisfont3</FontName>
            <Width>255</Width>
            <Height>15</Height>
            <MaxCharacters>128</MaxCharacters>
            <Data>Champion Points: 0 / 5</Data>
            <TextCentered>true</TextCentered>
        </LabelDef>


        <ButtonDef>
            <ControlId>1100</ControlId>
            <Position>
                <X>3</X>
                <Y>1</Y>
            </Position>
            <Alignment>
                <OffsetBottom>true</OffsetBottom>
            </Alignment>
            <TemplateName>_witt_hr_button</TemplateName>
            <Label>Cancel</Label>
        </ButtonDef>


        <ButtonDef>
            <ControlId>1101</ControlId>
            <Position>
                <X>3</X>
                <Y>1</Y>
            </Position>
            <Alignment>
                <OffsetBottom>true</OffsetBottom>
                <OffsetRight>true</OffsetRight>
            </Alignment>
            <TemplateName>_witt_hr_button</TemplateName>
            <Label>Buy</Label>
            <OnClickEvent>Train</OnClickEvent>
        </ButtonDef>


        <ButtonDef>
            <ControlId>1102</ControlId>
            <Position>
                <X>0</X>
                <Y>1</Y>
            </Position>
            <Alignment>
                <OffsetBottom>true</OffsetBottom>
                <CenterHorizontally>true</CenterHorizontally>
            </Alignment>
            <TemplateName>_witt_hr_button</TemplateName>
            <Label>Info</Label>
            <OnClickEvent>SubclassDelve</OnClickEvent>
        </ButtonDef>


        <!--
		ICONS: These aren't used except for references for positioning.
		-->


        <!-- Upperleft -->


        <IconDef>
            <ControlId>2011</ControlId>
            <Position>
                <X>4</X>
                <Y>22</Y>
            </Position>
            <TemplateName>plain_icon_large</TemplateName>
            <AdapterName></AdapterName>
            <IconId>0</IconId>
            <Data></Data>
        </IconDef>


        <!-- Upper Right-->


        <IconDef>
            <ControlId>2012</ControlId>
            <Position>
                <X>39</X>
                <Y>22</Y>
            </Position>
            <TemplateName>plain_icon_large</TemplateName>
            <AdapterName></AdapterName>
            <IconId>1</IconId>
            <Data></Data>
        </IconDef>


        <!--
		ICONS: Tier 2
		-->


        <!-- Lower Left -->


        <IconDef>
            <ControlId>2021</ControlId>
            <Position>
                <X>4</X>
                <Y>57</Y>
            </Position>
            <TemplateName>plain_icon_large</TemplateName>
            <AdapterName></AdapterName>
            <IconId>0</IconId>
            <Data></Data>
        </IconDef>


    </WindowTemplate>


</Root_Element>
