<?xml version="1.0"?>
<Root_Element ID="DAOCUi">

<!-- @@ Edited with the DAoC User Interface Editor v1.80 -->
<!-- @@ Free download available at http://www.bradtownsend.com/daoced -->


    <WindowTemplate>
        <Name>custom13_window</Name>
        <WindowId>custom13_window</WindowId>
        <CloseButton>false</CloseButton>
        <MoveButton>false</MoveButton>
        <TopRightResizeButton>false</TopRightResizeButton>
        <BottomRightResizeButton>false</BottomRightResizeButton>
        <BottomLeftResizeButton>false</BottomLeftResizeButton>
        <ResizeButtonOffsetX>0</ResizeButtonOffsetX>
        <ResizeButtonOffsetY>0</ResizeButtonOffsetY>
        <TitleWidth>0</TitleWidth>
        <TitleHeight>0</TitleHeight>
        <Width>176</Width>
        <Height>12</Height>
        <ResizeableWidth>0</ResizeableWidth>
        <ResizeableHeight>0</ResizeableHeight>
        <ResizeableTwoWayWidth>0</ResizeableTwoWayWidth>
        <ResizeableTwoWayHeight>0</ResizeableTwoWayHeight>
        <MinWidth>176</MinWidth>
        <MinHeight>12</MinHeight>
        <ContextTemplateName></ContextTemplateName>


        <FullResizeImageDef>
            <Position>
                <X>0</X>
                <Y>0</Y>
            </Position>
            <TemplateName>none</TemplateName>
            <Width>176</Width>
            <Height>12</Height>
        </FullResizeImageDef>


        <LabelDef>
            <Position>
                <X>0</X>
                <Y>0</Y>
            </Position>
            <Alignment>
                <TopLeft>true</TopLeft>
            </Alignment>
            <Color>
                <R>254</R>
                <G>217</G>
                <B>10</B>
                <A>255</A>
            </Color>
            <FontName>_whatisthisfont2</FontName>
            <Width>32</Width>
            <Height>12</Height>
            <MaxCharacters>128</MaxCharacters>
            <Data>M:99</Data>
            <Adapter>merchant_mithril</Adapter>
        </LabelDef>


        <LabelDef>
            <Position>
                <X>0</X>
                <Y>0</Y>
            </Position>
            <Alignment>
                <TopLeft>true</TopLeft>
            </Alignment>
            <Color>
                <R>255</R>
                <G>255</G>
                <B>255</B>
                <A>255</A>
            </Color>
            <FontName>_whatisthisfont2</FontName>
            <Width>32</Width>
            <Height>12</Height>
            <MaxCharacters>128</MaxCharacters>
            <Data>M:</Data>
        </LabelDef>


        <LabelDef>
            <Position>
                <X>33</X>
                <Y>0</Y>
            </Position>
            <Alignment>
                <TopLeft>true</TopLeft>
            </Alignment>
            <Color>
                <R>254</R>
                <G>217</G>
                <B>10</B>
                <A>255</A>
            </Color>
            <FontName>_whatisthisfont2</FontName>
            <Width>38</Width>
            <Height>12</Height>
            <MaxCharacters>128</MaxCharacters>
            <Data>P:999</Data>
            <Adapter>merchant_platinum</Adapter>
        </LabelDef>


        <LabelDef>
            <Position>
                <X>33</X>
                <Y>0</Y>
            </Position>
            <Alignment>
                <TopLeft>true</TopLeft>
            </Alignment>
            <Color>
                <R>255</R>
                <G>255</G>
                <B>255</B>
                <A>255</A>
            </Color>
            <FontName>_whatisthisfont2</FontName>
            <Width>38</Width>
            <Height>12</Height>
            <MaxCharacters>128</MaxCharacters>
            <Data>P:</Data>
        </LabelDef>


        <LabelDef>
            <Position>
                <X>72</X>
                <Y>0</Y>
            </Position>
            <Alignment>
                <TopLeft>true</TopLeft>
            </Alignment>
            <Color>
                <R>254</R>
                <G>217</G>
                <B>10</B>
                <A>255</A>
            </Color>
            <FontName>_whatisthisfont2</FontName>
            <Width>38</Width>
            <Height>12</Height>
            <MaxCharacters>128</MaxCharacters>
            <Data>G:999</Data>
            <Adapter>merchant_gold</Adapter>
        </LabelDef>


        <LabelDef>
            <Position>
                <X>72</X>
                <Y>0</Y>
            </Position>
            <Alignment>
                <TopLeft>true</TopLeft>
            </Alignment>
            <Color>
                <R>255</R>
                <G>255</G>
                <B>255</B>
                <A>255</A>
            </Color>
            <FontName>_whatisthisfont2</FontName>
            <Width>32</Width>
            <Height>12</Height>
            <MaxCharacters>128</MaxCharacters>
            <Data>G:</Data>
        </LabelDef>


        <LabelDef>
            <Position>
                <X>113</X>
                <Y>0</Y>
            </Position>
            <Alignment>
                <TopLeft>true</TopLeft>
            </Alignment>
            <Color>
                <R>254</R>
                <G>217</G>
                <B>10</B>
                <A>255</A>
            </Color>
            <FontName>_whatisthisfont2</FontName>
            <Width>32</Width>
            <Height>12</Height>
            <MaxCharacters>128</MaxCharacters>
            <Data>S:999</Data>
            <Adapter>merchant_silver</Adapter>
        </LabelDef>


        <LabelDef>
            <Position>
                <X>113</X>
                <Y>0</Y>
            </Position>
            <Alignment>
                <TopLeft>true</TopLeft>
            </Alignment>
            <Color>
                <R>255</R>
                <G>255</G>
                <B>255</B>
                <A>255</A>
            </Color>
            <FontName>_whatisthisfont2</FontName>
            <Width>32</Width>
            <Height>12</Height>
            <MaxCharacters>128</MaxCharacters>
            <Data>S:</Data>
        </LabelDef>


        <LabelDef>
            <Position>
                <X>144</X>
                <Y>0</Y>
            </Position>
            <Alignment>
                <TopLeft>true</TopLeft>
            </Alignment>
            <Color>
                <R>254</R>
                <G>217</G>
                <B>10</B>
                <A>255</A>
            </Color>
            <FontName>_whatisthisfont2</FontName>
            <Width>32</Width>
            <Height>12</Height>
            <MaxCharacters>128</MaxCharacters>
            <Data>C:999</Data>
            <Adapter>merchant_copper</Adapter>
        </LabelDef>


        <LabelDef>
            <Position>
                <X>144</X>
                <Y>0</Y>
            </Position>
            <Alignment>
                <TopLeft>true</TopLeft>
            </Alignment>
            <Color>
                <R>255</R>
                <G>255</G>
                <B>255</B>
                <A>255</A>
            </Color>
            <FontName>_whatisthisfont2</FontName>
            <Width>32</Width>
            <Height>12</Height>
            <MaxCharacters>128</MaxCharacters>
            <Data>C:</Data>
        </LabelDef>


    </WindowTemplate>


</Root_Element>
