<?xml version="1.0"?>
<Root_Element ID="DAOCUi">

<!-- @@ Edited with the DAoC User Interface Editor v1.80 -->
<!-- @@ Free download available at http://www.bradtownsend.com/daoced -->


    <WindowTemplate>
        <Name>custom6_window</Name>
        <WindowId>custom6_window</WindowId>
        <CloseButton>false</CloseButton>
        <MoveButton>false</MoveButton>
        <TopRightResizeButton>false</TopRightResizeButton>
        <BottomRightResizeButton>false</BottomRightResizeButton>
        <BottomLeftResizeButton>false</BottomLeftResizeButton>
        <ResizeButtonOffsetX>0</ResizeButtonOffsetX>
        <ResizeButtonOffsetY>0</ResizeButtonOffsetY>
        <TitleWidth>0</TitleWidth>
        <TitleHeight>0</TitleHeight>
        <Width>187</Width>
        <Height>48</Height>
        <ResizeableWidth>0</ResizeableWidth>
        <ResizeableHeight>0</ResizeableHeight>
        <ResizeableTwoWayWidth>0</ResizeableTwoWayWidth>
        <ResizeableTwoWayHeight>0</ResizeableTwoWayHeight>
        <MinWidth>0</MinWidth>
        <MinHeight>0</MinHeight>
        <ContextTemplateName></ContextTemplateName>


        <StatusBarDef>
            <Position>
                <X>1</X>
                <Y>1</Y>
            </Position>
            <Alignment>
                <TopLeft>true</TopLeft>
            </Alignment>
            <TemplateName>_witt_statusbar_medium_red</TemplateName>
            <AdapterName>mini_pet_life</AdapterName>
            <Width>187</Width>
        </StatusBarDef>


        <ScalarLabelDef>
            <ControlId>pet life percentage</ControlId>
            <Position>
                <X>8</X>
                <Y>-7</Y>
            </Position>
            <Alignment>
                <TopLeft>true</TopLeft>
            </Alignment>
            <FontName>_whatisthisfont2</FontName>
            <Width>100</Width>
            <Height>25</Height>
            <MaxCharacters>999</MaxCharacters>
            <Color>
                <R>255</R>
                <G>255</G>
                <B>255</B>
                <A>255</A>
            </Color>
            <Adapter>mini_pet_life</Adapter>
            <DontDrawWhenZero>true</DontDrawWhenZero>
        </ScalarLabelDef>


        <LabelDef>
            <Position>
                <X>30</X>
                <Y>-7</Y>
            </Position>
            <Color>
                <R>255</R>
                <G>255</G>
                <B>255</B>
                <A>255</A>
            </Color>
            <FontName>_whatisthisfont2</FontName>
            <Width>160</Width>
            <Height>16</Height>
            <MaxCharacters>64</MaxCharacters>
            <Adapter>mini_pet_title</Adapter>
        </LabelDef>


        <InvisibleButtonDef>
            <ControlId>1009</ControlId>
            <Position>
                <X>0</X>
                <Y>0</Y>
            </Position>
            <Alignment>
                <TopLeft>true</TopLeft>
            </Alignment>
            <Label></Label>
            <OnClickEvent>PetTarget</OnClickEvent>
            <Width>186</Width>
            <Height>11</Height>
        </InvisibleButtonDef>


        <IconDef>
            <Position>
                <X>39</X>
                <Y>32</Y>
            </Position>
            <Alignment>
                <TopLeft>true</TopLeft>
            </Alignment>
            <TemplateName>plain_icon_small</TemplateName>
            <AdapterName>mini_pet_effect0</AdapterName>
            <IconId>0</IconId>
            <Data></Data>
        </IconDef>


        <IconDef>
            <Position>
                <X>58</X>
                <Y>32</Y>
            </Position>
            <Alignment>
                <TopLeft>true</TopLeft>
            </Alignment>
            <TemplateName>plain_icon_small</TemplateName>
            <AdapterName>mini_pet_effect1</AdapterName>
            <IconId>0</IconId>
            <Data></Data>
        </IconDef>


        <IconDef>
            <Position>
                <X>77</X>
                <Y>32</Y>
            </Position>
            <Alignment>
                <TopLeft>true</TopLeft>
            </Alignment>
            <TemplateName>plain_icon_small</TemplateName>
            <AdapterName>mini_pet_effect2</AdapterName>
            <IconId>0</IconId>
            <Data></Data>
        </IconDef>


        <IconDef>
            <Position>
                <X>96</X>
                <Y>32</Y>
            </Position>
            <Alignment>
                <TopLeft>true</TopLeft>
            </Alignment>
            <TemplateName>plain_icon_small</TemplateName>
            <AdapterName>mini_pet_effect3</AdapterName>
            <IconId>0</IconId>
            <Data></Data>
        </IconDef>


        <IconDef>
            <Position>
                <X>115</X>
                <Y>32</Y>
            </Position>
            <Alignment>
                <TopLeft>true</TopLeft>
            </Alignment>
            <TemplateName>plain_icon_small</TemplateName>
            <AdapterName>mini_pet_effect4</AdapterName>
            <IconId>0</IconId>
            <Data></Data>
        </IconDef>


        <IconDef>
            <Position>
                <X>134</X>
                <Y>32</Y>
            </Position>
            <Alignment>
                <TopLeft>true</TopLeft>
            </Alignment>
            <TemplateName>plain_icon_small</TemplateName>
            <AdapterName>mini_pet_effect5</AdapterName>
            <IconId>0</IconId>
            <Data></Data>
        </IconDef>


        <ButtonDef>
            <ControlId>1007</ControlId>
            <Position>
                <X>6</X>
                <Y>13</Y>
            </Position>
            <Alignment>
                <TopLeft>true</TopLeft>
            </Alignment>
            <TemplateName>_witt_pet_attack</TemplateName>
            <OnClickEvent>PetAttack</OnClickEvent>
        </ButtonDef>


        <ButtonDef>
            <ControlId>1008</ControlId>
            <Position>
                <X>24</X>
                <Y>13</Y>
            </Position>
            <Alignment>
                <TopLeft>true</TopLeft>
            </Alignment>
            <TemplateName>_witt_pet_release</TemplateName>
            <OnClickEvent>PetRelease</OnClickEvent>
        </ButtonDef>


        <CheckBoxDef>
            <ControlId>1000</ControlId>
            <Position>
                <X>48</X>
                <Y>13</Y>
            </Position>
            <Alignment>
                <TopLeft>true</TopLeft>
            </Alignment>
            <TemplateName>_witt_pet_aggro</TemplateName>
            <AdapterName>mini_pet_combat0</AdapterName>
            <TextAdapterName></TextAdapterName>
            <Data>Aggro</Data>
            <LabelWidth>16</LabelWidth>
            <OnClickEvent></OnClickEvent>
        </CheckBoxDef>


        <CheckBoxDef>
            <ControlId>1001</ControlId>
            <Position>
                <X>67</X>
                <Y>13</Y>
            </Position>
            <Alignment>
                <TopLeft>true</TopLeft>
            </Alignment>
            <TemplateName>_witt_pet_defense</TemplateName>
            <AdapterName>mini_pet_combat1</AdapterName>
            <TextAdapterName></TextAdapterName>
            <Data>Defense</Data>
            <LabelWidth>16</LabelWidth>
            <OnClickEvent></OnClickEvent>
        </CheckBoxDef>


        <CheckBoxDef>
            <ControlId>1002</ControlId>
            <Position>
                <X>86</X>
                <Y>13</Y>
            </Position>
            <Alignment>
                <TopLeft>true</TopLeft>
            </Alignment>
            <TemplateName>_witt_pet_passive</TemplateName>
            <AdapterName>mini_pet_combat2</AdapterName>
            <TextAdapterName></TextAdapterName>
            <Data>Passive</Data>
            <LabelWidth>16</LabelWidth>
            <OnClickEvent></OnClickEvent>
        </CheckBoxDef>


        <CheckBoxDef>
            <ControlId>1003</ControlId>
            <Position>
                <X>110</X>
                <Y>13</Y>
            </Position>
            <Alignment>
                <TopLeft>true</TopLeft>
            </Alignment>
            <TemplateName>_witt_pet_follow</TemplateName>
            <AdapterName>mini_pet_movement0</AdapterName>
            <TextAdapterName></TextAdapterName>
            <Data>Fo</Data>
            <LabelWidth>16</LabelWidth>
            <OnClickEvent></OnClickEvent>
        </CheckBoxDef>


        <CheckBoxDef>
            <ControlId>1004</ControlId>
            <Position>
                <X>148</X>
                <Y>13</Y>
            </Position>
            <Alignment>
                <TopLeft>true</TopLeft>
            </Alignment>
            <TemplateName>_witt_pet_stay</TemplateName>
            <AdapterName>mini_pet_movement1</AdapterName>
            <TextAdapterName></TextAdapterName>
            <Data>St</Data>
            <LabelWidth>16</LabelWidth>
            <OnClickEvent></OnClickEvent>
        </CheckBoxDef>


        <CheckBoxDef>
            <ControlId>1005</ControlId>
            <Position>
                <X>167</X>
                <Y>13</Y>
            </Position>
            <Alignment>
                <TopLeft>true</TopLeft>
            </Alignment>
            <TemplateName>_witt_pet_goto</TemplateName>
            <AdapterName>mini_pet_movement2</AdapterName>
            <TextAdapterName></TextAdapterName>
            <Data>Go2</Data>
            <LabelWidth>16</LabelWidth>
            <OnClickEvent></OnClickEvent>
        </CheckBoxDef>


        <CheckBoxDef>
            <ControlId>1006</ControlId>
            <Position>
                <X>129</X>
                <Y>13</Y>
            </Position>
            <Alignment>
                <TopLeft>true</TopLeft>
            </Alignment>
            <TemplateName>_witt_pet_here</TemplateName>
            <AdapterName>mini_pet_movement3</AdapterName>
            <TextAdapterName></TextAdapterName>
            <Data>He</Data>
            <LabelWidth>16</LabelWidth>
            <OnClickEvent></OnClickEvent>
        </CheckBoxDef>


    </WindowTemplate>


</Root_Element>
