<?xml version="1.0"?>
<Root_Element ID="DAOCUi">

<!-- @@ Edited with the DAoC User Interface Editor v1.80 -->
<!-- @@ Free download available at http://www.bradtownsend.com/daoced -->


    <ListBoxTemplate>
        <Name>listbox_gr</Name>
        <LinePadding>1</LinePadding>
        <CellPadding>2</CellPadding>
        <LabelLength>128</LabelLength>
        <ScrollbarTemplate>vscroll_no_gutter</ScrollbarTemplate>
        <DrawScroll>true</DrawScroll>
        <ScrollbarTopOffset>0</ScrollbarTopOffset>
        <ScrollbarBottomOffset>0</ScrollbarBottomOffset>
        <ScrollbarRightOffset>0</ScrollbarRightOffset>
        <Sorting>false</Sorting>
        <BackgroundTemplate>none</BackgroundTemplate>
        <IconTemplate>plain_icon_small</IconTemplate>
        <TextFont>
            <Name>arial9</Name>
            <ColorNormal>
                <R>192</R>
                <G>192</G>
                <B>192</B>
                <A>255</A>
            </ColorNormal>
            <ColorHighlit>
                <R>255</R>
                <G>192</G>
                <B>0</B>
                <A>255</A>
            </ColorHighlit>
            <ColorGreyed>
                <R>127</R>
                <G>127</G>
                <B>127</B>
                <A>255</A>
            </ColorGreyed>
            <TextTopOffset>0</TextTopOffset>
            <TextBottomOffset>0</TextBottomOffset>
            <TextLeftOffset>0</TextLeftOffset>
            <TextRightOffset>0</TextRightOffset>
            <LineOffset>0</LineOffset>
        </TextFont>
            <IconSize>
                <X>16</X>
                <Y>16</Y>
            </IconSize>
    </ListBoxTemplate>


    <WindowTemplate>
        <Name>group_results</Name>
        <WindowId></WindowId>
        <CloseButton>true</CloseButton>
        <MoveButton>false</MoveButton>
        <TopRightResizeButton>false</TopRightResizeButton>
        <BottomRightResizeButton>true</BottomRightResizeButton>
        <BottomLeftResizeButton>true</BottomLeftResizeButton>
        <ResizeButtonOffsetX>0</ResizeButtonOffsetX>
        <ResizeButtonOffsetY>0</ResizeButtonOffsetY>
        <TitleWidth>300</TitleWidth>
        <TitleHeight>2</TitleHeight>
        <Width>464</Width>
        <Height>206</Height>
        <ResizeableWidth>0</ResizeableWidth>
        <ResizeableHeight>0</ResizeableHeight>
        <ResizeableTwoWayWidth>0</ResizeableTwoWayWidth>
        <ResizeableTwoWayHeight>0</ResizeableTwoWayHeight>
        <MinWidth>464</MinWidth>
        <MinHeight>100</MinHeight>
        <ContextTemplateName></ContextTemplateName>


        <FullResizeImageDef>
            <ControlId>Background</ControlId>
            <Position>
                <X>0</X>
                <Y>0</Y>
            </Position>
            <Alignment>
                <GrowWidth>true</GrowWidth>
                <GrowHeight>true</GrowHeight>
            </Alignment>
            <TemplateName>dlg_background_5px</TemplateName>
            <Width>465</Width>
            <Height>206</Height>
        </FullResizeImageDef>


        <ListBoxDef>
            <ControlId>1000</ControlId>
            <Position>
                <X>4</X>
                <Y>18</Y>
            </Position>
            <Alignment>
                <GrowHeight>true</GrowHeight>
            </Alignment>
            <Width>456</Width>
            <Height>160</Height>
            <TemplateName>listbox_nobg</TemplateName>
            <AdapterName>group_results</AdapterName>
            <Sorting>false</Sorting>
            <Columns>2</Columns>
            <IconTemplate></IconTemplate>
            <ShowIndicator>false</ShowIndicator>
            <ShowDefaultToolTips>false</ShowDefaultToolTips>
            <OnHeaderClickEvent></OnHeaderClickEvent>
            <OnClickEvent></OnClickEvent>
        </ListBoxDef>


        <ButtonDef>
            <ControlId>1001</ControlId>
            <Position>
                <X>5</X>
                <Y>4</Y>
            </Position>
            <Alignment>
                <OffsetBottom>true</OffsetBottom>
            </Alignment>
            <TemplateName>button_tab</TemplateName>
            <Label>SEND</Label>
        </ButtonDef>


        <LabelDef>
            <ControlId>1002</ControlId>
            <Position>
                <X>70</X>
                <Y>7</Y>
            </Position>
            <Alignment>
                <OffsetBottom>true</OffsetBottom>
            </Alignment>
            <Color>
                <R>192</R>
                <G>192</G>
                <B>192</B>
                <A>255</A>
            </Color>
            <FontName>arial11</FontName>
            <Width>324</Width>
            <Height>16</Height>
            <MaxCharacters>200</MaxCharacters>
        </LabelDef>


        <!--column headers-->


        <LabelDef>
            <Position>
                <X>6</X>
                <Y>4</Y>
            </Position>
            <Alignment>
                <TopLeft>true</TopLeft>
            </Alignment>
            <Color>
                <R>208</R>
                <G>228</G>
                <B>229</B>
                <A>255</A>
            </Color>
            <FontName>arial9</FontName>
            <Width>124</Width>
            <Height>16</Height>
            <MaxCharacters>64</MaxCharacters>
            <Data>Name</Data>
        </LabelDef>


        <LabelDef>
            <Position>
                <X>81</X>
                <Y>4</Y>
            </Position>
            <Alignment>
                <TopLeft>true</TopLeft>
            </Alignment>
            <Color>
                <R>208</R>
                <G>228</G>
                <B>229</B>
                <A>255</A>
            </Color>
            <FontName>arial9</FontName>
            <Width>124</Width>
            <Height>16</Height>
            <MaxCharacters>64</MaxCharacters>
            <Data>Class</Data>
        </LabelDef>


        <LabelDef>
            <Position>
                <X>117</X>
                <Y>4</Y>
            </Position>
            <Alignment>
                <TopLeft>true</TopLeft>
            </Alignment>
            <Color>
                <R>208</R>
                <G>228</G>
                <B>229</B>
                <A>255</A>
            </Color>
            <FontName>arial9</FontName>
            <Width>124</Width>
            <Height>16</Height>
            <MaxCharacters>64</MaxCharacters>
            <Data>Lvl</Data>
        </LabelDef>


        <LabelDef>
            <Position>
                <X>142</X>
                <Y>4</Y>
            </Position>
            <Alignment>
                <TopLeft>true</TopLeft>
            </Alignment>
            <Color>
                <R>208</R>
                <G>228</G>
                <B>229</B>
                <A>255</A>
            </Color>
            <FontName>arial9</FontName>
            <Width>124</Width>
            <Height>16</Height>
            <MaxCharacters>64</MaxCharacters>
            <Data>Location</Data>
        </LabelDef>


        <LabelDef>
            <Position>
                <X>245</X>
                <Y>4</Y>
            </Position>
            <Alignment>
                <TopLeft>true</TopLeft>
            </Alignment>
            <Color>
                <R>208</R>
                <G>228</G>
                <B>229</B>
                <A>255</A>
            </Color>
            <FontName>arial9</FontName>
            <Width>124</Width>
            <Height>16</Height>
            <MaxCharacters>64</MaxCharacters>
            <Data>Duration</Data>
        </LabelDef>


        <LabelDef>
            <Position>
                <X>312</X>
                <Y>4</Y>
            </Position>
            <Alignment>
                <TopLeft>true</TopLeft>
            </Alignment>
            <Color>
                <R>208</R>
                <G>228</G>
                <B>229</B>
                <A>255</A>
            </Color>
            <FontName>arial9</FontName>
            <Width>124</Width>
            <Height>16</Height>
            <MaxCharacters>64</MaxCharacters>
            <Data>Status</Data>
        </LabelDef>


        <LabelDef>
            <Position>
                <X>364</X>
                <Y>4</Y>
            </Position>
            <Alignment>
                <TopLeft>true</TopLeft>
            </Alignment>
            <Color>
                <R>208</R>
                <G>228</G>
                <B>229</B>
                <A>255</A>
            </Color>
            <FontName>arial9</FontName>
            <Width>124</Width>
            <Height>16</Height>
            <MaxCharacters>64</MaxCharacters>
            <Data>Objective</Data>
        </LabelDef>


        <InvisibleButtonDef>
            <ControlId>2000</ControlId>
            <Position>
                <X>6</X>
                <Y>4</Y>
            </Position>
            <Alignment>
                <TopLeft>true</TopLeft>
            </Alignment>
            <Label></Label>
            <OnClickEvent></OnClickEvent>
            <Width>73</Width>
            <Height>15</Height>
        </InvisibleButtonDef>


        <InvisibleButtonDef>
            <ControlId>2001</ControlId>
            <Position>
                <X>81</X>
                <Y>4</Y>
            </Position>
            <Alignment>
                <TopLeft>true</TopLeft>
            </Alignment>
            <Label></Label>
            <OnClickEvent></OnClickEvent>
            <Width>33</Width>
            <Height>16</Height>
        </InvisibleButtonDef>


        <InvisibleButtonDef>
            <ControlId>2002</ControlId>
            <Position>
                <X>117</X>
                <Y>4</Y>
            </Position>
            <Alignment>
                <TopLeft>true</TopLeft>
            </Alignment>
            <Label></Label>
            <OnClickEvent></OnClickEvent>
            <Width>24</Width>
            <Height>16</Height>
        </InvisibleButtonDef>


        <InvisibleButtonDef>
            <ControlId>2003</ControlId>
            <Position>
                <X>142</X>
                <Y>4</Y>
            </Position>
            <Alignment>
                <TopLeft>true</TopLeft>
            </Alignment>
            <Label></Label>
            <OnClickEvent></OnClickEvent>
            <Width>100</Width>
            <Height>16</Height>
        </InvisibleButtonDef>


        <InvisibleButtonDef>
            <ControlId>2004</ControlId>
            <Position>
                <X>245</X>
                <Y>4</Y>
            </Position>
            <Alignment>
                <TopLeft>true</TopLeft>
            </Alignment>
            <Label></Label>
            <OnClickEvent></OnClickEvent>
            <Width>65</Width>
            <Height>16</Height>
        </InvisibleButtonDef>


        <InvisibleButtonDef>
            <ControlId>2005</ControlId>
            <Position>
                <X>312</X>
                <Y>4</Y>
            </Position>
            <Alignment>
                <TopLeft>true</TopLeft>
            </Alignment>
            <Label></Label>
            <OnClickEvent></OnClickEvent>
            <Width>50</Width>
            <Height>16</Height>
        </InvisibleButtonDef>


        <InvisibleButtonDef>
            <ControlId>2006</ControlId>
            <Position>
                <X>364</X>
                <Y>4</Y>
            </Position>
            <Alignment>
                <TopLeft>true</TopLeft>
            </Alignment>
            <Label></Label>
            <OnClickEvent></OnClickEvent>
            <Width>100</Width>
            <Height>16</Height>
        </InvisibleButtonDef>


    </WindowTemplate>


</Root_Element>
