<?xml version="1.0"?>
<Root_Element ID="DAOCUi">

<!-- @@ Edited with the DAoC User Interface Editor v1.80 -->
<!-- @@ Free download available at http://www.bradtownsend.com/daoced -->


    <WindowTemplate>
        <Name>custom8_window</Name>
        <WindowId>custom8_window</WindowId>
        <CloseButton>true</CloseButton>
        <MoveButton>false</MoveButton>
        <TopRightResizeButton>false</TopRightResizeButton>
        <BottomRightResizeButton>false</BottomRightResizeButton>
        <BottomLeftResizeButton>false</BottomLeftResizeButton>
        <ResizeButtonOffsetX>0</ResizeButtonOffsetX>
        <ResizeButtonOffsetY>0</ResizeButtonOffsetY>
        <TitleWidth>379</TitleWidth>
        <TitleHeight>18</TitleHeight>
        <Width>460</Width>
        <Height>243</Height>
        <ResizeableWidth>0</ResizeableWidth>
        <ResizeableHeight>0</ResizeableHeight>
        <ResizeableTwoWayWidth>0</ResizeableTwoWayWidth>
        <ResizeableTwoWayHeight>0</ResizeableTwoWayHeight>
        <MinWidth>0</MinWidth>
        <MinHeight>0</MinHeight>
        <ContextTemplateName></ContextTemplateName>


        <!--tabs-->


        <FullResizeImageDef>
            <Position>
                <X>0</X>
                <Y>0</Y>
            </Position>
            <TemplateName>_witt_bg_100</TemplateName>
            <Width>460</Width>
            <Height>19</Height>
        </FullResizeImageDef>


        <LabelDef>
            <ControlId>1004</ControlId>
            <Position>
                <X>0</X>
                <Y>4</Y>
            </Position>
            <Alignment>
                <CenterHorizontally>true</CenterHorizontally>
            </Alignment>
            <Color>
                <R>255</R>
                <G>255</G>
                <B>255</B>
                <A>255</A>
            </Color>
            <FontName>_whatisthisfont2</FontName>
            <Width>460</Width>
            <Height>15</Height>
            <MaxCharacters>128</MaxCharacters>
            <Data>REALM INFO</Data>
            <TextCentered>true</TextCentered>
        </LabelDef>


        <FullResizeImageDef>
            <Position>
                <X>0</X>
                <Y>18</Y>
            </Position>
            <TemplateName>_witt_bg_90</TemplateName>
            <Width>460</Width>
            <Height>20</Height>
        </FullResizeImageDef>


        <TabsDef>
            <TemplateName>_witt_tab_transparent</TemplateName>
            <ControlId>1002</ControlId>
            <Position>
                <X>0</X>
                <Y>10</Y>
            </Position>
            <Alignment>
                <TopLeft>true</TopLeft>
                <GrowHeight>true</GrowHeight>
            </Alignment>
            <Width>460</Width>
            <Height>349</Height>
        <Tab>
            <Id>1</Id>
            <Name>RR List</Name>
        </Tab>
        <Tab>
            <Id>2</Id>
            <Name>RR Title</Name>
        </Tab>
        <Tab>
            <Id>3</Id>
            <Name>Resist</Name>
        </Tab>
            <TabControl>
                <TabId>1</TabId>
                <ControlId>1101</ControlId>
            </TabControl>
            <TabControl>
                <TabId>1</TabId>
                <ControlId>1102</ControlId>
            </TabControl>
            <TabControl>
                <TabId>1</TabId>
                <ControlId>1103</ControlId>
            </TabControl>
            <TabControl>
                <TabId>1</TabId>
                <ControlId>1104</ControlId>
            </TabControl>
            <TabControl>
                <TabId>1</TabId>
                <ControlId>1105</ControlId>
            </TabControl>
            <TabControl>
                <TabId>1</TabId>
                <ControlId>1106</ControlId>
            </TabControl>
            <TabControl>
                <TabId>1</TabId>
                <ControlId>1107</ControlId>
            </TabControl>
            <TabControl>
                <TabId>1</TabId>
                <ControlId>1108</ControlId>
            </TabControl>
            <TabControl>
                <TabId>1</TabId>
                <ControlId>1109</ControlId>
            </TabControl>
            <TabControl>
                <TabId>1</TabId>
                <ControlId>1110</ControlId>
            </TabControl>
            <TabControl>
                <TabId>1</TabId>
                <ControlId>1111</ControlId>
            </TabControl>
            <TabControl>
                <TabId>1</TabId>
                <ControlId>1112</ControlId>
            </TabControl>
            <TabControl>
                <TabId>1</TabId>
                <ControlId>1113</ControlId>
            </TabControl>
            <TabControl>
                <TabId>1</TabId>
                <ControlId>1114</ControlId>
            </TabControl>
            <TabControl>
                <TabId>1</TabId>
                <ControlId>1115</ControlId>
            </TabControl>
            <TabControl>
                <TabId>1</TabId>
                <ControlId>1116</ControlId>
            </TabControl>
            <TabControl>
                <TabId>1</TabId>
                <ControlId>1117</ControlId>
            </TabControl>
            <TabControl>
                <TabId>1</TabId>
                <ControlId>1118</ControlId>
            </TabControl>
            <TabControl>
                <TabId>1</TabId>
                <ControlId>1119</ControlId>
            </TabControl>
            <TabControl>
                <TabId>1</TabId>
                <ControlId>1120</ControlId>
            </TabControl>
            <TabControl>
                <TabId>1</TabId>
                <ControlId>1121</ControlId>
            </TabControl>
            <TabControl>
                <TabId>1</TabId>
                <ControlId>1122</ControlId>
            </TabControl>
            <TabControl>
                <TabId>1</TabId>
                <ControlId>1123</ControlId>
            </TabControl>
            <TabControl>
                <TabId>1</TabId>
                <ControlId>1124</ControlId>
            </TabControl>
            <TabControl>
                <TabId>1</TabId>
                <ControlId>1125</ControlId>
            </TabControl>
            <TabControl>
                <TabId>2</TabId>
                <ControlId>2001</ControlId>
            </TabControl>
            <TabControl>
                <TabId>2</TabId>
                <ControlId>2002</ControlId>
            </TabControl>
            <TabControl>
                <TabId>2</TabId>
                <ControlId>2003</ControlId>
            </TabControl>
            <TabControl>
                <TabId>2</TabId>
                <ControlId>2004</ControlId>
            </TabControl>
            <TabControl>
                <TabId>2</TabId>
                <ControlId>2005</ControlId>
            </TabControl>
            <TabControl>
                <TabId>2</TabId>
                <ControlId>2006</ControlId>
            </TabControl>
            <TabControl>
                <TabId>2</TabId>
                <ControlId>2007</ControlId>
            </TabControl>
            <TabControl>
                <TabId>2</TabId>
                <ControlId>2008</ControlId>
            </TabControl>
            <TabControl>
                <TabId>2</TabId>
                <ControlId>2009</ControlId>
            </TabControl>
            <TabControl>
                <TabId>3</TabId>
                <ControlId>3001</ControlId>
            </TabControl>
            <TabControl>
                <TabId>3</TabId>
                <ControlId>3002</ControlId>
            </TabControl>
            <TabControl>
                <TabId>3</TabId>
                <ControlId>3003</ControlId>
            </TabControl>
            <TabControl>
                <TabId>3</TabId>
                <ControlId>3004</ControlId>
            </TabControl>
            <TabControl>
                <TabId>3</TabId>
                <ControlId>3005</ControlId>
            </TabControl>
            <TabControl>
                <TabId>3</TabId>
                <ControlId>3006</ControlId>
            </TabControl>
            <TabControl>
                <TabId>3</TabId>
                <ControlId>3007</ControlId>
            </TabControl>
            <TabControl>
                <TabId>3</TabId>
                <ControlId>3008</ControlId>
            </TabControl>
            <TabControl>
                <TabId>3</TabId>
                <ControlId>3009</ControlId>
            </TabControl>
            <TabControl>
                <TabId>3</TabId>
                <ControlId>3010</ControlId>
            </TabControl>
            <TabControl>
                <TabId>1</TabId>
                <ControlId>1113</ControlId>
            </TabControl>
            <TabControl>
                <TabId>2</TabId>
                <ControlId>2008</ControlId>
            </TabControl>
        </TabsDef>


        <ButtonDef>
            <ControlId>1000</ControlId>
            <Position>
                <X>2</X>
                <Y>20</Y>
            </Position>
            <Alignment>
                <TopLeft>true</TopLeft>
                <OffsetRight>true</OffsetRight>
            </Alignment>
            <TemplateName>_witt_hr_button</TemplateName>
            <Label>OK</Label>
            <OnClickEvent>ToggleCustom8</OnClickEvent>
        </ButtonDef>


        <!--Resist-->


        <FullResizeImageDef>
            <ControlId>3009</ControlId>
            <Position>
                <X>0</X>
                <Y>37</Y>
            </Position>
            <TemplateName>_witt_bg_100</TemplateName>
            <Width>460</Width>
            <Height>206</Height>
        </FullResizeImageDef>


        <FullResizeImageDef>
            <ControlId>3007</ControlId>
            <Position>
                <X>330</X>
                <Y>37</Y>
            </Position>
            <TemplateName>_witt_bg_100</TemplateName>
            <Width>130</Width>
            <Height>206</Height>
        </FullResizeImageDef>


        <LabelDef>
            <ControlId>3001</ControlId>
            <Position>
                <X>2</X>
                <Y>94</Y>
            </Position>
            <Alignment>
                <OffsetRight>true</OffsetRight>
            </Alignment>
            <Color>
                <R>205</R>
                <G>61</G>
                <B>61</B>
                <A>255</A>
            </Color>
            <FontName>_whatisthisfont11pxds</FontName>
            <Width>128</Width>
            <Height>16</Height>
            <MaxCharacters>128</MaxCharacters>
            <Data>Vulnerable</Data>
            <TextCentered>true</TextCentered>
        </LabelDef>


        <LabelDef>
            <ControlId>3002</ControlId>
            <Position>
                <X>2</X>
                <Y>108</Y>
            </Position>
            <Alignment>
                <OffsetRight>true</OffsetRight>
            </Alignment>
            <Color>
                <R>255</R>
                <G>255</G>
                <B>255</B>
                <A>255</A>
            </Color>
            <FontName>_whatisthisfont11pxds</FontName>
            <Width>128</Width>
            <Height>16</Height>
            <MaxCharacters>128</MaxCharacters>
            <Data>-5% to resist type</Data>
            <TextCentered>true</TextCentered>
        </LabelDef>


        <LabelDef>
            <ControlId>3003</ControlId>
            <Position>
                <X>2</X>
                <Y>125</Y>
            </Position>
            <Alignment>
                <OffsetRight>true</OffsetRight>
            </Alignment>
            <Color>
                <R>255</R>
                <G>255</G>
                <B>255</B>
                <A>255</A>
            </Color>
            <FontName>_whatisthisfont11pxds</FontName>
            <Width>128</Width>
            <Height>16</Height>
            <MaxCharacters>128</MaxCharacters>
            <Data>Neutral</Data>
            <TextCentered>true</TextCentered>
        </LabelDef>


        <LabelDef>
            <ControlId>3004</ControlId>
            <Position>
                <X>2</X>
                <Y>139</Y>
            </Position>
            <Alignment>
                <OffsetRight>true</OffsetRight>
            </Alignment>
            <Color>
                <R>255</R>
                <G>255</G>
                <B>255</B>
                <A>255</A>
            </Color>
            <FontName>_whatisthisfont11pxds</FontName>
            <Width>128</Width>
            <Height>16</Height>
            <MaxCharacters>128</MaxCharacters>
            <Data>No change</Data>
            <TextCentered>true</TextCentered>
        </LabelDef>


        <LabelDef>
            <ControlId>3005</ControlId>
            <Position>
                <X>2</X>
                <Y>156</Y>
            </Position>
            <Alignment>
                <OffsetRight>true</OffsetRight>
            </Alignment>
            <Color>
                <R>57</R>
                <G>180</G>
                <B>54</B>
                <A>255</A>
            </Color>
            <FontName>_whatisthisfont11pxds</FontName>
            <Width>128</Width>
            <Height>16</Height>
            <MaxCharacters>128</MaxCharacters>
            <Data>Resistant</Data>
            <TextCentered>true</TextCentered>
        </LabelDef>


        <LabelDef>
            <ControlId>3006</ControlId>
            <Position>
                <X>2</X>
                <Y>170</Y>
            </Position>
            <Alignment>
                <OffsetRight>true</OffsetRight>
            </Alignment>
            <Color>
                <R>255</R>
                <G>255</G>
                <B>255</B>
                <A>255</A>
            </Color>
            <FontName>_whatisthisfont11pxds</FontName>
            <Width>128</Width>
            <Height>16</Height>
            <MaxCharacters>128</MaxCharacters>
            <Data>+10% to resist type</Data>
            <TextCentered>true</TextCentered>
        </LabelDef>


        <ImageAreaDef>
            <ControlId>3010</ControlId>
            <Position>
                <X>4</X>
                <Y>41</Y>
            </Position>
            <Alignment>
                <TopLeft>true</TopLeft>
            </Alignment>
            <TemplateName>_witt_rr_realmresistances</TemplateName>
        </ImageAreaDef>


        <!--RR Title-->


        <FullResizeImageDef>
            <ControlId>2008</ControlId>
            <Position>
                <X>0</X>
                <Y>37</Y>
            </Position>
            <TemplateName>_witt_bg_100</TemplateName>
            <Width>460</Width>
            <Height>191</Height>
        </FullResizeImageDef>


        <ImageAreaDef>
            <ControlId>2009</ControlId>
            <Position>
                <X>4</X>
                <Y>41</Y>
            </Position>
            <Alignment>
                <TopLeft>true</TopLeft>
            </Alignment>
            <TemplateName>_witt_rr_realmtitles</TemplateName>
        </ImageAreaDef>


        <!--Realm Ranks-->


        <FullResizeImageDef>
            <ControlId>1113</ControlId>
            <Position>
                <X>0</X>
                <Y>37</Y>
            </Position>
            <TemplateName>_witt_bg_100</TemplateName>
            <Width>460</Width>
            <Height>333</Height>
        </FullResizeImageDef>


        <ImageAreaDef>
            <ControlId>1115</ControlId>
            <Position>
                <X>4</X>
                <Y>41</Y>
            </Position>
            <Alignment>
                <TopLeft>true</TopLeft>
            </Alignment>
            <TemplateName>_witt_rr_realmranks</TemplateName>
        </ImageAreaDef>


        <FullResizeImageDef>
            <ControlId>1114</ControlId>
            <Position>
                <X>0</X>
                <Y>299</Y>
            </Position>
            <TemplateName>_witt_bg_80</TemplateName>
            <Width>460</Width>
            <Height>71</Height>
        </FullResizeImageDef>


        <LabelDef>
            <ControlId>1116</ControlId>
            <Position>
                <X>126</X>
                <Y>301</Y>
            </Position>
            <Alignment>
                <TopLeft>true</TopLeft>
            </Alignment>
            <Color>
                <R>255</R>
                <G>215</G>
                <B>32</B>
                <A>255</A>
            </Color>
            <FontName>_whatisthisfont11pxds</FontName>
            <Width>200</Width>
            <Height>16</Height>
            <MaxCharacters>32</MaxCharacters>
            <Data>Realm Title:</Data>
        </LabelDef>


        <LabelDef>
            <ControlId>1117</ControlId>
            <Position>
                <X>241</X>
                <Y>301</Y>
            </Position>
            <Alignment>
                <TopLeft>true</TopLeft>
            </Alignment>
            <Color>
                <R>255</R>
                <G>255</G>
                <B>255</B>
                <A>255</A>
            </Color>
            <FontName>_whatisthisfont11pxds</FontName>
            <Width>160</Width>
            <Height>16</Height>
            <MaxCharacters>32</MaxCharacters>
            <Adapter>realm_title</Adapter>
        </LabelDef>


        <LabelDef>
            <ControlId>1118</ControlId>
            <Position>
                <X>126</X>
                <Y>314</Y>
            </Position>
            <Alignment>
                <TopLeft>true</TopLeft>
            </Alignment>
            <Color>
                <R>255</R>
                <G>215</G>
                <B>32</B>
                <A>255</A>
            </Color>
            <FontName>_whatisthisfont11pxds</FontName>
            <Width>128</Width>
            <Height>16</Height>
            <MaxCharacters>32</MaxCharacters>
            <Data>Realm Rank:</Data>
        </LabelDef>


        <LabelDef>
            <ControlId>1119</ControlId>
            <Position>
                <X>241</X>
                <Y>314</Y>
            </Position>
            <Alignment>
                <TopLeft>true</TopLeft>
            </Alignment>
            <Color>
                <R>255</R>
                <G>255</G>
                <B>255</B>
                <A>255</A>
            </Color>
            <FontName>_whatisthisfont11pxds</FontName>
            <Width>64</Width>
            <Height>16</Height>
            <MaxCharacters>32</MaxCharacters>
            <Adapter>realm_rank</Adapter>
        </LabelDef>


        <LabelDef>
            <ControlId>1120</ControlId>
            <Position>
                <X>126</X>
                <Y>327</Y>
            </Position>
            <Alignment>
                <TopLeft>true</TopLeft>
            </Alignment>
            <Color>
                <R>255</R>
                <G>215</G>
                <B>32</B>
                <A>255</A>
            </Color>
            <FontName>_whatisthisfont11pxds</FontName>
            <Width>128</Width>
            <Height>16</Height>
            <MaxCharacters>32</MaxCharacters>
            <Data>Realm Points:</Data>
        </LabelDef>


        <ScalarLabelDef>
            <ControlId>1121</ControlId>
            <Position>
                <X>241</X>
                <Y>327</Y>
            </Position>
            <Alignment>
                <TopLeft>true</TopLeft>
            </Alignment>
            <FontName>_whatisthisfont11pxds</FontName>
            <Width>64</Width>
            <Height>16</Height>
            <MaxCharacters>32</MaxCharacters>
            <Color>
                <R>255</R>
                <G>255</G>
                <B>255</B>
                <A>255</A>
            </Color>
            <Adapter>stats_realm_points</Adapter>
        </ScalarLabelDef>


        <LabelDef>
            <ControlId>1122</ControlId>
            <Position>
                <X>126</X>
                <Y>340</Y>
            </Position>
            <Alignment>
                <TopLeft>true</TopLeft>
            </Alignment>
            <Color>
                <R>255</R>
                <G>215</G>
                <B>32</B>
                <A>255</A>
            </Color>
            <FontName>_whatisthisfont11pxds</FontName>
            <Width>128</Width>
            <Height>16</Height>
            <MaxCharacters>32</MaxCharacters>
            <Data>Bounty Points:</Data>
        </LabelDef>


        <ScalarLabelDef>
            <ControlId>1123</ControlId>
            <Position>
                <X>241</X>
                <Y>340</Y>
            </Position>
            <Alignment>
                <TopLeft>true</TopLeft>
            </Alignment>
            <FontName>_whatisthisfont11pxds</FontName>
            <Width>64</Width>
            <Height>16</Height>
            <MaxCharacters>32</MaxCharacters>
            <Color>
                <R>255</R>
                <G>255</G>
                <B>255</B>
                <A>255</A>
            </Color>
            <Adapter>bounty_points</Adapter>
        </ScalarLabelDef>


        <LabelDef>
            <ControlId>1124</ControlId>
            <Position>
                <X>126</X>
                <Y>353</Y>
            </Position>
            <Alignment>
                <TopLeft>true</TopLeft>
            </Alignment>
            <Color>
                <R>255</R>
                <G>215</G>
                <B>32</B>
                <A>255</A>
            </Color>
            <FontName>_whatisthisfont11pxds</FontName>
            <Width>128</Width>
            <Height>16</Height>
            <MaxCharacters>32</MaxCharacters>
            <Data>Realm Skillpoints:</Data>
        </LabelDef>


        <ScalarLabelDef>
            <ControlId>1125</ControlId>
            <Position>
                <X>241</X>
                <Y>353</Y>
            </Position>
            <Alignment>
                <TopLeft>true</TopLeft>
            </Alignment>
            <FontName>_whatisthisfont11pxds</FontName>
            <Width>64</Width>
            <Height>16</Height>
            <MaxCharacters>32</MaxCharacters>
            <Color>
                <R>255</R>
                <G>255</G>
                <B>255</B>
                <A>255</A>
            </Color>
            <Adapter>realm_skillpoints</Adapter>
        </ScalarLabelDef>


        <!--bla blub-->


    </WindowTemplate>


</Root_Element>
