<?xml version="1.0"?>
<Root_Element ID="DAOCUi">

<!-- @@ Edited with the DAoC User Interface Editor v1.80 -->
<!-- @@ Free download available at http://www.bradtownsend.com/daoced -->


    <Texture>
        <Name>g_hh_reverse</Name>
        <File>custom/ghost_hh_reverse.tga</File>
    </Texture>


    <StatusIconTemplate>
        <Name>g_reverse_red_bar</Name>
        <TextureName>g_hh_reverse</TextureName>
        <TextureStart>
            <X>181</X>
            <Y>0</Y>
        </TextureStart>
        <Width>75</Width>
        <Height>26</Height>
        <MaxLevels>35</MaxLevels>
        <Horizontal>false</Horizontal>
    </StatusIconTemplate>


    <VerticalResizeImageTemplate>
        <Name>g_vstatus_bg</Name>
        <Width>7</Width>
        <TopHeight>0</TopHeight>
        <RepeatHeight>26</RepeatHeight>
        <BottomHeight>0</BottomHeight>
        <Texture>
            <TextureName>g_hh_reverse</TextureName>
            <Top>
                <X>0</X>
                <Y>0</Y>
            </Top>
            <Repeat>
                <X>0</X>
                <Y>0</Y>
            </Repeat>
            <Bottom>
                <X>0</X>
                <Y>0</Y>
            </Bottom>
        </Texture>
    </VerticalResizeImageTemplate>


    <VerticalResizeImageTemplate>
        <Name>g_vstatus_bg_greentop</Name>
        <Width>7</Width>
        <TopHeight>0</TopHeight>
        <RepeatHeight>26</RepeatHeight>
        <BottomHeight>0</BottomHeight>
        <Texture>
            <TextureName>g_hh_reverse</TextureName>
            <Top>
                <X>0</X>
                <Y>0</Y>
            </Top>
            <Repeat>
                <X>24</X>
                <Y>0</Y>
            </Repeat>
            <Bottom>
                <X>0</X>
                <Y>0</Y>
            </Bottom>
        </Texture>
    </VerticalResizeImageTemplate>


    <VerticalResizeImageTemplate>
        <Name>g_vstatus_fg_green</Name>
        <Width>7</Width>
        <TopHeight>0</TopHeight>
        <RepeatHeight>26</RepeatHeight>
        <BottomHeight>0</BottomHeight>
        <Texture>
            <TextureName>g_hh_reverse</TextureName>
            <Top>
                <X>0</X>
                <Y>0</Y>
            </Top>
            <Repeat>
                <X>8</X>
                <Y>0</Y>
            </Repeat>
            <Bottom>
                <X>0</X>
                <Y>0</Y>
            </Bottom>
        </Texture>
    </VerticalResizeImageTemplate>


    <VerticalResizeImageTemplate>
        <Name>g_vstatus_fg_yellow</Name>
        <Width>7</Width>
        <TopHeight>0</TopHeight>
        <RepeatHeight>26</RepeatHeight>
        <BottomHeight>0</BottomHeight>
        <Texture>
            <TextureName>g_hh_reverse</TextureName>
            <Top>
                <X>0</X>
                <Y>0</Y>
            </Top>
            <Repeat>
                <X>16</X>
                <Y>0</Y>
            </Repeat>
            <Bottom>
                <X>0</X>
                <Y>0</Y>
            </Bottom>
        </Texture>
    </VerticalResizeImageTemplate>


    <VerticalStatusBarTemplate>
        <Name>g_vstatus_greentop</Name>
        <ForegroundImage>g_vstatus_bg</ForegroundImage>
        <BackgroundImage>g_vstatus_bg_greentop</BackgroundImage>
        <Width>7</Width>
        <ForegroundOffset>
            <X>0</X>
            <Y>0</Y>
        </ForegroundOffset>
    </VerticalStatusBarTemplate>


    <VerticalStatusBarTemplate>
        <Name>g_vstatus_green</Name>
        <ForegroundImage>g_vstatus_fg_green</ForegroundImage>
        <BackgroundImage>g_vstatus_bg</BackgroundImage>
        <Width>7</Width>
        <ForegroundOffset>
            <X>0</X>
            <Y>0</Y>
        </ForegroundOffset>
    </VerticalStatusBarTemplate>


    <VerticalStatusBarTemplate>
        <Name>g_vstatus_yellow</Name>
        <ForegroundImage>g_vstatus_fg_yellow</ForegroundImage>
        <BackgroundImage>g_vstatus_bg</BackgroundImage>
        <Width>7</Width>
        <ForegroundOffset>
            <X>0</X>
            <Y>0</Y>
        </ForegroundOffset>
    </VerticalStatusBarTemplate>


    <ButtonTemplate>
        <Name></Name>
        <Size>
            <X>0</X>
            <Y>0</Y>
        </Size>
        <Font>
            <Name>arial9</Name>
            <ColorNormal>
                <R>255</R>
                <G>255</G>
                <B>255</B>
                <A>255</A>
            </ColorNormal>
            <ColorPressed>
                <R>255</R>
                <G>255</G>
                <B>255</B>
                <A>255</A>
            </ColorPressed>
            <ColorHighlit>
                <R>255</R>
                <G>255</G>
                <B>255</B>
                <A>255</A>
            </ColorHighlit>
            <ColorDisabled>
                <R>255</R>
                <G>255</G>
                <B>255</B>
                <A>255</A>
            </ColorDisabled>
        </Font>
        <Texture>
            <TextureName></TextureName>
            <Normal>
                <X>0</X>
                <Y>0</Y>
            </Normal>
            <Pressed>
                <X>0</X>
                <Y>0</Y>
            </Pressed>
            <NormalHighlit>
                <X>0</X>
                <Y>0</Y>
            </NormalHighlit>
            <PressedHighlit>
                <X>0</X>
                <Y>0</Y>
            </PressedHighlit>
            <Disabled>
                <X>0</X>
                <Y>0</Y>
            </Disabled>
        </Texture>
    </ButtonTemplate>


    <WindowTemplate>
        <Name>mini_group</Name>
        <WindowId>MiniGroup</WindowId>
        <CloseButton>false</CloseButton>
        <MoveButton>false</MoveButton>
        <TopRightResizeButton>false</TopRightResizeButton>
        <BottomRightResizeButton>false</BottomRightResizeButton>
        <BottomLeftResizeButton>false</BottomLeftResizeButton>
        <ResizeButtonOffsetX>0</ResizeButtonOffsetX>
        <ResizeButtonOffsetY>0</ResizeButtonOffsetY>
        <TitleWidth>0</TitleWidth>
        <TitleHeight>0</TitleHeight>
        <Width>380</Width>
        <Height>60</Height>
        <ResizeableWidth>0</ResizeableWidth>
        <ResizeableHeight>0</ResizeableHeight>
        <ResizeableTwoWayWidth>0</ResizeableTwoWayWidth>
        <ResizeableTwoWayHeight>0</ResizeableTwoWayHeight>
        <MinWidth>380</MinWidth>
        <MinHeight>60</MinHeight>
        <ContextTemplateName></ContextTemplateName>


        <!-- BG Controls -->


        <StatusIconDef>
            <ControlId>member_0_health</ControlId>
            <Position>
                <X>18</X>
                <Y>4</Y>
            </Position>
            <TemplateName>g_reverse_red_bar</TemplateName>
            <AdapterName>group_health0</AdapterName>
        </StatusIconDef>


        <VerticalStatusbarDef>
            <ControlId>member_0_power</ControlId>
            <Position>
                <X>2</X>
                <Y>4</Y>
            </Position>
            <Alignment>
                <TopLeft>true</TopLeft>
            </Alignment>
            <TemplateName>g_vstatus_yellow</TemplateName>
            <AdapterName>group_power0</AdapterName>
            <Height>26</Height>
            <DontDrawWhenZero>false</DontDrawWhenZero>
        </VerticalStatusbarDef>


        <VerticalStatusbarDef>
            <ControlId>member_0_endurance_top</ControlId>
            <Position>
                <X>10</X>
                <Y>4</Y>
            </Position>
            <Alignment>
                <TopLeft>true</TopLeft>
            </Alignment>
            <TemplateName>g_vstatus_greentop</TemplateName>
            <AdapterName>group_endurance0</AdapterName>
            <Height>26</Height>
            <DontDrawWhenZero>true</DontDrawWhenZero>
        </VerticalStatusbarDef>


        <VerticalStatusbarDef>
            <ControlId>member_0_endurance</ControlId>
            <Position>
                <X>10</X>
                <Y>4</Y>
            </Position>
            <Alignment>
                <TopLeft>true</TopLeft>
            </Alignment>
            <TemplateName>g_vstatus_green</TemplateName>
            <AdapterName>group_endurance0</AdapterName>
            <Height>26</Height>
            <DontDrawWhenZero>false</DontDrawWhenZero>
        </VerticalStatusbarDef>


        <LabelDef>
            <ControlId>member_0_label</ControlId>
            <Position>
                <X>24</X>
                <Y>9</Y>
            </Position>
            <Alignment>
                <TopLeft>true</TopLeft>
            </Alignment>
            <Color>
                <R>255</R>
                <G>255</G>
                <B>255</B>
                <A>0</A>
            </Color>
            <FontName>arial9ds</FontName>
            <Width>76</Width>
            <Height>12</Height>
            <MaxCharacters>9</MaxCharacters>
            <Data>group0</Data>
            <ColorAdapter>group_color0</ColorAdapter>
            <Adapter>group_name0</Adapter>
        </LabelDef>


        <LabelDef>
            <ControlId>class0</ControlId>
            <Position>
                <X>42</X>
                <Y>19</Y>
            </Position>
            <Alignment>
                <TopLeft>true</TopLeft>
            </Alignment>
            <Color>
                <R>153</R>
                <G>153</G>
                <B>153</B>
                <A>155</A>
            </Color>
            <FontName>arial9</FontName>
            <Width>76</Width>
            <Height>12</Height>
            <MaxCharacters>6</MaxCharacters>
            <Adapter>group_class0</Adapter>
        </LabelDef>


        <InvisibleButtonDef>
            <ControlId>member_0_clickarea</ControlId>
            <Position>
                <X>18</X>
                <Y>4</Y>
            </Position>
            <Alignment>
                <TopLeft>true</TopLeft>
            </Alignment>
            <Label></Label>
            <OnClickEvent>SelectGroupMember0</OnClickEvent>
            <Width>85</Width>
            <Height>25</Height>
        </InvisibleButtonDef>


        <StatusIconDef>
            <ControlId>member_1_health</ControlId>
            <Position>
                <X>112</X>
                <Y>4</Y>
            </Position>
            <TemplateName>g_reverse_red_bar</TemplateName>
            <AdapterName>group_health1</AdapterName>
        </StatusIconDef>


        <VerticalStatusbarDef>
            <ControlId>member_1_power</ControlId>
            <Position>
                <X>96</X>
                <Y>4</Y>
            </Position>
            <Alignment>
                <TopLeft>true</TopLeft>
            </Alignment>
            <TemplateName>g_vstatus_yellow</TemplateName>
            <AdapterName>group_power1</AdapterName>
            <Height>26</Height>
            <DontDrawWhenZero>false</DontDrawWhenZero>
        </VerticalStatusbarDef>


        <VerticalStatusbarDef>
            <ControlId>member_1_endurance_top</ControlId>
            <Position>
                <X>104</X>
                <Y>4</Y>
            </Position>
            <Alignment>
                <TopLeft>true</TopLeft>
            </Alignment>
            <TemplateName>g_vstatus_greentop</TemplateName>
            <AdapterName>group_endurance1</AdapterName>
            <Height>26</Height>
            <DontDrawWhenZero>true</DontDrawWhenZero>
        </VerticalStatusbarDef>


        <VerticalStatusbarDef>
            <ControlId>member_1_endurance</ControlId>
            <Position>
                <X>104</X>
                <Y>4</Y>
            </Position>
            <Alignment>
                <TopLeft>true</TopLeft>
            </Alignment>
            <TemplateName>g_vstatus_green</TemplateName>
            <AdapterName>group_endurance1</AdapterName>
            <Height>26</Height>
            <DontDrawWhenZero>false</DontDrawWhenZero>
        </VerticalStatusbarDef>


        <LabelDef>
            <ControlId>member_1_label</ControlId>
            <Position>
                <X>118</X>
                <Y>9</Y>
            </Position>
            <Alignment>
                <TopLeft>true</TopLeft>
            </Alignment>
            <Color>
                <R>255</R>
                <G>255</G>
                <B>255</B>
                <A>0</A>
            </Color>
            <FontName>arial9ds</FontName>
            <Width>76</Width>
            <Height>12</Height>
            <MaxCharacters>9</MaxCharacters>
            <Data>group1</Data>
            <ColorAdapter>group_color1</ColorAdapter>
            <Adapter>group_name1</Adapter>
        </LabelDef>


        <LabelDef>
            <ControlId>class1</ControlId>
            <Position>
                <X>136</X>
                <Y>19</Y>
            </Position>
            <Alignment>
                <TopLeft>true</TopLeft>
            </Alignment>
            <Color>
                <R>153</R>
                <G>153</G>
                <B>153</B>
                <A>155</A>
            </Color>
            <FontName>arial9</FontName>
            <Width>76</Width>
            <Height>12</Height>
            <MaxCharacters>6</MaxCharacters>
            <Adapter>group_class1</Adapter>
        </LabelDef>


        <InvisibleButtonDef>
            <ControlId>member_1_clickarea</ControlId>
            <Position>
                <X>112</X>
                <Y>4</Y>
            </Position>
            <Alignment>
                <TopLeft>true</TopLeft>
            </Alignment>
            <Label></Label>
            <OnClickEvent>SelectGroupMember1</OnClickEvent>
            <Width>85</Width>
            <Height>25</Height>
        </InvisibleButtonDef>


        <StatusIconDef>
            <ControlId>member_2_health</ControlId>
            <Position>
                <X>206</X>
                <Y>4</Y>
            </Position>
            <TemplateName>g_reverse_red_bar</TemplateName>
            <AdapterName>group_health2</AdapterName>
        </StatusIconDef>


        <VerticalStatusbarDef>
            <ControlId>member_2_power</ControlId>
            <Position>
                <X>190</X>
                <Y>4</Y>
            </Position>
            <Alignment>
                <TopLeft>true</TopLeft>
            </Alignment>
            <TemplateName>g_vstatus_yellow</TemplateName>
            <AdapterName>group_power2</AdapterName>
            <Height>26</Height>
            <DontDrawWhenZero>false</DontDrawWhenZero>
        </VerticalStatusbarDef>


        <VerticalStatusbarDef>
            <ControlId>member_2_endurance_top</ControlId>
            <Position>
                <X>198</X>
                <Y>4</Y>
            </Position>
            <Alignment>
                <TopLeft>true</TopLeft>
            </Alignment>
            <TemplateName>g_vstatus_greentop</TemplateName>
            <AdapterName>group_endurance2</AdapterName>
            <Height>26</Height>
            <DontDrawWhenZero>true</DontDrawWhenZero>
        </VerticalStatusbarDef>


        <VerticalStatusbarDef>
            <ControlId>member_2_endurance</ControlId>
            <Position>
                <X>198</X>
                <Y>4</Y>
            </Position>
            <Alignment>
                <TopLeft>true</TopLeft>
            </Alignment>
            <TemplateName>g_vstatus_green</TemplateName>
            <AdapterName>group_endurance2</AdapterName>
            <Height>26</Height>
            <DontDrawWhenZero>false</DontDrawWhenZero>
        </VerticalStatusbarDef>


        <LabelDef>
            <ControlId>member_2_label</ControlId>
            <Position>
                <X>212</X>
                <Y>9</Y>
            </Position>
            <Alignment>
                <TopLeft>true</TopLeft>
            </Alignment>
            <Color>
                <R>255</R>
                <G>255</G>
                <B>255</B>
                <A>0</A>
            </Color>
            <FontName>arial9ds</FontName>
            <Width>76</Width>
            <Height>12</Height>
            <MaxCharacters>9</MaxCharacters>
            <Data>group2</Data>
            <ColorAdapter>group_color2</ColorAdapter>
            <Adapter>group_name2</Adapter>
        </LabelDef>


        <LabelDef>
            <ControlId>class2</ControlId>
            <Position>
                <X>228</X>
                <Y>19</Y>
            </Position>
            <Alignment>
                <TopLeft>true</TopLeft>
            </Alignment>
            <Color>
                <R>153</R>
                <G>153</G>
                <B>153</B>
                <A>155</A>
            </Color>
            <FontName>arial9</FontName>
            <Width>76</Width>
            <Height>12</Height>
            <MaxCharacters>6</MaxCharacters>
            <Adapter>group_class2</Adapter>
        </LabelDef>


        <InvisibleButtonDef>
            <ControlId>member_2_clickarea</ControlId>
            <Position>
                <X>206</X>
                <Y>4</Y>
            </Position>
            <Alignment>
                <TopLeft>true</TopLeft>
            </Alignment>
            <Label></Label>
            <OnClickEvent>SelectGroupMember2</OnClickEvent>
            <Width>85</Width>
            <Height>25</Height>
        </InvisibleButtonDef>


        <StatusIconDef>
            <ControlId>member_3_health</ControlId>
            <Position>
                <X>300</X>
                <Y>4</Y>
            </Position>
            <TemplateName>g_reverse_red_bar</TemplateName>
            <AdapterName>group_health3</AdapterName>
        </StatusIconDef>


        <VerticalStatusbarDef>
            <ControlId>member_3_power</ControlId>
            <Position>
                <X>284</X>
                <Y>4</Y>
            </Position>
            <Alignment>
                <TopLeft>true</TopLeft>
            </Alignment>
            <TemplateName>g_vstatus_yellow</TemplateName>
            <AdapterName>group_power3</AdapterName>
            <Height>26</Height>
            <DontDrawWhenZero>false</DontDrawWhenZero>
        </VerticalStatusbarDef>


        <VerticalStatusbarDef>
            <ControlId>member_3_endurance_top</ControlId>
            <Position>
                <X>292</X>
                <Y>4</Y>
            </Position>
            <Alignment>
                <TopLeft>true</TopLeft>
            </Alignment>
            <TemplateName>g_vstatus_greentop</TemplateName>
            <AdapterName>group_endurance3</AdapterName>
            <Height>26</Height>
            <DontDrawWhenZero>true</DontDrawWhenZero>
        </VerticalStatusbarDef>


        <VerticalStatusbarDef>
            <ControlId>member_3_endurance</ControlId>
            <Position>
                <X>292</X>
                <Y>4</Y>
            </Position>
            <Alignment>
                <TopLeft>true</TopLeft>
            </Alignment>
            <TemplateName>g_vstatus_green</TemplateName>
            <AdapterName>group_endurance3</AdapterName>
            <Height>26</Height>
            <DontDrawWhenZero>false</DontDrawWhenZero>
        </VerticalStatusbarDef>


        <LabelDef>
            <ControlId>member_3_label</ControlId>
            <Position>
                <X>306</X>
                <Y>9</Y>
            </Position>
            <Alignment>
                <TopLeft>true</TopLeft>
            </Alignment>
            <Color>
                <R>255</R>
                <G>255</G>
                <B>255</B>
                <A>0</A>
            </Color>
            <FontName>arial9ds</FontName>
            <Width>76</Width>
            <Height>12</Height>
            <MaxCharacters>9</MaxCharacters>
            <Data>group3</Data>
            <ColorAdapter>group_color3</ColorAdapter>
            <Adapter>group_name3</Adapter>
        </LabelDef>


        <LabelDef>
            <ControlId>class3</ControlId>
            <Position>
                <X>320</X>
                <Y>19</Y>
            </Position>
            <Alignment>
                <TopLeft>true</TopLeft>
            </Alignment>
            <Color>
                <R>153</R>
                <G>153</G>
                <B>153</B>
                <A>155</A>
            </Color>
            <FontName>arial9</FontName>
            <Width>76</Width>
            <Height>12</Height>
            <MaxCharacters>6</MaxCharacters>
            <Adapter>group_class3</Adapter>
        </LabelDef>


        <InvisibleButtonDef>
            <ControlId>member_3_clickarea</ControlId>
            <Position>
                <X>300</X>
                <Y>4</Y>
            </Position>
            <Alignment>
                <TopLeft>true</TopLeft>
            </Alignment>
            <Label></Label>
            <OnClickEvent>SelectGroupMember3</OnClickEvent>
            <Width>85</Width>
            <Height>25</Height>
        </InvisibleButtonDef>


        <StatusIconDef>
            <ControlId>member_4_health</ControlId>
            <Position>
                <X>18</X>
                <Y>32</Y>
            </Position>
            <TemplateName>g_reverse_red_bar</TemplateName>
            <AdapterName>group_health4</AdapterName>
        </StatusIconDef>


        <VerticalStatusbarDef>
            <ControlId>member_4_power</ControlId>
            <Position>
                <X>2</X>
                <Y>32</Y>
            </Position>
            <Alignment>
                <TopLeft>true</TopLeft>
            </Alignment>
            <TemplateName>g_vstatus_yellow</TemplateName>
            <AdapterName>group_power4</AdapterName>
            <Height>26</Height>
            <DontDrawWhenZero>false</DontDrawWhenZero>
        </VerticalStatusbarDef>


        <VerticalStatusbarDef>
            <ControlId>member_4_endurance_top</ControlId>
            <Position>
                <X>10</X>
                <Y>32</Y>
            </Position>
            <Alignment>
                <TopLeft>true</TopLeft>
            </Alignment>
            <TemplateName>g_vstatus_greentop</TemplateName>
            <AdapterName>group_endurance4</AdapterName>
            <Height>26</Height>
            <DontDrawWhenZero>true</DontDrawWhenZero>
        </VerticalStatusbarDef>


        <VerticalStatusbarDef>
            <ControlId>member_4_endurance</ControlId>
            <Position>
                <X>10</X>
                <Y>32</Y>
            </Position>
            <Alignment>
                <TopLeft>true</TopLeft>
            </Alignment>
            <TemplateName>g_vstatus_green</TemplateName>
            <AdapterName>group_endurance4</AdapterName>
            <Height>26</Height>
            <DontDrawWhenZero>false</DontDrawWhenZero>
        </VerticalStatusbarDef>


        <LabelDef>
            <ControlId>member_4_label</ControlId>
            <Position>
                <X>24</X>
                <Y>37</Y>
            </Position>
            <Alignment>
                <TopLeft>true</TopLeft>
            </Alignment>
            <Color>
                <R>255</R>
                <G>255</G>
                <B>255</B>
                <A>0</A>
            </Color>
            <FontName>arial9ds</FontName>
            <Width>76</Width>
            <Height>12</Height>
            <MaxCharacters>9</MaxCharacters>
            <Data>group4</Data>
            <ColorAdapter>group_color4</ColorAdapter>
            <Adapter>group_name4</Adapter>
        </LabelDef>


        <LabelDef>
            <ControlId>class4</ControlId>
            <Position>
                <X>42</X>
                <Y>47</Y>
            </Position>
            <Alignment>
                <TopLeft>true</TopLeft>
            </Alignment>
            <Color>
                <R>153</R>
                <G>153</G>
                <B>153</B>
                <A>155</A>
            </Color>
            <FontName>arial9</FontName>
            <Width>76</Width>
            <Height>12</Height>
            <MaxCharacters>6</MaxCharacters>
            <Adapter>group_class4</Adapter>
        </LabelDef>


        <InvisibleButtonDef>
            <ControlId>member_4_clickarea</ControlId>
            <Position>
                <X>18</X>
                <Y>32</Y>
            </Position>
            <Alignment>
                <TopLeft>true</TopLeft>
            </Alignment>
            <Label></Label>
            <OnClickEvent>SelectGroupMember4</OnClickEvent>
            <Width>85</Width>
            <Height>25</Height>
        </InvisibleButtonDef>


        <StatusIconDef>
            <ControlId>member_5_health</ControlId>
            <Position>
                <X>112</X>
                <Y>32</Y>
            </Position>
            <TemplateName>g_reverse_red_bar</TemplateName>
            <AdapterName>group_health5</AdapterName>
        </StatusIconDef>


        <VerticalStatusbarDef>
            <ControlId>member_5_power</ControlId>
            <Position>
                <X>96</X>
                <Y>32</Y>
            </Position>
            <Alignment>
                <TopLeft>true</TopLeft>
            </Alignment>
            <TemplateName>g_vstatus_yellow</TemplateName>
            <AdapterName>group_power5</AdapterName>
            <Height>26</Height>
            <DontDrawWhenZero>false</DontDrawWhenZero>
        </VerticalStatusbarDef>


        <VerticalStatusbarDef>
            <ControlId>member_5_endurance_top</ControlId>
            <Position>
                <X>104</X>
                <Y>32</Y>
            </Position>
            <Alignment>
                <TopLeft>true</TopLeft>
            </Alignment>
            <TemplateName>g_vstatus_greentop</TemplateName>
            <AdapterName>group_endurance5</AdapterName>
            <Height>26</Height>
            <DontDrawWhenZero>true</DontDrawWhenZero>
        </VerticalStatusbarDef>


        <VerticalStatusbarDef>
            <ControlId>member_5_endurance</ControlId>
            <Position>
                <X>104</X>
                <Y>32</Y>
            </Position>
            <Alignment>
                <TopLeft>true</TopLeft>
            </Alignment>
            <TemplateName>g_vstatus_green</TemplateName>
            <AdapterName>group_endurance5</AdapterName>
            <Height>26</Height>
            <DontDrawWhenZero>false</DontDrawWhenZero>
        </VerticalStatusbarDef>


        <LabelDef>
            <ControlId>member_5_label</ControlId>
            <Position>
                <X>118</X>
                <Y>37</Y>
            </Position>
            <Alignment>
                <TopLeft>true</TopLeft>
            </Alignment>
            <Color>
                <R>255</R>
                <G>255</G>
                <B>255</B>
                <A>0</A>
            </Color>
            <FontName>arial9ds</FontName>
            <Width>76</Width>
            <Height>12</Height>
            <MaxCharacters>9</MaxCharacters>
            <Data>group5</Data>
            <ColorAdapter>group_color5</ColorAdapter>
            <Adapter>group_name5</Adapter>
        </LabelDef>


        <LabelDef>
            <ControlId>class5</ControlId>
            <Position>
                <X>136</X>
                <Y>47</Y>
            </Position>
            <Alignment>
                <TopLeft>true</TopLeft>
            </Alignment>
            <Color>
                <R>153</R>
                <G>153</G>
                <B>153</B>
                <A>155</A>
            </Color>
            <FontName>arial9</FontName>
            <Width>76</Width>
            <Height>12</Height>
            <MaxCharacters>6</MaxCharacters>
            <Adapter>group_class5</Adapter>
        </LabelDef>


        <InvisibleButtonDef>
            <ControlId>member_5_clickarea</ControlId>
            <Position>
                <X>112</X>
                <Y>32</Y>
            </Position>
            <Alignment>
                <TopLeft>true</TopLeft>
            </Alignment>
            <Label></Label>
            <OnClickEvent>SelectGroupMember5</OnClickEvent>
            <Width>85</Width>
            <Height>25</Height>
        </InvisibleButtonDef>


        <StatusIconDef>
            <ControlId>member_6_health</ControlId>
            <Position>
                <X>206</X>
                <Y>32</Y>
            </Position>
            <TemplateName>g_reverse_red_bar</TemplateName>
            <AdapterName>group_health6</AdapterName>
        </StatusIconDef>


        <VerticalStatusbarDef>
            <ControlId>member_6_power</ControlId>
            <Position>
                <X>190</X>
                <Y>32</Y>
            </Position>
            <Alignment>
                <TopLeft>true</TopLeft>
            </Alignment>
            <TemplateName>g_vstatus_yellow</TemplateName>
            <AdapterName>group_power6</AdapterName>
            <Height>26</Height>
            <DontDrawWhenZero>false</DontDrawWhenZero>
        </VerticalStatusbarDef>


        <VerticalStatusbarDef>
            <ControlId>member_6_endurance_top</ControlId>
            <Position>
                <X>198</X>
                <Y>32</Y>
            </Position>
            <Alignment>
                <TopLeft>true</TopLeft>
            </Alignment>
            <TemplateName>g_vstatus_greentop</TemplateName>
            <AdapterName>group_endurance6</AdapterName>
            <Height>26</Height>
            <DontDrawWhenZero>true</DontDrawWhenZero>
        </VerticalStatusbarDef>


        <VerticalStatusbarDef>
            <ControlId>member_6_endurance</ControlId>
            <Position>
                <X>198</X>
                <Y>32</Y>
            </Position>
            <Alignment>
                <TopLeft>true</TopLeft>
            </Alignment>
            <TemplateName>g_vstatus_green</TemplateName>
            <AdapterName>group_endurance6</AdapterName>
            <Height>26</Height>
            <DontDrawWhenZero>false</DontDrawWhenZero>
        </VerticalStatusbarDef>


        <LabelDef>
            <ControlId>member_6_label</ControlId>
            <Position>
                <X>212</X>
                <Y>37</Y>
            </Position>
            <Alignment>
                <TopLeft>true</TopLeft>
            </Alignment>
            <Color>
                <R>255</R>
                <G>255</G>
                <B>255</B>
                <A>0</A>
            </Color>
            <FontName>arial9ds</FontName>
            <Width>76</Width>
            <Height>12</Height>
            <MaxCharacters>9</MaxCharacters>
            <Data>group6</Data>
            <ColorAdapter>group_color6</ColorAdapter>
            <Adapter>group_name6</Adapter>
        </LabelDef>


        <LabelDef>
            <ControlId>class6</ControlId>
            <Position>
                <X>228</X>
                <Y>47</Y>
            </Position>
            <Alignment>
                <TopLeft>true</TopLeft>
            </Alignment>
            <Color>
                <R>153</R>
                <G>153</G>
                <B>153</B>
                <A>155</A>
            </Color>
            <FontName>arial9</FontName>
            <Width>76</Width>
            <Height>12</Height>
            <MaxCharacters>6</MaxCharacters>
            <Adapter>group_class6</Adapter>
        </LabelDef>


        <InvisibleButtonDef>
            <ControlId>member_6_clickarea</ControlId>
            <Position>
                <X>206</X>
                <Y>32</Y>
            </Position>
            <Alignment>
                <TopLeft>true</TopLeft>
            </Alignment>
            <Label></Label>
            <OnClickEvent>SelectGroupMember6</OnClickEvent>
            <Width>85</Width>
            <Height>25</Height>
        </InvisibleButtonDef>


        <StatusIconDef>
            <ControlId>member_7_health</ControlId>
            <Position>
                <X>300</X>
                <Y>32</Y>
            </Position>
            <TemplateName>g_reverse_red_bar</TemplateName>
            <AdapterName>group_health7</AdapterName>
        </StatusIconDef>


        <VerticalStatusbarDef>
            <ControlId>member_7_power</ControlId>
            <Position>
                <X>284</X>
                <Y>32</Y>
            </Position>
            <Alignment>
                <TopLeft>true</TopLeft>
            </Alignment>
            <TemplateName>g_vstatus_yellow</TemplateName>
            <AdapterName>group_power7</AdapterName>
            <Height>26</Height>
            <DontDrawWhenZero>false</DontDrawWhenZero>
        </VerticalStatusbarDef>


        <VerticalStatusbarDef>
            <ControlId>member_7_endurance_top</ControlId>
            <Position>
                <X>292</X>
                <Y>32</Y>
            </Position>
            <Alignment>
                <TopLeft>true</TopLeft>
            </Alignment>
            <TemplateName>g_vstatus_greentop</TemplateName>
            <AdapterName>group_endurance7</AdapterName>
            <Height>26</Height>
            <DontDrawWhenZero>true</DontDrawWhenZero>
        </VerticalStatusbarDef>


        <VerticalStatusbarDef>
            <ControlId>member_7_endurance</ControlId>
            <Position>
                <X>292</X>
                <Y>32</Y>
            </Position>
            <Alignment>
                <TopLeft>true</TopLeft>
            </Alignment>
            <TemplateName>g_vstatus_green</TemplateName>
            <AdapterName>group_endurance7</AdapterName>
            <Height>26</Height>
            <DontDrawWhenZero>false</DontDrawWhenZero>
        </VerticalStatusbarDef>


        <LabelDef>
            <ControlId>member_7_label</ControlId>
            <Position>
                <X>306</X>
                <Y>37</Y>
            </Position>
            <Alignment>
                <TopLeft>true</TopLeft>
            </Alignment>
            <Color>
                <R>255</R>
                <G>255</G>
                <B>255</B>
                <A>0</A>
            </Color>
            <FontName>arial9ds</FontName>
            <Width>76</Width>
            <Height>12</Height>
            <MaxCharacters>9</MaxCharacters>
            <Data>group7</Data>
            <ColorAdapter>group_color7</ColorAdapter>
            <Adapter>group_name7</Adapter>
        </LabelDef>


        <LabelDef>
            <ControlId>class7</ControlId>
            <Position>
                <X>320</X>
                <Y>47</Y>
            </Position>
            <Alignment>
                <TopLeft>true</TopLeft>
            </Alignment>
            <Color>
                <R>153</R>
                <G>153</G>
                <B>153</B>
                <A>155</A>
            </Color>
            <FontName>arial9</FontName>
            <Width>76</Width>
            <Height>12</Height>
            <MaxCharacters>6</MaxCharacters>
            <Adapter>group_class7</Adapter>
        </LabelDef>


        <InvisibleButtonDef>
            <ControlId>member_7_clickarea</ControlId>
            <Position>
                <X>300</X>
                <Y>32</Y>
            </Position>
            <Alignment>
                <TopLeft>true</TopLeft>
            </Alignment>
            <Label></Label>
            <OnClickEvent>SelectGroupMember7</OnClickEvent>
            <Width>85</Width>
            <Height>26</Height>
        </InvisibleButtonDef>


        <StatusIconDef>
            <Position>
                <X>18</X>
                <Y>4</Y>
            </Position>
            <Alignment>
                <TopLeft>true</TopLeft>
            </Alignment>
            <TemplateName>health_status_mez2</TemplateName>
            <AdapterName>group_status0</AdapterName>
        </StatusIconDef>


        <StatusIconDef>
            <Position>
                <X>112</X>
                <Y>4</Y>
            </Position>
            <Alignment>
                <TopLeft>true</TopLeft>
            </Alignment>
            <TemplateName>health_status_mez2</TemplateName>
            <AdapterName>group_status1</AdapterName>
        </StatusIconDef>


        <StatusIconDef>
            <Position>
                <X>206</X>
                <Y>4</Y>
            </Position>
            <Alignment>
                <TopLeft>true</TopLeft>
            </Alignment>
            <TemplateName>health_status_mez2</TemplateName>
            <AdapterName>group_status2</AdapterName>
        </StatusIconDef>


        <StatusIconDef>
            <Position>
                <X>300</X>
                <Y>4</Y>
            </Position>
            <Alignment>
                <TopLeft>true</TopLeft>
            </Alignment>
            <TemplateName>health_status_mez2</TemplateName>
            <AdapterName>group_status3</AdapterName>
        </StatusIconDef>


        <StatusIconDef>
            <Position>
                <X>18</X>
                <Y>32</Y>
            </Position>
            <Alignment>
                <TopLeft>true</TopLeft>
            </Alignment>
            <TemplateName>health_status_mez2</TemplateName>
            <AdapterName>group_status4</AdapterName>
        </StatusIconDef>


        <StatusIconDef>
            <Position>
                <X>112</X>
                <Y>32</Y>
            </Position>
            <Alignment>
                <TopLeft>true</TopLeft>
            </Alignment>
            <TemplateName>health_status_mez2</TemplateName>
            <AdapterName>group_status5</AdapterName>
        </StatusIconDef>


        <StatusIconDef>
            <Position>
                <X>206</X>
                <Y>32</Y>
            </Position>
            <Alignment>
                <TopLeft>true</TopLeft>
            </Alignment>
            <TemplateName>health_status_mez2</TemplateName>
            <AdapterName>group_status6</AdapterName>
        </StatusIconDef>


        <StatusIconDef>
            <Position>
                <X>300</X>
                <Y>32</Y>
            </Position>
            <Alignment>
                <TopLeft>true</TopLeft>
            </Alignment>
            <TemplateName>health_status_mez2</TemplateName>
            <AdapterName>group_status7</AdapterName>
        </StatusIconDef>


        <StatusIconDef>
            <Position>
                <X>18</X>
                <Y>4</Y>
            </Position>
            <Alignment>
                <TopLeft>true</TopLeft>
            </Alignment>
            <TemplateName>health_status_diz2</TemplateName>
            <AdapterName>group_status0</AdapterName>
        </StatusIconDef>


        <StatusIconDef>
            <Position>
                <X>112</X>
                <Y>4</Y>
            </Position>
            <Alignment>
                <TopLeft>true</TopLeft>
            </Alignment>
            <TemplateName>health_status_diz2</TemplateName>
            <AdapterName>group_status1</AdapterName>
        </StatusIconDef>


        <StatusIconDef>
            <Position>
                <X>206</X>
                <Y>4</Y>
            </Position>
            <Alignment>
                <TopLeft>true</TopLeft>
            </Alignment>
            <TemplateName>health_status_diz2</TemplateName>
            <AdapterName>group_status2</AdapterName>
        </StatusIconDef>


        <StatusIconDef>
            <Position>
                <X>300</X>
                <Y>4</Y>
            </Position>
            <Alignment>
                <TopLeft>true</TopLeft>
            </Alignment>
            <TemplateName>health_status_diz2</TemplateName>
            <AdapterName>group_status3</AdapterName>
        </StatusIconDef>


        <StatusIconDef>
            <Position>
                <X>18</X>
                <Y>32</Y>
            </Position>
            <Alignment>
                <TopLeft>true</TopLeft>
            </Alignment>
            <TemplateName>health_status_diz2</TemplateName>
            <AdapterName>group_status4</AdapterName>
        </StatusIconDef>


        <StatusIconDef>
            <Position>
                <X>112</X>
                <Y>32</Y>
            </Position>
            <Alignment>
                <TopLeft>true</TopLeft>
            </Alignment>
            <TemplateName>health_status_diz2</TemplateName>
            <AdapterName>group_status5</AdapterName>
        </StatusIconDef>


        <StatusIconDef>
            <Position>
                <X>206</X>
                <Y>32</Y>
            </Position>
            <Alignment>
                <TopLeft>true</TopLeft>
            </Alignment>
            <TemplateName>health_status_diz2</TemplateName>
            <AdapterName>group_status6</AdapterName>
        </StatusIconDef>


        <StatusIconDef>
            <Position>
                <X>300</X>
                <Y>32</Y>
            </Position>
            <Alignment>
                <TopLeft>true</TopLeft>
            </Alignment>
            <TemplateName>health_status_diz2</TemplateName>
            <AdapterName>group_status7</AdapterName>
        </StatusIconDef>


        <StatusIconDef>
            <Position>
                <X>18</X>
                <Y>4</Y>
            </Position>
            <Alignment>
                <TopLeft>true</TopLeft>
            </Alignment>
            <TemplateName>health_status_psn2</TemplateName>
            <AdapterName>group_status0</AdapterName>
        </StatusIconDef>


        <StatusIconDef>
            <Position>
                <X>112</X>
                <Y>4</Y>
            </Position>
            <Alignment>
                <TopLeft>true</TopLeft>
            </Alignment>
            <TemplateName>health_status_psn2</TemplateName>
            <AdapterName>group_status1</AdapterName>
        </StatusIconDef>


        <StatusIconDef>
            <Position>
                <X>206</X>
                <Y>4</Y>
            </Position>
            <Alignment>
                <TopLeft>true</TopLeft>
            </Alignment>
            <TemplateName>health_status_psn2</TemplateName>
            <AdapterName>group_status2</AdapterName>
        </StatusIconDef>


        <StatusIconDef>
            <Position>
                <X>300</X>
                <Y>4</Y>
            </Position>
            <Alignment>
                <TopLeft>true</TopLeft>
            </Alignment>
            <TemplateName>health_status_psn2</TemplateName>
            <AdapterName>group_status3</AdapterName>
        </StatusIconDef>


        <StatusIconDef>
            <Position>
                <X>18</X>
                <Y>32</Y>
            </Position>
            <Alignment>
                <TopLeft>true</TopLeft>
            </Alignment>
            <TemplateName>health_status_psn2</TemplateName>
            <AdapterName>group_status4</AdapterName>
        </StatusIconDef>


        <StatusIconDef>
            <Position>
                <X>112</X>
                <Y>32</Y>
            </Position>
            <Alignment>
                <TopLeft>true</TopLeft>
            </Alignment>
            <TemplateName>health_status_psn2</TemplateName>
            <AdapterName>group_status5</AdapterName>
        </StatusIconDef>


        <StatusIconDef>
            <Position>
                <X>206</X>
                <Y>32</Y>
            </Position>
            <Alignment>
                <TopLeft>true</TopLeft>
            </Alignment>
            <TemplateName>health_status_psn2</TemplateName>
            <AdapterName>group_status6</AdapterName>
        </StatusIconDef>


        <StatusIconDef>
            <Position>
                <X>300</X>
                <Y>32</Y>
            </Position>
            <Alignment>
                <TopLeft>true</TopLeft>
            </Alignment>
            <TemplateName>health_status_psn2</TemplateName>
            <AdapterName>group_status7</AdapterName>
        </StatusIconDef>


        <StatusIconDef>
            <Position>
                <X>18</X>
                <Y>4</Y>
            </Position>
            <Alignment>
                <TopLeft>true</TopLeft>
            </Alignment>
            <TemplateName>health_status_ns2</TemplateName>
            <AdapterName>group_status0</AdapterName>
        </StatusIconDef>


        <StatusIconDef>
            <Position>
                <X>112</X>
                <Y>4</Y>
            </Position>
            <Alignment>
                <TopLeft>true</TopLeft>
            </Alignment>
            <TemplateName>health_status_ns2</TemplateName>
            <AdapterName>group_status1</AdapterName>
        </StatusIconDef>


        <StatusIconDef>
            <Position>
                <X>206</X>
                <Y>4</Y>
            </Position>
            <Alignment>
                <TopLeft>true</TopLeft>
            </Alignment>
            <TemplateName>health_status_ns2</TemplateName>
            <AdapterName>group_status2</AdapterName>
        </StatusIconDef>


        <StatusIconDef>
            <Position>
                <X>300</X>
                <Y>4</Y>
            </Position>
            <Alignment>
                <TopLeft>true</TopLeft>
            </Alignment>
            <TemplateName>health_status_ns2</TemplateName>
            <AdapterName>group_status3</AdapterName>
        </StatusIconDef>


        <StatusIconDef>
            <Position>
                <X>18</X>
                <Y>32</Y>
            </Position>
            <Alignment>
                <TopLeft>true</TopLeft>
            </Alignment>
            <TemplateName>health_status_ns2</TemplateName>
            <AdapterName>group_status4</AdapterName>
        </StatusIconDef>


        <StatusIconDef>
            <Position>
                <X>112</X>
                <Y>32</Y>
            </Position>
            <Alignment>
                <TopLeft>true</TopLeft>
            </Alignment>
            <TemplateName>health_status_ns2</TemplateName>
            <AdapterName>group_status5</AdapterName>
        </StatusIconDef>


        <StatusIconDef>
            <Position>
                <X>206</X>
                <Y>32</Y>
            </Position>
            <Alignment>
                <TopLeft>true</TopLeft>
            </Alignment>
            <TemplateName>health_status_ns2</TemplateName>
            <AdapterName>group_status6</AdapterName>
        </StatusIconDef>


        <StatusIconDef>
            <Position>
                <X>300</X>
                <Y>32</Y>
            </Position>
            <Alignment>
                <TopLeft>true</TopLeft>
            </Alignment>
            <TemplateName>health_status_ns2</TemplateName>
            <AdapterName>group_status7</AdapterName>
        </StatusIconDef>


        <ButtonDef>
            <Position>
                <X>1</X>
                <Y>3</Y>
            </Position>
            <TemplateName>b_bg_mh</TemplateName>
            <OnClickEvent>SelectGroupMember0</OnClickEvent>
        </ButtonDef>


        <ButtonDef>
            <Position>
                <X>1</X>
                <Y>31</Y>
            </Position>
            <TemplateName>b_bg_mh</TemplateName>
            <OnClickEvent>SelectGroupMember4</OnClickEvent>
        </ButtonDef>


        <ButtonDef>
            <Position>
                <X>95</X>
                <Y>3</Y>
            </Position>
            <TemplateName>b_bg_mh</TemplateName>
            <OnClickEvent>SelectGroupMember1</OnClickEvent>
        </ButtonDef>


        <ButtonDef>
            <Position>
                <X>95</X>
                <Y>31</Y>
            </Position>
            <TemplateName>b_bg_mh</TemplateName>
            <OnClickEvent>SelectGroupMember5</OnClickEvent>
        </ButtonDef>


        <ButtonDef>
            <Position>
                <X>189</X>
                <Y>3</Y>
            </Position>
            <TemplateName>b_bg_mh</TemplateName>
            <OnClickEvent>SelectGroupMember2</OnClickEvent>
        </ButtonDef>


        <ButtonDef>
            <Position>
                <X>189</X>
                <Y>31</Y>
            </Position>
            <TemplateName>b_bg_mh</TemplateName>
            <OnClickEvent>SelectGroupMember6</OnClickEvent>
        </ButtonDef>


        <ButtonDef>
            <Position>
                <X>283</X>
                <Y>3</Y>
            </Position>
            <TemplateName>b_bg_mh</TemplateName>
            <OnClickEvent>SelectGroupMember3</OnClickEvent>
        </ButtonDef>


        <ButtonDef>
            <Position>
                <X>283</X>
                <Y>31</Y>
            </Position>
            <TemplateName>b_bg_mh</TemplateName>
            <OnClickEvent>SelectGroupMember7</OnClickEvent>
        </ButtonDef>


    </WindowTemplate>


</Root_Element>
