<?xml version="1.0"?>
<Root_Element ID="DAOCUi">

<!-- @@ Edited with the DAoC User Interface Editor v1.80 -->
<!-- @@ Free download available at http://www.bradtownsend.com/daoced -->


    <StatusIconTemplate>
        <Name>g_reverse_red_bar</Name>
        <TextureName>g_hh_reverse</TextureName>
        <TextureStart>
            <X>181</X>
            <Y>0</Y>
        </TextureStart>
        <Width>75</Width>
        <Height>26</Height>
        <MaxLevels>35</MaxLevels>
        <Horizontal>false</Horizontal>
    </StatusIconTemplate>


    <VerticalResizeImageTemplate>
        <Name>g_vstatus_bg</Name>
        <Width>7</Width>
        <TopHeight>0</TopHeight>
        <RepeatHeight>26</RepeatHeight>
        <BottomHeight>0</BottomHeight>
        <Texture>
            <TextureName>g_hh_reverse</TextureName>
            <Top>
                <X>0</X>
                <Y>0</Y>
            </Top>
            <Repeat>
                <X>0</X>
                <Y>0</Y>
            </Repeat>
            <Bottom>
                <X>0</X>
                <Y>0</Y>
            </Bottom>
        </Texture>
    </VerticalResizeImageTemplate>


    <VerticalResizeImageTemplate>
        <Name>g_vstatus_bg_greentop</Name>
        <Width>7</Width>
        <TopHeight>0</TopHeight>
        <RepeatHeight>26</RepeatHeight>
        <BottomHeight>0</BottomHeight>
        <Texture>
            <TextureName>g_hh_reverse</TextureName>
            <Top>
                <X>0</X>
                <Y>0</Y>
            </Top>
            <Repeat>
                <X>24</X>
                <Y>0</Y>
            </Repeat>
            <Bottom>
                <X>0</X>
                <Y>0</Y>
            </Bottom>
        </Texture>
    </VerticalResizeImageTemplate>


    <VerticalResizeImageTemplate>
        <Name>g_vstatus_fg_green</Name>
        <Width>7</Width>
        <TopHeight>0</TopHeight>
        <RepeatHeight>26</RepeatHeight>
        <BottomHeight>0</BottomHeight>
        <Texture>
            <TextureName>g_hh_reverse</TextureName>
            <Top>
                <X>0</X>
                <Y>0</Y>
            </Top>
            <Repeat>
                <X>8</X>
                <Y>0</Y>
            </Repeat>
            <Bottom>
                <X>0</X>
                <Y>0</Y>
            </Bottom>
        </Texture>
    </VerticalResizeImageTemplate>


    <VerticalResizeImageTemplate>
        <Name>g_vstatus_fg_yellow</Name>
        <Width>7</Width>
        <TopHeight>0</TopHeight>
        <RepeatHeight>26</RepeatHeight>
        <BottomHeight>0</BottomHeight>
        <Texture>
            <TextureName>g_hh_reverse</TextureName>
            <Top>
                <X>0</X>
                <Y>0</Y>
            </Top>
            <Repeat>
                <X>16</X>
                <Y>0</Y>
            </Repeat>
            <Bottom>
                <X>0</X>
                <Y>0</Y>
            </Bottom>
        </Texture>
    </VerticalResizeImageTemplate>


    <VerticalStatusBarTemplate>
        <Name>g_vstatus_greentop</Name>
        <ForegroundImage>g_vstatus_bg</ForegroundImage>
        <BackgroundImage>g_vstatus_bg_greentop</BackgroundImage>
        <Width>7</Width>
        <ForegroundOffset>
            <X>0</X>
            <Y>0</Y>
        </ForegroundOffset>
    </VerticalStatusBarTemplate>


    <VerticalStatusBarTemplate>
        <Name>g_vstatus_green</Name>
        <ForegroundImage>g_vstatus_fg_green</ForegroundImage>
        <BackgroundImage>g_vstatus_bg</BackgroundImage>
        <Width>7</Width>
        <ForegroundOffset>
            <X>0</X>
            <Y>0</Y>
        </ForegroundOffset>
    </VerticalStatusBarTemplate>


    <VerticalStatusBarTemplate>
        <Name>g_vstatus_yellow</Name>
        <ForegroundImage>g_vstatus_fg_yellow</ForegroundImage>
        <BackgroundImage>g_vstatus_bg</BackgroundImage>
        <Width>7</Width>
        <ForegroundOffset>
            <X>0</X>
            <Y>0</Y>
        </ForegroundOffset>
    </VerticalStatusBarTemplate>


    <ButtonTemplate>
        <Name></Name>
        <Size>
            <X>0</X>
            <Y>0</Y>
        </Size>
        <Font>
            <Name>arial9</Name>
            <ColorNormal>
                <R>255</R>
                <G>255</G>
                <B>255</B>
                <A>255</A>
            </ColorNormal>
            <ColorPressed>
                <R>255</R>
                <G>255</G>
                <B>255</B>
                <A>255</A>
            </ColorPressed>
            <ColorHighlit>
                <R>255</R>
                <G>255</G>
                <B>255</B>
                <A>255</A>
            </ColorHighlit>
            <ColorDisabled>
                <R>255</R>
                <G>255</G>
                <B>255</B>
                <A>255</A>
            </ColorDisabled>
        </Font>
        <Texture>
            <TextureName></TextureName>
            <Normal>
                <X>0</X>
                <Y>0</Y>
            </Normal>
            <Pressed>
                <X>0</X>
                <Y>0</Y>
            </Pressed>
            <NormalHighlit>
                <X>0</X>
                <Y>0</Y>
            </NormalHighlit>
            <PressedHighlit>
                <X>0</X>
                <Y>0</Y>
            </PressedHighlit>
            <Disabled>
                <X>0</X>
                <Y>0</Y>
            </Disabled>
        </Texture>
    </ButtonTemplate>


    <WindowTemplate>
        <Name>mini_group</Name>
        <WindowId>MiniGroup</WindowId>
        <CloseButton>false</CloseButton>
        <MoveButton>false</MoveButton>
        <TopRightResizeButton>false</TopRightResizeButton>
        <BottomRightResizeButton>false</BottomRightResizeButton>
        <BottomLeftResizeButton>false</BottomLeftResizeButton>
        <ResizeButtonOffsetX>0</ResizeButtonOffsetX>
        <ResizeButtonOffsetY>0</ResizeButtonOffsetY>
        <TitleWidth>0</TitleWidth>
        <TitleHeight>0</TitleHeight>
        <Width>185</Width>
        <Height>158</Height>
        <ResizeableWidth>0</ResizeableWidth>
        <ResizeableHeight>0</ResizeableHeight>
        <ResizeableTwoWayWidth>0</ResizeableTwoWayWidth>
        <ResizeableTwoWayHeight>0</ResizeableTwoWayHeight>
        <MinWidth>0</MinWidth>
        <MinHeight>0</MinHeight>
        <ContextTemplateName></ContextTemplateName>


        <!--group member 0-->


        <StatusBarDef>
            <Position>
                <X>0</X>
                <Y>0</Y>
            </Position>
            <Alignment>
                <TopLeft>true</TopLeft>
            </Alignment>
            <TemplateName>b_bar_health_smallred</TemplateName>
            <AdapterName>group_health0</AdapterName>
            <Width>187</Width>
        </StatusBarDef>


        <StatusBarDef>
            <Position>
                <X>0</X>
                <Y>12</Y>
            </Position>
            <Alignment>
                <TopLeft>true</TopLeft>
            </Alignment>
            <TemplateName>b_bar_endo_smallgreen</TemplateName>
            <AdapterName>group_endurance0</AdapterName>
            <Width>94</Width>
        </StatusBarDef>


        <StatusBarDef>
            <Position>
                <X>93</X>
                <Y>12</Y>
            </Position>
            <Alignment>
                <TopLeft>true</TopLeft>
            </Alignment>
            <TemplateName>b_bar_power_smallyellow</TemplateName>
            <AdapterName>group_power0</AdapterName>
            <Width>94</Width>
        </StatusBarDef>


        <LabelDef>
            <Position>
                <X>23</X>
                <Y>1</Y>
            </Position>
            <Alignment>
                <TopLeft>true</TopLeft>
            </Alignment>
            <Color>
                <R>208</R>
                <G>228</G>
                <B>229</B>
                <A>200</A>
            </Color>
            <FontName>arial9</FontName>
            <Width>77</Width>
            <Height>18</Height>
            <MaxCharacters>32</MaxCharacters>
            <ColorAdapter>group_color0</ColorAdapter>
            <Adapter>group_name0</Adapter>
        </LabelDef>


        <LabelDef>
            <Position>
                <X>129</X>
                <Y>1</Y>
            </Position>
            <Alignment>
                <TopLeft>true</TopLeft>
            </Alignment>
            <Color>
                <R>208</R>
                <G>228</G>
                <B>229</B>
                <A>255</A>
            </Color>
            <FontName>arial9</FontName>
            <Width>50</Width>
            <Height>18</Height>
            <MaxCharacters>32</MaxCharacters>
            <Adapter>group_class0</Adapter>
        </LabelDef>


        <ScalarLabelDef>
            <ControlId>2000</ControlId>
            <Position>
                <X>6</X>
                <Y>1</Y>
            </Position>
            <Alignment>
                <TopLeft>true</TopLeft>
            </Alignment>
            <FontName>arial9</FontName>
            <Width>64</Width>
            <Height>16</Height>
            <MaxCharacters>16</MaxCharacters>
            <Color>
                <R>208</R>
                <G>228</G>
                <B>229</B>
                <A>255</A>
            </Color>
            <Adapter>group_level0</Adapter>
        </ScalarLabelDef>


        <InvisibleButtonDef>
            <Position>
                <X>0</X>
                <Y>0</Y>
            </Position>
            <Alignment>
                <TopLeft>true</TopLeft>
            </Alignment>
            <Label></Label>
            <OnClickEvent>SelectGroupMember0</OnClickEvent>
            <Width>185</Width>
            <Height>19</Height>
        </InvisibleButtonDef>


        <!--group member 1-->


        <StatusBarDef>
            <Position>
                <X>0</X>
                <Y>20</Y>
            </Position>
            <Alignment>
                <TopLeft>true</TopLeft>
            </Alignment>
            <TemplateName>b_bar_health_smallred</TemplateName>
            <AdapterName>group_health1</AdapterName>
            <Width>187</Width>
        </StatusBarDef>


        <StatusBarDef>
            <Position>
                <X>0</X>
                <Y>32</Y>
            </Position>
            <Alignment>
                <TopLeft>true</TopLeft>
            </Alignment>
            <TemplateName>b_bar_endo_smallgreen</TemplateName>
            <AdapterName>group_endurance1</AdapterName>
            <Width>94</Width>
        </StatusBarDef>


        <StatusBarDef>
            <Position>
                <X>93</X>
                <Y>32</Y>
            </Position>
            <Alignment>
                <TopLeft>true</TopLeft>
            </Alignment>
            <TemplateName>b_bar_power_smallyellow</TemplateName>
            <AdapterName>group_power1</AdapterName>
            <Width>94</Width>
        </StatusBarDef>


        <LabelDef>
            <Position>
                <X>23</X>
                <Y>21</Y>
            </Position>
            <Alignment>
                <TopLeft>true</TopLeft>
            </Alignment>
            <Color>
                <R>208</R>
                <G>228</G>
                <B>229</B>
                <A>200</A>
            </Color>
            <FontName>arial9</FontName>
            <Width>77</Width>
            <Height>18</Height>
            <MaxCharacters>32</MaxCharacters>
            <ColorAdapter>group_color1</ColorAdapter>
            <Adapter>group_name1</Adapter>
        </LabelDef>


        <LabelDef>
            <Position>
                <X>129</X>
                <Y>21</Y>
            </Position>
            <Alignment>
                <TopLeft>true</TopLeft>
            </Alignment>
            <Color>
                <R>208</R>
                <G>228</G>
                <B>229</B>
                <A>255</A>
            </Color>
            <FontName>arial9</FontName>
            <Width>50</Width>
            <Height>18</Height>
            <MaxCharacters>32</MaxCharacters>
            <Adapter>group_class1</Adapter>
        </LabelDef>


        <ScalarLabelDef>
            <ControlId>2001</ControlId>
            <Position>
                <X>6</X>
                <Y>21</Y>
            </Position>
            <Alignment>
                <TopLeft>true</TopLeft>
            </Alignment>
            <FontName>arial9</FontName>
            <Width>64</Width>
            <Height>16</Height>
            <MaxCharacters>16</MaxCharacters>
            <Color>
                <R>208</R>
                <G>228</G>
                <B>229</B>
                <A>255</A>
            </Color>
            <Adapter>group_level1</Adapter>
        </ScalarLabelDef>


        <InvisibleButtonDef>
            <Position>
                <X>0</X>
                <Y>20</Y>
            </Position>
            <Alignment>
                <TopLeft>true</TopLeft>
            </Alignment>
            <Label></Label>
            <OnClickEvent>SelectGroupMember1</OnClickEvent>
            <Width>185</Width>
            <Height>19</Height>
        </InvisibleButtonDef>


        <!--group member 2-->


        <StatusBarDef>
            <Position>
                <X>0</X>
                <Y>40</Y>
            </Position>
            <Alignment>
                <TopLeft>true</TopLeft>
            </Alignment>
            <TemplateName>b_bar_health_smallred</TemplateName>
            <AdapterName>group_health2</AdapterName>
            <Width>187</Width>
        </StatusBarDef>


        <StatusBarDef>
            <Position>
                <X>0</X>
                <Y>52</Y>
            </Position>
            <Alignment>
                <TopLeft>true</TopLeft>
            </Alignment>
            <TemplateName>b_bar_endo_smallgreen</TemplateName>
            <AdapterName>group_endurance2</AdapterName>
            <Width>94</Width>
        </StatusBarDef>


        <StatusBarDef>
            <Position>
                <X>93</X>
                <Y>52</Y>
            </Position>
            <Alignment>
                <TopLeft>true</TopLeft>
            </Alignment>
            <TemplateName>b_bar_power_smallyellow</TemplateName>
            <AdapterName>group_power2</AdapterName>
            <Width>94</Width>
        </StatusBarDef>


        <LabelDef>
            <Position>
                <X>23</X>
                <Y>41</Y>
            </Position>
            <Alignment>
                <TopLeft>true</TopLeft>
            </Alignment>
            <Color>
                <R>208</R>
                <G>228</G>
                <B>229</B>
                <A>200</A>
            </Color>
            <FontName>arial9</FontName>
            <Width>77</Width>
            <Height>18</Height>
            <MaxCharacters>32</MaxCharacters>
            <ColorAdapter>group_color2</ColorAdapter>
            <Adapter>group_name2</Adapter>
        </LabelDef>


        <LabelDef>
            <Position>
                <X>129</X>
                <Y>41</Y>
            </Position>
            <Alignment>
                <TopLeft>true</TopLeft>
            </Alignment>
            <Color>
                <R>208</R>
                <G>228</G>
                <B>229</B>
                <A>255</A>
            </Color>
            <FontName>arial9</FontName>
            <Width>50</Width>
            <Height>18</Height>
            <MaxCharacters>32</MaxCharacters>
            <Adapter>group_class2</Adapter>
        </LabelDef>


        <ScalarLabelDef>
            <ControlId>2002</ControlId>
            <Position>
                <X>6</X>
                <Y>41</Y>
            </Position>
            <Alignment>
                <TopLeft>true</TopLeft>
            </Alignment>
            <FontName>arial9</FontName>
            <Width>64</Width>
            <Height>16</Height>
            <MaxCharacters>16</MaxCharacters>
            <Color>
                <R>255</R>
                <G>255</G>
                <B>255</B>
                <A>255</A>
            </Color>
            <Adapter>group_level2</Adapter>
        </ScalarLabelDef>


        <InvisibleButtonDef>
            <Position>
                <X>0</X>
                <Y>40</Y>
            </Position>
            <Alignment>
                <TopLeft>true</TopLeft>
            </Alignment>
            <Label></Label>
            <OnClickEvent>SelectGroupMember2</OnClickEvent>
            <Width>185</Width>
            <Height>19</Height>
        </InvisibleButtonDef>


        <!--group member 3-->


        <StatusBarDef>
            <Position>
                <X>0</X>
                <Y>60</Y>
            </Position>
            <Alignment>
                <TopLeft>true</TopLeft>
            </Alignment>
            <TemplateName>b_bar_health_smallred</TemplateName>
            <AdapterName>group_health3</AdapterName>
            <Width>187</Width>
        </StatusBarDef>


        <StatusBarDef>
            <Position>
                <X>0</X>
                <Y>72</Y>
            </Position>
            <Alignment>
                <TopLeft>true</TopLeft>
            </Alignment>
            <TemplateName>b_bar_endo_smallgreen</TemplateName>
            <AdapterName>group_endurance3</AdapterName>
            <Width>94</Width>
        </StatusBarDef>


        <StatusBarDef>
            <Position>
                <X>93</X>
                <Y>72</Y>
            </Position>
            <Alignment>
                <TopLeft>true</TopLeft>
            </Alignment>
            <TemplateName>b_bar_power_smallyellow</TemplateName>
            <AdapterName>group_power3</AdapterName>
            <Width>94</Width>
        </StatusBarDef>


        <LabelDef>
            <Position>
                <X>23</X>
                <Y>61</Y>
            </Position>
            <Alignment>
                <TopLeft>true</TopLeft>
            </Alignment>
            <Color>
                <R>208</R>
                <G>228</G>
                <B>229</B>
                <A>200</A>
            </Color>
            <FontName>arial9</FontName>
            <Width>77</Width>
            <Height>18</Height>
            <MaxCharacters>32</MaxCharacters>
            <ColorAdapter>group_color3</ColorAdapter>
            <Adapter>group_name3</Adapter>
        </LabelDef>


        <LabelDef>
            <Position>
                <X>129</X>
                <Y>61</Y>
            </Position>
            <Alignment>
                <TopLeft>true</TopLeft>
            </Alignment>
            <Color>
                <R>208</R>
                <G>228</G>
                <B>229</B>
                <A>255</A>
            </Color>
            <FontName>arial9</FontName>
            <Width>50</Width>
            <Height>18</Height>
            <MaxCharacters>32</MaxCharacters>
            <Adapter>group_class3</Adapter>
        </LabelDef>


        <ScalarLabelDef>
            <ControlId>2003</ControlId>
            <Position>
                <X>6</X>
                <Y>61</Y>
            </Position>
            <Alignment>
                <TopLeft>true</TopLeft>
            </Alignment>
            <FontName>arial9</FontName>
            <Width>64</Width>
            <Height>16</Height>
            <MaxCharacters>16</MaxCharacters>
            <Color>
                <R>255</R>
                <G>255</G>
                <B>255</B>
                <A>255</A>
            </Color>
            <Adapter>group_level3</Adapter>
        </ScalarLabelDef>


        <InvisibleButtonDef>
            <Position>
                <X>0</X>
                <Y>60</Y>
            </Position>
            <Alignment>
                <TopLeft>true</TopLeft>
            </Alignment>
            <Label></Label>
            <OnClickEvent>SelectGroupMember3</OnClickEvent>
            <Width>185</Width>
            <Height>19</Height>
        </InvisibleButtonDef>


        <!--group member 4-->


        <StatusBarDef>
            <Position>
                <X>0</X>
                <Y>80</Y>
            </Position>
            <Alignment>
                <TopLeft>true</TopLeft>
            </Alignment>
            <TemplateName>b_bar_health_smallred</TemplateName>
            <AdapterName>group_health4</AdapterName>
            <Width>187</Width>
        </StatusBarDef>


        <StatusBarDef>
            <Position>
                <X>0</X>
                <Y>92</Y>
            </Position>
            <Alignment>
                <TopLeft>true</TopLeft>
            </Alignment>
            <TemplateName>b_bar_endo_smallgreen</TemplateName>
            <AdapterName>group_endurance4</AdapterName>
            <Width>94</Width>
        </StatusBarDef>


        <StatusBarDef>
            <Position>
                <X>93</X>
                <Y>92</Y>
            </Position>
            <Alignment>
                <TopLeft>true</TopLeft>
            </Alignment>
            <TemplateName>b_bar_power_smallyellow</TemplateName>
            <AdapterName>group_power4</AdapterName>
            <Width>94</Width>
        </StatusBarDef>


        <LabelDef>
            <Position>
                <X>23</X>
                <Y>81</Y>
            </Position>
            <Alignment>
                <TopLeft>true</TopLeft>
            </Alignment>
            <Color>
                <R>208</R>
                <G>228</G>
                <B>229</B>
                <A>200</A>
            </Color>
            <FontName>arial9</FontName>
            <Width>77</Width>
            <Height>18</Height>
            <MaxCharacters>32</MaxCharacters>
            <ColorAdapter>group_color4</ColorAdapter>
            <Adapter>group_name4</Adapter>
        </LabelDef>


        <LabelDef>
            <Position>
                <X>129</X>
                <Y>81</Y>
            </Position>
            <Alignment>
                <TopLeft>true</TopLeft>
            </Alignment>
            <Color>
                <R>208</R>
                <G>228</G>
                <B>229</B>
                <A>255</A>
            </Color>
            <FontName>arial9</FontName>
            <Width>50</Width>
            <Height>18</Height>
            <MaxCharacters>32</MaxCharacters>
            <Adapter>group_class4</Adapter>
        </LabelDef>


        <ScalarLabelDef>
            <ControlId>2004</ControlId>
            <Position>
                <X>6</X>
                <Y>81</Y>
            </Position>
            <Alignment>
                <TopLeft>true</TopLeft>
            </Alignment>
            <FontName>arial9</FontName>
            <Width>64</Width>
            <Height>16</Height>
            <MaxCharacters>16</MaxCharacters>
            <Color>
                <R>255</R>
                <G>255</G>
                <B>255</B>
                <A>255</A>
            </Color>
            <Adapter>group_level4</Adapter>
        </ScalarLabelDef>


        <InvisibleButtonDef>
            <Position>
                <X>0</X>
                <Y>80</Y>
            </Position>
            <Alignment>
                <TopLeft>true</TopLeft>
            </Alignment>
            <Label></Label>
            <OnClickEvent>SelectGroupMember4</OnClickEvent>
            <Width>185</Width>
            <Height>19</Height>
        </InvisibleButtonDef>


        <!--group member 5-->


        <StatusBarDef>
            <Position>
                <X>0</X>
                <Y>100</Y>
            </Position>
            <Alignment>
                <TopLeft>true</TopLeft>
            </Alignment>
            <TemplateName>b_bar_health_smallred</TemplateName>
            <AdapterName>group_health5</AdapterName>
            <Width>187</Width>
        </StatusBarDef>


        <StatusBarDef>
            <Position>
                <X>0</X>
                <Y>112</Y>
            </Position>
            <Alignment>
                <TopLeft>true</TopLeft>
            </Alignment>
            <TemplateName>b_bar_endo_smallgreen</TemplateName>
            <AdapterName>group_endurance5</AdapterName>
            <Width>94</Width>
        </StatusBarDef>


        <StatusBarDef>
            <Position>
                <X>93</X>
                <Y>112</Y>
            </Position>
            <Alignment>
                <TopLeft>true</TopLeft>
            </Alignment>
            <TemplateName>b_bar_power_smallyellow</TemplateName>
            <AdapterName>group_power5</AdapterName>
            <Width>94</Width>
        </StatusBarDef>


        <LabelDef>
            <Position>
                <X>23</X>
                <Y>101</Y>
            </Position>
            <Alignment>
                <TopLeft>true</TopLeft>
            </Alignment>
            <Color>
                <R>208</R>
                <G>228</G>
                <B>229</B>
                <A>200</A>
            </Color>
            <FontName>arial9</FontName>
            <Width>77</Width>
            <Height>18</Height>
            <MaxCharacters>32</MaxCharacters>
            <ColorAdapter>group_color5</ColorAdapter>
            <Adapter>group_name5</Adapter>
        </LabelDef>


        <LabelDef>
            <Position>
                <X>129</X>
                <Y>101</Y>
            </Position>
            <Alignment>
                <TopLeft>true</TopLeft>
            </Alignment>
            <Color>
                <R>208</R>
                <G>228</G>
                <B>229</B>
                <A>255</A>
            </Color>
            <FontName>arial9</FontName>
            <Width>50</Width>
            <Height>18</Height>
            <MaxCharacters>32</MaxCharacters>
            <Adapter>group_class5</Adapter>
        </LabelDef>


        <ScalarLabelDef>
            <ControlId>2005</ControlId>
            <Position>
                <X>6</X>
                <Y>101</Y>
            </Position>
            <Alignment>
                <TopLeft>true</TopLeft>
            </Alignment>
            <FontName>arial9</FontName>
            <Width>64</Width>
            <Height>16</Height>
            <MaxCharacters>16</MaxCharacters>
            <Color>
                <R>255</R>
                <G>255</G>
                <B>255</B>
                <A>255</A>
            </Color>
            <Adapter>group_level5</Adapter>
        </ScalarLabelDef>


        <InvisibleButtonDef>
            <Position>
                <X>0</X>
                <Y>100</Y>
            </Position>
            <Alignment>
                <TopLeft>true</TopLeft>
            </Alignment>
            <Label></Label>
            <OnClickEvent>SelectGroupMember5</OnClickEvent>
            <Width>185</Width>
            <Height>19</Height>
        </InvisibleButtonDef>


        <!--group member 6-->


        <StatusBarDef>
            <Position>
                <X>0</X>
                <Y>120</Y>
            </Position>
            <Alignment>
                <TopLeft>true</TopLeft>
            </Alignment>
            <TemplateName>b_bar_health_smallred</TemplateName>
            <AdapterName>group_health6</AdapterName>
            <Width>187</Width>
        </StatusBarDef>


        <StatusBarDef>
            <Position>
                <X>0</X>
                <Y>132</Y>
            </Position>
            <Alignment>
                <TopLeft>true</TopLeft>
            </Alignment>
            <TemplateName>b_bar_endo_smallgreen</TemplateName>
            <AdapterName>group_endurance6</AdapterName>
            <Width>94</Width>
        </StatusBarDef>


        <StatusBarDef>
            <Position>
                <X>93</X>
                <Y>132</Y>
            </Position>
            <Alignment>
                <TopLeft>true</TopLeft>
            </Alignment>
            <TemplateName>b_bar_power_smallyellow</TemplateName>
            <AdapterName>group_power6</AdapterName>
            <Width>94</Width>
        </StatusBarDef>


        <LabelDef>
            <Position>
                <X>23</X>
                <Y>121</Y>
            </Position>
            <Alignment>
                <TopLeft>true</TopLeft>
            </Alignment>
            <Color>
                <R>208</R>
                <G>228</G>
                <B>229</B>
                <A>200</A>
            </Color>
            <FontName>arial9</FontName>
            <Width>77</Width>
            <Height>18</Height>
            <MaxCharacters>32</MaxCharacters>
            <ColorAdapter>group_color6</ColorAdapter>
            <Adapter>group_name6</Adapter>
        </LabelDef>


        <LabelDef>
            <Position>
                <X>129</X>
                <Y>121</Y>
            </Position>
            <Alignment>
                <TopLeft>true</TopLeft>
            </Alignment>
            <Color>
                <R>208</R>
                <G>228</G>
                <B>229</B>
                <A>255</A>
            </Color>
            <FontName>arial9</FontName>
            <Width>50</Width>
            <Height>18</Height>
            <MaxCharacters>32</MaxCharacters>
            <Adapter>group_class6</Adapter>
        </LabelDef>


        <ScalarLabelDef>
            <ControlId>2006</ControlId>
            <Position>
                <X>6</X>
                <Y>121</Y>
            </Position>
            <Alignment>
                <TopLeft>true</TopLeft>
            </Alignment>
            <FontName>arial9</FontName>
            <Width>64</Width>
            <Height>16</Height>
            <MaxCharacters>16</MaxCharacters>
            <Color>
                <R>255</R>
                <G>255</G>
                <B>255</B>
                <A>255</A>
            </Color>
            <Adapter>group_level6</Adapter>
        </ScalarLabelDef>


        <InvisibleButtonDef>
            <Position>
                <X>0</X>
                <Y>120</Y>
            </Position>
            <Alignment>
                <TopLeft>true</TopLeft>
            </Alignment>
            <Label></Label>
            <OnClickEvent>SelectGroupMember6</OnClickEvent>
            <Width>185</Width>
            <Height>19</Height>
        </InvisibleButtonDef>


        <!--group member 7-->


        <StatusBarDef>
            <Position>
                <X>0</X>
                <Y>140</Y>
            </Position>
            <Alignment>
                <TopLeft>true</TopLeft>
            </Alignment>
            <TemplateName>b_bar_health_smallred</TemplateName>
            <AdapterName>group_health7</AdapterName>
            <Width>187</Width>
        </StatusBarDef>


        <StatusBarDef>
            <Position>
                <X>0</X>
                <Y>152</Y>
            </Position>
            <Alignment>
                <TopLeft>true</TopLeft>
            </Alignment>
            <TemplateName>b_bar_endo_smallgreen</TemplateName>
            <AdapterName>group_endurance7</AdapterName>
            <Width>94</Width>
        </StatusBarDef>


        <StatusBarDef>
            <Position>
                <X>93</X>
                <Y>152</Y>
            </Position>
            <Alignment>
                <TopLeft>true</TopLeft>
            </Alignment>
            <TemplateName>b_bar_power_smallyellow</TemplateName>
            <AdapterName>group_power7</AdapterName>
            <Width>94</Width>
        </StatusBarDef>


        <LabelDef>
            <Position>
                <X>23</X>
                <Y>141</Y>
            </Position>
            <Alignment>
                <TopLeft>true</TopLeft>
            </Alignment>
            <Color>
                <R>208</R>
                <G>228</G>
                <B>229</B>
                <A>200</A>
            </Color>
            <FontName>arial9</FontName>
            <Width>77</Width>
            <Height>18</Height>
            <MaxCharacters>32</MaxCharacters>
            <ColorAdapter>group_color7</ColorAdapter>
            <Adapter>group_name7</Adapter>
        </LabelDef>


        <LabelDef>
            <Position>
                <X>129</X>
                <Y>141</Y>
            </Position>
            <Alignment>
                <TopLeft>true</TopLeft>
            </Alignment>
            <Color>
                <R>208</R>
                <G>228</G>
                <B>229</B>
                <A>255</A>
            </Color>
            <FontName>arial9</FontName>
            <Width>50</Width>
            <Height>18</Height>
            <MaxCharacters>32</MaxCharacters>
            <Adapter>group_class7</Adapter>
        </LabelDef>


        <ScalarLabelDef>
            <ControlId>2007</ControlId>
            <Position>
                <X>6</X>
                <Y>141</Y>
            </Position>
            <Alignment>
                <TopLeft>true</TopLeft>
            </Alignment>
            <FontName>arial9</FontName>
            <Width>64</Width>
            <Height>16</Height>
            <MaxCharacters>16</MaxCharacters>
            <Color>
                <R>255</R>
                <G>255</G>
                <B>255</B>
                <A>255</A>
            </Color>
            <Adapter>group_level7</Adapter>
        </ScalarLabelDef>


        <InvisibleButtonDef>
            <Position>
                <X>0</X>
                <Y>140</Y>
            </Position>
            <Alignment>
                <TopLeft>true</TopLeft>
            </Alignment>
            <Label></Label>
            <OnClickEvent>SelectGroupMember7</OnClickEvent>
            <Width>185</Width>
            <Height>19</Height>
        </InvisibleButtonDef>


    </WindowTemplate>


</Root_Element>
