<?xml version="1.0"?>
<Root_Element ID="DAOCUi">

<!-- @@ Edited with the DAoC User Interface Editor v1.80 -->
<!-- @@ Free download available at http://www.bradtownsend.com/daoced -->


    <!--XML-->


    <Include>ChatFont.xml</Include>


    <Include>custom0_window.xml</Include>


    <Include>custom1_window.xml</Include>


    <Include>custom2_window.xml</Include>


    <Include>custom3_window.xml</Include>


    <Include>custom4_window.xml</Include>


    <Include>custom5_window.xml</Include>


    <Include>custom6_window.xml</Include>


    <Include>custom7_window.xml</Include>


    <Include>custom8_window.xml</Include>


    <Include>custom9_window.xml</Include>


    <Include>custom10_window.xml</Include>


    <Include>custom11_window.xml</Include>


    <Include>custom12_window.xml</Include>


    <Include>custom13_window.xml</Include>


    <Include>custom14_window.xml</Include>


    <Include>custom15_window.xml</Include>


    <Include>custom16_window.xml</Include>


    <Include>custom17_window.xml</Include>


    <Include>custom18_window.xml</Include>


    <Include>custom19_window.xml</Include>


    <!--fonts-->


    <Font>
        <Name>arial11b</Name>
        <File>custom/ghost_arial11b.tga</File>
    </Font>


    <Font>
        <Name>Font_HHelperWidgets</Name>
        <File>custom/Assets/Fonts/HHelperWidgets.tga</File>
    </Font>


    <Font>
        <Name>chatfont_ds</Name>
        <File>custom/Assets/Fonts/overp_shadow.tga</File>
    </Font>


    <Font>
        <Name>mini7</Name>
        <File>custom/mini7.tga</File>
    </Font>


    <Font>
        <Name>arial9ds</Name>
        <File>custom/Assets/Fonts/Arial09ds.tga</File>
    </Font>


    <Font>
        <Name>arial11ds</Name>
        <File>custom/Assets/Fonts/Arial11ds2.tga</File>
    </Font>


    <Font>
        <Name>tahoma11</Name>
        <File>custom/tahoma11.tga</File>
    </Font>


    <Font>
        <Name>silkscreen</Name>
        <File>custom/silkscreen.tga</File>
    </Font>


    <Font>
        <Name>arial9b</Name>
        <File>custom/Assets/Fonts/arial09b.tga</File>
    </Font>


    <Font>
        <Name>kr</Name>
        <File>custom/krfont.tga</File>
    </Font>


    <TTFFont>
        <Name>chatfont</Name>
        <File>custom/Assets/Fonts/Overpass-Regular.ttf</File>
        <Height>12</Height>
        <Antialiased>true</Antialiased>
        <Hint>2</Hint>
    </TTFFont>


    <TTFFont>
        <Name>minib</Name>
        <File>custom/Assets/Fonts/minifontsmini7extendedbold.ttf</File>
        <Height>7</Height>
        <Antialiased>true</Antialiased>
        <Hint>0</Hint>
    </TTFFont>


    <Font>
        <Name>arial9</Name>
        <File>custom/Assets/Fonts/arial09_cl.tga</File>
    </Font>


    <Font>
        <Name>ubunt9b</Name>
        <File>custom/Assets/Fonts/ubunt10.tga</File>
    </Font>


    <!--textures-->


    <Texture>
        <Name>page2</Name>
        <File>custom/Assets/Textures/atlantis_02.tga</File>
    </Texture>


    <Texture>
        <Name>page4</Name>
        <File>custom/Assets/Textures/atlantis_04.tga</File>
    </Texture>


    <Texture>
        <Name>emoticons</Name>
        <File>custom/Assets/Textures/emoticons.tga</File>
    </Texture>


    <Texture>
        <Name>status_effect_icon</Name>
        <File>custom/Assets/Textures/status_effect_icon.tga</File>
    </Texture>


    <Texture>
        <Name>bysan</Name>
        <File>custom/Assets/Textures/background_bysan.tga</File>
    </Texture>


    <Texture>
        <Name>knapp</Name>
        <File>custom/Assets/Textures/knapp.tga</File>
    </Texture>


    <Texture>
        <Name>b_stats</Name>
        <File>custom/Assets/Textures/b_stats.tga</File>
    </Texture>


    <Texture>
        <Name>b_social</Name>
        <File>custom/Assets/Textures/b_social.tga</File>
    </Texture>


    <Texture>
        <Name>b_bg_h</Name>
        <File>custom/Assets/Textures/b_bg_h.tga</File>
    </Texture>


    <Texture>
        <Name>b_rrchart</Name>
        <File>custom/Assets/Textures/b_rrchart.tga</File>
    </Texture>


    <Texture>
        <Name>b_rrc1</Name>
        <File>custom/Assets/Textures/b_rrc1.tga</File>
    </Texture>


    <Texture>
        <Name>b_reverse</Name>
        <File>custom/Assets/Textures/b_rreverse.tga</File>
    </Texture>


    <Texture>
        <Name>b_hp_reverse</Name>
        <File>custom/Assets/Textures/b_rreverse2.tga</File>
    </Texture>


    <Texture>
        <Name>compass_3d</Name>
        <File>custom/Assets/Textures/b_comp.tga</File>
    </Texture>


    <Texture>
        <Name>ConditionOverlay</Name>
        <File>custom/Assets/Textures/Overlay.tga</File>
    </Texture>


    <Texture>
        <Name>b_craft_alc</Name>
        <File>custom/Assets/Textures/crafting_alchemy.tga</File>
    </Texture>


    <Texture>
        <Name>b_craft_armor</Name>
        <File>custom/Assets/Textures/crafting_armor.tga</File>
    </Texture>


    <Texture>
        <Name>b_craft_fletching</Name>
        <File>custom/Assets/Textures/crafting_fletching.tga</File>
    </Texture>


    <Texture>
        <Name>b_craft_general</Name>
        <File>custom/Assets/Textures/crafting_general.tga</File>
    </Texture>


    <Texture>
        <Name>b_craft_salvage</Name>
        <File>custom/Assets/Textures/crafting_salvage.tga</File>
    </Texture>


    <Texture>
        <Name>b_craft_spellcraft</Name>
        <File>custom/Assets/Textures/crafting_spellcrafting.tga</File>
    </Texture>


    <Texture>
        <Name>b_craft_tailor</Name>
        <File>custom/Assets/Textures/crafting_tailor.tga</File>
    </Texture>


    <Texture>
        <Name>b_craft_weapon</Name>
        <File>custom/Assets/Textures/crafting_weapon.tga</File>
    </Texture>


    <Texture>
        <Name>map_gitter</Name>
        <File>custom/Maps/map_gitter.dds</File>
    </Texture>


    <Texture>
        <Name>hsi_s</Name>
        <File>custom/Assets/Textures/hh_statusicon_original_m.tga</File>
    </Texture>


    <Texture>
        <Name>b_hhbar</Name>
        <File>custom/Assets/Textures/b_hhbar.tga</File>
    </Texture>


    <Texture>
        <Name>uielements</Name>
        <File>custom/Assets/Textures/b_uielements.tga</File>
    </Texture>


    <Texture>
        <Name>performance</Name>
        <File>custom/Assets/Textures/performance.tga</File>
    </Texture>


    <Texture>
        <Name>realm_symbols</Name>
        <File>custom/Assets/Textures/realm_symb.tga</File>
    </Texture>


    <Texture>
        <Name>hsi_l</Name>
        <File>custom/Assets/Textures/hh_statusicon_original.tga</File>
    </Texture>


    <Texture>
        <Name>page3</Name>
        <File>custom/Assets/Textures/atlantis_03.tga</File>
    </Texture>


    <Texture>
        <Name>page1</Name>
        <File>custom/Assets/Textures/atlantis_01.tga</File>
    </Texture>


    <Texture>
        <Name>hh_reverse_box</Name>
        <File>custom/Assets/Textures/hh_reverse_box.tga</File>
    </Texture>


    <Texture>
        <Name>navigation</Name>
        <File>custom/Assets/Textures/navigation.tga</File>
    </Texture>


    <Texture>
        <Name>frames_win</Name>
        <File>custom/Assets/Textures/frames_win.tga</File>
    </Texture>


    <Texture>
        <Name>small_arrows</Name>
        <File>custom/Assets/Textures/smallarrows.dds</File>
    </Texture>


    <Texture>
        <Name>selected_icon</Name>
        <File>custom/Assets/Textures/selected_icon.tga</File>
    </Texture>


    <Texture>
        <Name>status_effect_icon2</Name>
        <File>custom/Assets/Textures/status_effect_icon2.tga</File>
    </Texture>


    <Texture>
        <Name>g_hh_reverse2</Name>
        <File>custom/Assets/Textures/ghost_hh_reverse2.tga</File>
    </Texture>


    <Texture>
        <Name>g_hh_reverse</Name>
        <File>custom/Assets/Textures/ghost_hh_reverse.tga</File>
    </Texture>


    <Texture>
        <Name>neca_uPet</Name>
        <File>custom/Assets/Textures/neca_uPet.tga</File>
    </Texture>


    <Texture>
        <Name>FloatingImages2</Name>
        <File>custom/Assets/Textures/FloatingBars2.tga</File>
    </Texture>


    <Texture>
        <Name>neca_upet_icons</Name>
        <File>custom/Assets/Textures/neca_upet_icons.tga</File>
    </Texture>


    <Texture>
        <Name>neca_upet_status</Name>
        <File>custom/Assets/Textures/neca_upet_status.tga</File>
    </Texture>


    <Texture>
        <Name>uielements2</Name>
        <File>custom/Assets/Textures/b_uielements2.tga</File>
    </Texture>


    <Texture>
        <Name>b_phnx</Name>
        <File>custom/Assets/Textures/b_phnx.tga</File>
    </Texture>


    <Texture>
        <Name>hsi_bsn</Name>
        <File>custom/Assets/Textures/hh_statusicon_original_bysan.tga</File>
    </Texture>


    <Texture>
        <Name>ConditionOverlay2</Name>
        <File>custom/Assets/Textures/Overlay2.tga</File>
    </Texture>


    <Texture>
        <Name>hsi_bsn2</Name>
        <File>custom/Assets/Textures/hh_statusicon_original_bsn.tga</File>
    </Texture>


    <Texture>
        <Name>b_bg_h2</Name>
        <File>custom/Assets/Textures/b_bg_h2.tga</File>
    </Texture>


    <Texture>
        <Name>ConditionOverlay3</Name>
        <File>custom/Assets/Textures/Overlay3.tga</File>
    </Texture>


    <Texture>
        <Name>hsi_bsnb</Name>
        <File>custom/Assets/Textures/hh_statusicon_original_bsnb.tga</File>
    </Texture>


    <Texture>
        <Name>b_chat_bg</Name>
        <File>custom/Assets/Textures/b_chat_bg.tga</File>
    </Texture>


    <Texture>
        <Name>compass_2d</Name>
        <File>custom/Assets/Textures/b_comp2d.tga</File>
    </Texture>


    <Texture>
        <Name>g_hh_reverse3</Name>
        <File>custom/Assets/Textures/ghost_hh_reverse3.tga</File>
    </Texture>


    <Texture>
        <Name>test</Name>
        <File>custom/Assets/Textures/test.tga</File>
    </Texture>


    <Texture>
        <Name>Floating_HealthBar</Name>
        <File>custom/Assets/Textures/Bars/HealthBar.tga</File>
    </Texture>


    <Texture>
        <Name>Floating_TargetBar</Name>
        <File>custom/Assets/Textures/Bars/TargetBar.tga</File>
    </Texture>


    <Texture>
        <Name>Floating_EndoBar</Name>
        <File>custom/Assets/Textures/Bars/EndoBar.tga</File>
    </Texture>


    <Texture>
        <Name>Floating_PowerBar</Name>
        <File>custom/Assets/Textures/Bars/PowerBar.tga</File>
    </Texture>


    <Texture>
        <Name>AttackMode</Name>
        <File>custom/Assets/Textures/CombatMode.tga</File>
    </Texture>


    <Texture>
        <Name>hsi_bsnbig</Name>
        <File>custom/Assets/Textures/hh_statusicon_original_bysbig.tga</File>
    </Texture>


    <Texture>
        <Name>ConditionOverlay4</Name>
        <File>custom/Assets/Textures/Overlay4.tga</File>
    </Texture>


    <Texture>
        <Name>hsi_bsn_colorblind</Name>
        <File>custom/Assets/Textures/hh_statusicon_original_colorblind.tga</File>
    </Texture>


    <Texture>
        <Name>bsbs</Name>
        <File>custom/Assets/Textures/b_bsn.tga</File>
    </Texture>


    <Texture>
        <Name>knapp2</Name>
        <File>custom/Assets/Textures/knapp2.tga</File>
    </Texture>


    <Font>
        <Name>overpass</Name>
        <File>custom/Assets/Fonts/overp_shadow.tga</File>
    </Font>


    <Texture>
        <Name>warmap_alb2</Name>
        <File>custom/albmap3.tga</File>
    </Texture>


    <Texture>
        <Name>page4b</Name>
        <File>custom/Assets/Textures/atlantis_04b.tga</File>
    </Texture>


    <Font>
        <Name>_whatisthisfont</Name>
        <File>custom/Assets/Fonts/whatisthisfont.tga</File>
    </Font>


    <Texture>
        <Name>_whatisthistexture</Name>
        <File>custom/Assets/Textures/whatisthis.tga</File>
    </Texture>


    <Font>
        <Name>_whatisthisfont2</Name>
        <File>custom/Assets/Fonts/whatisthisfont2.tga</File>
    </Font>


    <Font>
        <Name>_whatisthisfont3</Name>
        <File>custom/Assets/Fonts/whatisthisfont11px.tga</File>
    </Font>


    <Font>
        <Name>_whatisthisfont4</Name>
        <File>custom/Assets/Fonts/whatisthisfont4.tga</File>
    </Font>


    <Font>
        <Name>_whatisthisfont5</Name>
        <File>custom/Assets/Fonts/whatisthisfont5.tga</File>
    </Font>


    <Font>
        <Name>_whatisthistest</Name>
        <File>custom/Assets/Fonts/whatisthisfontstest.tga</File>
    </Font>


    <Font>
        <Name>_whatisthisfont11pxDS</Name>
        <File>custom/Assets/Fonts/whatisthisfont11px.tga</File>
    </Font>


    <Texture>
        <Name>_whatisthisIE</Name>
        <File>custom/Assets/Textures/whatisthisIE.tga</File>
    </Texture>


    <Font>
        <Name>_whatisthisfont14pxST</Name>
        <File>custom/Assets/Fonts/whatisthisfont14px.tga</File>
    </Font>


    <Texture>
        <Name>_whatisthishh</Name>
        <File>custom/Assets/Textures/whatisthishh.tga</File>
    </Texture>


    <Texture>
        <Name>_whatisthisstatuseffects</Name>
        <File>custom/Assets/Textures/whatisthisstatuseffects.tga</File>
    </Texture>


    <Texture>
        <Name>_whatisthisrealmranks</Name>
        <File>custom/Assets/Textures/whatisthisrealmranks.tga</File>
    </Texture>


    <Texture>
        <Name>_whatisthishh2</Name>
        <File>custom/Assets/Textures/whatisthishh2.tga</File>
    </Texture>


</Root_Element>
