<?xml version="1.0"?>
<Root_Element ID="DAOCUi">

<!-- @@ Edited with the DAoC User Interface Editor v1.80 -->
<!-- @@ Free download available at http://www.bradtownsend.com/daoced -->


    <WindowTemplate>
        <Name>concentration</Name>
        <WindowId>Concentration</WindowId>
        <CloseButton>false</CloseButton>
        <MoveButton>false</MoveButton>
        <TopRightResizeButton>false</TopRightResizeButton>
        <BottomRightResizeButton>false</BottomRightResizeButton>
        <BottomLeftResizeButton>true</BottomLeftResizeButton>
        <ResizeButtonOffsetX>0</ResizeButtonOffsetX>
        <ResizeButtonOffsetY>0</ResizeButtonOffsetY>
        <TitleWidth>120</TitleWidth>
        <TitleHeight>3</TitleHeight>
        <Width>128</Width>
        <Height>93</Height>
        <ResizeableWidth>5</ResizeableWidth>
        <ResizeableHeight>5</ResizeableHeight>
        <ResizeableTwoWayWidth>0</ResizeableTwoWayWidth>
        <ResizeableTwoWayHeight>0</ResizeableTwoWayHeight>
        <MinWidth>128</MinWidth>
        <MinHeight>96</MinHeight>
        <ContextTemplateName></ContextTemplateName>


        <FullResizeImageDef>
            <ControlId>Background</ControlId>
            <Position>
                <X>0</X>
                <Y>0</Y>
            </Position>
            <Alignment>
                <OffsetBottom>true</OffsetBottom>
                <GrowWidth>true</GrowWidth>
                <GrowHeight>true</GrowHeight>
            </Alignment>
            <TemplateName>none</TemplateName>
            <Width>128</Width>
            <Height>74</Height>
        </FullResizeImageDef>


        <ListBoxDef>
            <ControlId>2000</ControlId>
            <Position>
                <X>0</X>
                <Y>11</Y>
            </Position>
            <Alignment>
                <GrowWidth>true</GrowWidth>
                <GrowHeight>true</GrowHeight>
            </Alignment>
            <Width>128</Width>
            <Height>82</Height>
            <TemplateName>_witt_listbox_90</TemplateName>
            <AdapterName>conc_list</AdapterName>
            <Sorting>false</Sorting>
            <Columns>2</Columns>
            <IconTemplate></IconTemplate>
            <ShowIndicator>false</ShowIndicator>
            <ShowDefaultToolTips>false</ShowDefaultToolTips>
            <OnHeaderClickEvent></OnHeaderClickEvent>
            <OnClickEvent></OnClickEvent>
        </ListBoxDef>


        <StatusBarDef>
            <ControlId>1000</ControlId>
            <Position>
                <X>0</X>
                <Y>0</Y>
            </Position>
            <Alignment>
                <GrowWidth>true</GrowWidth>
            </Alignment>
            <TemplateName>_witt_statusbar_medium_blue</TemplateName>
            <AdapterName>concentration</AdapterName>
            <Width>128</Width>
        </StatusBarDef>


        <ScalarLabelDef>
            <Position>
                <X>0</X>
                <Y>-10</Y>
            </Position>
            <Alignment>
                <OffsetRight>true</OffsetRight>
                <CenterHorizontally>true</CenterHorizontally>
            </Alignment>
            <FontName>_whatisthisfont5</FontName>
            <Width>32</Width>
            <Height>15</Height>
            <MaxCharacters>999</MaxCharacters>
            <Color>
                <R>255</R>
                <G>255</G>
                <B>255</B>
                <A>255</A>
            </Color>
            <Adapter>concentration</Adapter>
            <TextCentered>true</TextCentered>
            <DontDrawWhenNegOne>true</DontDrawWhenNegOne>
        </ScalarLabelDef>


    </WindowTemplate>


</Root_Element>
