<?xml version="1.0"?>
<Root_Element ID="DAOCUi">

<!-- @@ Edited with the DAoC User Interface Editor v1.80 -->
<!-- @@ Free download available at http://www.bradtownsend.com/daoced -->


    <WindowTemplate>
        <Name>custom3_window</Name>
        <WindowId>custom3_window</WindowId>
        <CloseButton>false</CloseButton>
        <MoveButton>false</MoveButton>
        <TopRightResizeButton>false</TopRightResizeButton>
        <BottomRightResizeButton>false</BottomRightResizeButton>
        <BottomLeftResizeButton>false</BottomLeftResizeButton>
        <ResizeButtonOffsetX>0</ResizeButtonOffsetX>
        <ResizeButtonOffsetY>0</ResizeButtonOffsetY>
        <TitleWidth>120</TitleWidth>
        <TitleHeight>18</TitleHeight>
        <Width>215</Width>
        <Height>43</Height>
        <ResizeableWidth>0</ResizeableWidth>
        <ResizeableHeight>0</ResizeableHeight>
        <ResizeableTwoWayWidth>0</ResizeableTwoWayWidth>
        <ResizeableTwoWayHeight>0</ResizeableTwoWayHeight>
        <MinWidth>0</MinWidth>
        <MinHeight>0</MinHeight>
        <ContextTemplateName></ContextTemplateName>


        <FullResizeImageDef>
            <Position>
                <X>0</X>
                <Y>0</Y>
            </Position>
            <TemplateName>_witt_bg_80</TemplateName>
            <Width>215</Width>
            <Height>43</Height>
        </FullResizeImageDef>


        <!-- Mini Stats Window -->


        <LabelDef>
            <ControlId>str</ControlId>
            <Position>
                <X>3</X>
                <Y>0</Y>
            </Position>
            <Alignment>
                <TopLeft>true</TopLeft>
            </Alignment>
            <Color>
                <R>255</R>
                <G>255</G>
                <B>255</B>
                <A>255</A>
            </Color>
            <FontName>_whatisthisfont11pxds</FontName>
            <Width>36</Width>
            <Height>15</Height>
            <MaxCharacters>999</MaxCharacters>
            <Data>Str: </Data>
            <ColorAdapter>stats_strength_color</ColorAdapter>
            <EndAligned>true</EndAligned>
        </LabelDef>


        <ScalarLabelDef>
            <ControlId>str_data</ControlId>
            <Position>
                <X>29</X>
                <Y>0</Y>
            </Position>
            <Alignment>
                <TopLeft>true</TopLeft>
            </Alignment>
            <FontName>_whatisthisfont11pxds</FontName>
            <Width>100</Width>
            <Height>25</Height>
            <MaxCharacters>999</MaxCharacters>
            <Color>
                <R>255</R>
                <G>255</G>
                <B>255</B>
                <A>255</A>
            </Color>
            <Adapter>stats_strength</Adapter>
            <ColorAdapter>stats_strength_color</ColorAdapter>
        </ScalarLabelDef>


        <LabelDef>
            <ControlId>con</ControlId>
            <Position>
                <X>53</X>
                <Y>0</Y>
            </Position>
            <Alignment>
                <TopLeft>true</TopLeft>
            </Alignment>
            <Color>
                <R>255</R>
                <G>255</G>
                <B>255</B>
                <A>255</A>
            </Color>
            <FontName>_whatisthisfont11pxds</FontName>
            <Width>36</Width>
            <Height>15</Height>
            <MaxCharacters>999</MaxCharacters>
            <Data>Con: </Data>
            <ColorAdapter>stats_constitution_color</ColorAdapter>
            <EndAligned>true</EndAligned>
        </LabelDef>


        <ScalarLabelDef>
            <ControlId>con_data</ControlId>
            <Position>
                <X>84</X>
                <Y>0</Y>
            </Position>
            <Alignment>
                <TopLeft>true</TopLeft>
            </Alignment>
            <FontName>_whatisthisfont11pxds</FontName>
            <Width>100</Width>
            <Height>25</Height>
            <MaxCharacters>999</MaxCharacters>
            <Color>
                <R>255</R>
                <G>255</G>
                <B>255</B>
                <A>255</A>
            </Color>
            <Adapter>stats_constitution</Adapter>
            <ColorAdapter>stats_constitution_color</ColorAdapter>
        </ScalarLabelDef>


        <LabelDef>
            <ControlId>dex</ControlId>
            <Position>
                <X>110</X>
                <Y>0</Y>
            </Position>
            <Alignment>
                <TopLeft>true</TopLeft>
            </Alignment>
            <Color>
                <R>255</R>
                <G>255</G>
                <B>255</B>
                <A>255</A>
            </Color>
            <FontName>_whatisthisfont11pxds</FontName>
            <Width>36</Width>
            <Height>15</Height>
            <MaxCharacters>999</MaxCharacters>
            <Data>Dex: </Data>
            <ColorAdapter>stats_dexterity_color</ColorAdapter>
            <EndAligned>true</EndAligned>
        </LabelDef>


        <ScalarLabelDef>
            <ControlId>dex_data</ControlId>
            <Position>
                <X>139</X>
                <Y>0</Y>
            </Position>
            <Alignment>
                <TopLeft>true</TopLeft>
            </Alignment>
            <FontName>_whatisthisfont11pxds</FontName>
            <Width>100</Width>
            <Height>25</Height>
            <MaxCharacters>999</MaxCharacters>
            <Color>
                <R>255</R>
                <G>255</G>
                <B>255</B>
                <A>255</A>
            </Color>
            <Adapter>stats_dexterity</Adapter>
            <ColorAdapter>stats_dexterity_color</ColorAdapter>
        </ScalarLabelDef>


        <LabelDef>
            <ControlId>qui</ControlId>
            <Position>
                <X>165</X>
                <Y>0</Y>
            </Position>
            <Alignment>
                <TopLeft>true</TopLeft>
            </Alignment>
            <Color>
                <R>255</R>
                <G>255</G>
                <B>255</B>
                <A>255</A>
            </Color>
            <FontName>_whatisthisfont11pxds</FontName>
            <Width>36</Width>
            <Height>15</Height>
            <MaxCharacters>999</MaxCharacters>
            <Data>Qui:</Data>
            <ColorAdapter>stats_quickness_color</ColorAdapter>
            <EndAligned>true</EndAligned>
        </LabelDef>


        <ScalarLabelDef>
            <ControlId>qui_data</ControlId>
            <Position>
                <X>194</X>
                <Y>0</Y>
            </Position>
            <Alignment>
                <TopLeft>true</TopLeft>
            </Alignment>
            <FontName>_whatisthisfont11pxds</FontName>
            <Width>100</Width>
            <Height>25</Height>
            <MaxCharacters>999</MaxCharacters>
            <Color>
                <R>255</R>
                <G>255</G>
                <B>255</B>
                <A>255</A>
            </Color>
            <Adapter>stats_quickness</Adapter>
            <ColorAdapter>stats_quickness_color</ColorAdapter>
        </ScalarLabelDef>


        <LabelDef>
            <ControlId>int</ControlId>
            <Position>
                <X>3</X>
                <Y>13</Y>
            </Position>
            <Alignment>
                <TopLeft>true</TopLeft>
            </Alignment>
            <Color>
                <R>255</R>
                <G>255</G>
                <B>255</B>
                <A>255</A>
            </Color>
            <FontName>_whatisthisfont11pxds</FontName>
            <Width>36</Width>
            <Height>15</Height>
            <MaxCharacters>999</MaxCharacters>
            <Data>Int: </Data>
            <ColorAdapter>stats_intelligence_color</ColorAdapter>
            <EndAligned>true</EndAligned>
        </LabelDef>


        <ScalarLabelDef>
            <ControlId>int_data</ControlId>
            <Position>
                <X>29</X>
                <Y>13</Y>
            </Position>
            <Alignment>
                <TopLeft>true</TopLeft>
            </Alignment>
            <FontName>_whatisthisfont11pxds</FontName>
            <Width>100</Width>
            <Height>15</Height>
            <MaxCharacters>999</MaxCharacters>
            <Color>
                <R>255</R>
                <G>255</G>
                <B>255</B>
                <A>255</A>
            </Color>
            <Adapter>stats_intelligence</Adapter>
            <ColorAdapter>stats_intelligence_color</ColorAdapter>
        </ScalarLabelDef>


        <LabelDef>
            <ControlId>emp</ControlId>
            <Position>
                <X>53</X>
                <Y>13</Y>
            </Position>
            <Alignment>
                <TopLeft>true</TopLeft>
            </Alignment>
            <Color>
                <R>255</R>
                <G>255</G>
                <B>255</B>
                <A>255</A>
            </Color>
            <FontName>_whatisthisfont11pxds</FontName>
            <Width>36</Width>
            <Height>15</Height>
            <MaxCharacters>999</MaxCharacters>
            <Data>Emp: </Data>
            <ColorAdapter>stats_empathy_color</ColorAdapter>
            <EndAligned>true</EndAligned>
        </LabelDef>


        <ScalarLabelDef>
            <ControlId>emp_data</ControlId>
            <Position>
                <X>84</X>
                <Y>13</Y>
            </Position>
            <Alignment>
                <TopLeft>true</TopLeft>
            </Alignment>
            <FontName>_whatisthisfont11pxds</FontName>
            <Width>100</Width>
            <Height>25</Height>
            <MaxCharacters>999</MaxCharacters>
            <Color>
                <R>255</R>
                <G>255</G>
                <B>255</B>
                <A>255</A>
            </Color>
            <Adapter>stats_empathy</Adapter>
            <ColorAdapter>stats_empathy_color</ColorAdapter>
        </ScalarLabelDef>


        <LabelDef>
            <ControlId>pie</ControlId>
            <Position>
                <X>110</X>
                <Y>13</Y>
            </Position>
            <Alignment>
                <TopLeft>true</TopLeft>
            </Alignment>
            <Color>
                <R>255</R>
                <G>255</G>
                <B>255</B>
                <A>255</A>
            </Color>
            <FontName>_whatisthisfont11pxds</FontName>
            <Width>36</Width>
            <Height>15</Height>
            <MaxCharacters>999</MaxCharacters>
            <Data>Pie: </Data>
            <ColorAdapter>stats_piety_color</ColorAdapter>
            <EndAligned>true</EndAligned>
        </LabelDef>


        <ScalarLabelDef>
            <ControlId>pie_data</ControlId>
            <Position>
                <X>139</X>
                <Y>13</Y>
            </Position>
            <Alignment>
                <TopLeft>true</TopLeft>
            </Alignment>
            <FontName>_whatisthisfont11pxds</FontName>
            <Width>100</Width>
            <Height>25</Height>
            <MaxCharacters>999</MaxCharacters>
            <Color>
                <R>255</R>
                <G>255</G>
                <B>255</B>
                <A>255</A>
            </Color>
            <Adapter>stats_piety</Adapter>
            <ColorAdapter>stats_piety_color</ColorAdapter>
        </ScalarLabelDef>


        <LabelDef>
            <ControlId>cha</ControlId>
            <Position>
                <X>165</X>
                <Y>13</Y>
            </Position>
            <Alignment>
                <TopLeft>true</TopLeft>
            </Alignment>
            <Color>
                <R>255</R>
                <G>255</G>
                <B>255</B>
                <A>255</A>
            </Color>
            <FontName>_whatisthisfont11pxds</FontName>
            <Width>36</Width>
            <Height>15</Height>
            <MaxCharacters>999</MaxCharacters>
            <Data>Cha: </Data>
            <ColorAdapter>stats_charisma_color</ColorAdapter>
            <EndAligned>true</EndAligned>
        </LabelDef>


        <ScalarLabelDef>
            <ControlId>cha_data</ControlId>
            <Position>
                <X>194</X>
                <Y>13</Y>
            </Position>
            <Alignment>
                <TopLeft>true</TopLeft>
            </Alignment>
            <FontName>_whatisthisfont11pxds</FontName>
            <Width>100</Width>
            <Height>25</Height>
            <MaxCharacters>999</MaxCharacters>
            <Color>
                <R>255</R>
                <G>255</G>
                <B>255</B>
                <A>255</A>
            </Color>
            <Adapter>stats_charisma</Adapter>
            <ColorAdapter>stats_charisma_color</ColorAdapter>
        </ScalarLabelDef>


        <LabelDef>
            <ControlId>ws</ControlId>
            <Position>
                <X>13</X>
                <Y>28</Y>
            </Position>
            <Alignment>
                <TopLeft>true</TopLeft>
            </Alignment>
            <Color>
                <R>165</R>
                <G>215</G>
                <B>234</B>
                <A>255</A>
            </Color>
            <FontName>_whatisthisfont11pxds</FontName>
            <Width>36</Width>
            <Height>15</Height>
            <MaxCharacters>999</MaxCharacters>
            <Data>Ws:</Data>
            <EndAligned>true</EndAligned>
        </LabelDef>


        <ScalarLabelDef>
            <ControlId>ws_data</ControlId>
            <Position>
                <X>38</X>
                <Y>28</Y>
            </Position>
            <Alignment>
                <TopLeft>true</TopLeft>
            </Alignment>
            <FontName>_whatisthisfont11pxds</FontName>
            <Width>100</Width>
            <Height>25</Height>
            <MaxCharacters>999</MaxCharacters>
            <Color>
                <R>255</R>
                <G>255</G>
                <B>255</B>
                <A>255</A>
            </Color>
            <Adapter>stats_weapon_skill</Adapter>
        </ScalarLabelDef>


        <LabelDef>
            <ControlId>af</ControlId>
            <Position>
                <X>78</X>
                <Y>28</Y>
            </Position>
            <Alignment>
                <TopLeft>true</TopLeft>
            </Alignment>
            <Color>
                <R>165</R>
                <G>215</G>
                <B>234</B>
                <A>255</A>
            </Color>
            <FontName>_whatisthisfont11pxds</FontName>
            <Width>36</Width>
            <Height>15</Height>
            <MaxCharacters>999</MaxCharacters>
            <Data>Af:</Data>
            <EndAligned>true</EndAligned>
        </LabelDef>


        <ScalarLabelDef>
            <ControlId>af_data</ControlId>
            <Position>
                <X>99</X>
                <Y>28</Y>
            </Position>
            <Alignment>
                <TopLeft>true</TopLeft>
            </Alignment>
            <FontName>_whatisthisfont11pxds</FontName>
            <Width>100</Width>
            <Height>25</Height>
            <MaxCharacters>999</MaxCharacters>
            <Color>
                <R>255</R>
                <G>255</G>
                <B>255</B>
                <A>255</A>
            </Color>
            <Adapter>stats_armor_factor</Adapter>
        </ScalarLabelDef>


        <LabelDef>
            <ControlId>hp</ControlId>
            <Position>
                <X>143</X>
                <Y>28</Y>
            </Position>
            <Alignment>
                <TopLeft>true</TopLeft>
            </Alignment>
            <Color>
                <R>165</R>
                <G>215</G>
                <B>234</B>
                <A>255</A>
            </Color>
            <FontName>_whatisthisfont11pxds</FontName>
            <Width>36</Width>
            <Height>15</Height>
            <MaxCharacters>999</MaxCharacters>
            <Data>Hp:</Data>
            <EndAligned>true</EndAligned>
        </LabelDef>


        <ScalarLabelDef>
            <ControlId>hp_data</ControlId>
            <Position>
                <X>165</X>
                <Y>28</Y>
            </Position>
            <Alignment>
                <TopLeft>true</TopLeft>
            </Alignment>
            <FontName>_whatisthisfont11pxds</FontName>
            <Width>100</Width>
            <Height>25</Height>
            <MaxCharacters>999</MaxCharacters>
            <Color>
                <R>255</R>
                <G>255</G>
                <B>255</B>
                <A>255</A>
            </Color>
            <Adapter>stats_hitpoints</Adapter>
        </ScalarLabelDef>


    </WindowTemplate>


</Root_Element>
