<?xml version="1.0"?>
<Root_Element ID="DAOCUi">

<!-- @@ Edited with the DAoC User Interface Editor v1.80 -->
<!-- @@ Free download available at http://www.bradtownsend.com/daoced -->


    <WindowTemplate>
        <Name>siege</Name>
        <WindowId></WindowId>
        <CloseButton>true</CloseButton>
        <MoveButton>false</MoveButton>
        <TopRightResizeButton>false</TopRightResizeButton>
        <BottomRightResizeButton>false</BottomRightResizeButton>
        <BottomLeftResizeButton>false</BottomLeftResizeButton>
        <ResizeButtonOffsetX>0</ResizeButtonOffsetX>
        <ResizeButtonOffsetY>0</ResizeButtonOffsetY>
        <TitleWidth>207</TitleWidth>
        <TitleHeight>8</TitleHeight>
        <Width>207</Width>
        <Height>145</Height>
        <ResizeableWidth>0</ResizeableWidth>
        <ResizeableHeight>0</ResizeableHeight>
        <ResizeableTwoWayWidth>0</ResizeableTwoWayWidth>
        <ResizeableTwoWayHeight>0</ResizeableTwoWayHeight>
        <MinWidth>0</MinWidth>
        <MinHeight>0</MinHeight>
        <ContextTemplateName></ContextTemplateName>


        <FullResizeImageDef>
            <ControlId>BackgroundImage</ControlId>
            <Position>
                <X>1</X>
                <Y>2</Y>
            </Position>
            <Alignment>
                <GrowWidth>true</GrowWidth>
                <GrowHeight>true</GrowHeight>
            </Alignment>
            <TemplateName>_witt_bg_90</TemplateName>
            <Width>206</Width>
            <Height>145</Height>
        </FullResizeImageDef>


        <ButtonDef>
            <ControlId>1101</ControlId>
            <Position>
                <X>142</X>
                <Y>30</Y>
            </Position>
            <Alignment>
                <TopLeft>true</TopLeft>
            </Alignment>
            <TemplateName>_witt_hr_button</TemplateName>
            <Label>Fire</Label>
            <OnClickEvent>SiegeFire</OnClickEvent>
        </ButtonDef>


        <ButtonDef>
            <ControlId>1102</ControlId>
            <Position>
                <X>142</X>
                <Y>60</Y>
            </Position>
            <Alignment>
                <TopLeft>true</TopLeft>
            </Alignment>
            <TemplateName>_witt_hr_button</TemplateName>
            <Label>Aim</Label>
            <OnClickEvent>SiegeAim</OnClickEvent>
        </ButtonDef>


        <ButtonDef>
            <ControlId>1100</ControlId>
            <Position>
                <X>142</X>
                <Y>77</Y>
            </Position>
            <Alignment>
                <TopLeft>true</TopLeft>
            </Alignment>
            <TemplateName>_witt_hr_button</TemplateName>
            <Label>Move</Label>
            <OnClickEvent>SiegeMove</OnClickEvent>
        </ButtonDef>


        <ButtonDef>
            <ControlId>1104</ControlId>
            <Position>
                <X>142</X>
                <Y>94</Y>
            </Position>
            <Alignment>
                <TopLeft>true</TopLeft>
            </Alignment>
            <TemplateName>_witt_hr_button</TemplateName>
            <Label>Release</Label>
            <OnClickEvent>SiegeRelease</OnClickEvent>
        </ButtonDef>


        <ButtonDef>
            <Position>
                <X>142</X>
                <Y>111</Y>
            </Position>
            <Alignment>
                <TopLeft>true</TopLeft>
            </Alignment>
            <TemplateName>_witt_hr_button</TemplateName>
            <Label>Repair</Label>
            <OnClickEvent>SiegeRepair</OnClickEvent>
        </ButtonDef>


        <ButtonDef>
            <ControlId>1103</ControlId>
            <Position>
                <X>142</X>
                <Y>128</Y>
            </Position>
            <Alignment>
                <TopLeft>true</TopLeft>
            </Alignment>
            <TemplateName>_witt_hr_button</TemplateName>
            <Label>Salvage</Label>
            <OnClickEvent>SiegeSalvage</OnClickEvent>
        </ButtonDef>


        <LabelDef>
            <Position>
                <X>5</X>
                <Y>2</Y>
            </Position>
            <Alignment>
                <TopLeft>true</TopLeft>
            </Alignment>
            <Color>
                <R>255</R>
                <G>255</G>
                <B>255</B>
                <A>255</A>
            </Color>
            <FontName>_whatisthisfont3</FontName>
            <Width>100</Width>
            <Height>16</Height>
            <MaxCharacters>128</MaxCharacters>
            <Data>Siege Timer</Data>
            <Adapter>siege_timer_label</Adapter>
        </LabelDef>


        <StatusBarDef>
            <ControlId>1001</ControlId>
            <Position>
                <X>4</X>
                <Y>18</Y>
            </Position>
            <Alignment>
                <TopLeft>true</TopLeft>
            </Alignment>
            <TemplateName>_witt_statusbar_medium_green</TemplateName>
            <AdapterName>siege_timer</AdapterName>
            <Width>200</Width>
        </StatusBarDef>


        <LabelDef>
            <Position>
                <X>6</X>
                <Y>33</Y>
            </Position>
            <Alignment>
                <TopLeft>true</TopLeft>
            </Alignment>
            <Color>
                <R>255</R>
                <G>255</G>
                <B>255</B>
                <A>255</A>
            </Color>
            <FontName>_whatisthisfont3</FontName>
            <Width>100</Width>
            <Height>16</Height>
            <MaxCharacters>128</MaxCharacters>
            <Data>Siege Condition</Data>
        </LabelDef>


        <StatusBarDef>
            <Position>
                <X>4</X>
                <Y>48</Y>
            </Position>
            <Alignment>
                <TopLeft>true</TopLeft>
            </Alignment>
            <TemplateName>_witt_statusbar_medium_red</TemplateName>
            <AdapterName>siege_hits</AdapterName>
            <Width>200</Width>
        </StatusBarDef>


        <ListBoxDef>
            <ControlId>1000</ControlId>
            <Position>
                <X>4</X>
                <Y>60</Y>
            </Position>
            <Alignment>
                <TopLeft>true</TopLeft>
            </Alignment>
            <Width>135</Width>
            <Height>84</Height>
            <TemplateName>_witt_listbox_80</TemplateName>
            <AdapterName>siege_ammo</AdapterName>
            <Sorting>false</Sorting>
            <Columns>2</Columns>
            <IconTemplate></IconTemplate>
            <ShowIndicator>false</ShowIndicator>
            <ShowDefaultToolTips>false</ShowDefaultToolTips>
            <OnHeaderClickEvent></OnHeaderClickEvent>
            <OnClickEvent></OnClickEvent>
        </ListBoxDef>


    </WindowTemplate>


</Root_Element>
