<?xml version="1.0"?>
<Root_Element ID="DAOCUi">

<!-- @@ Edited with the DAoC User Interface Editor v1.80 -->
<!-- @@ Free download available at http://www.bradtownsend.com/daoced -->


    <WindowTemplate>
        <Name>custom10_window</Name>
        <WindowId>custom10_window</WindowId>
        <CloseButton>false</CloseButton>
        <MoveButton>false</MoveButton>
        <TopRightResizeButton>false</TopRightResizeButton>
        <BottomRightResizeButton>false</BottomRightResizeButton>
        <BottomLeftResizeButton>false</BottomLeftResizeButton>
        <ResizeButtonOffsetX>0</ResizeButtonOffsetX>
        <ResizeButtonOffsetY>0</ResizeButtonOffsetY>
        <TitleWidth>0</TitleWidth>
        <TitleHeight>0</TitleHeight>
        <Width>100</Width>
        <Height>12</Height>
        <ResizeableWidth>0</ResizeableWidth>
        <ResizeableHeight>0</ResizeableHeight>
        <ResizeableTwoWayWidth>0</ResizeableTwoWayWidth>
        <ResizeableTwoWayHeight>0</ResizeableTwoWayHeight>
        <MinWidth>10</MinWidth>
        <MinHeight>10</MinHeight>
        <ContextTemplateName></ContextTemplateName>


        <ImageAreaDef>
            <Position>
                <X>0</X>
                <Y>3</Y>
            </Position>
            <TemplateName>b_status_hold</TemplateName>
        </ImageAreaDef>



        <ImageAreaDef>
            <Position>
                <X>0</X>
                <Y>3</Y>
            </Position>
            <TemplateName>b_status_hold</TemplateName>
        </ImageAreaDef>


        <StatusIconDef>
            <Position>
                <X>1</X>
                <Y>0</Y>
            </Position>
            <Alignment>
                <TopLeft>true</TopLeft>
            </Alignment>
            <TemplateName>health_status_mez</TemplateName>
            <AdapterName>group_status0</AdapterName>
        </StatusIconDef>


        <StatusIconDef>
            <Position>
                <X>1</X>
                <Y>0</Y>
            </Position>
            <Alignment>
                <TopLeft>true</TopLeft>
            </Alignment>
            <TemplateName>health_status_mez</TemplateName>
            <AdapterName>group_status1</AdapterName>
        </StatusIconDef>


        <StatusIconDef>
            <Position>
                <X>1</X>
                <Y>0</Y>
            </Position>
            <Alignment>
                <TopLeft>true</TopLeft>
            </Alignment>
            <TemplateName>health_status_mez</TemplateName>
            <AdapterName>group_status2</AdapterName>
        </StatusIconDef>


        <StatusIconDef>
            <Position>
                <X>1</X>
                <Y>0</Y>
            </Position>
            <Alignment>
                <TopLeft>true</TopLeft>
            </Alignment>
            <TemplateName>health_status_mez</TemplateName>
            <AdapterName>group_status3</AdapterName>
        </StatusIconDef>


        <StatusIconDef>
            <Position>
                <X>1</X>
                <Y>0</Y>
            </Position>
            <Alignment>
                <TopLeft>true</TopLeft>
            </Alignment>
            <TemplateName>health_status_mez</TemplateName>
            <AdapterName>group_status4</AdapterName>
        </StatusIconDef>


        <StatusIconDef>
            <Position>
                <X>1</X>
                <Y>0</Y>
            </Position>
            <Alignment>
                <TopLeft>true</TopLeft>
            </Alignment>
            <TemplateName>health_status_mez</TemplateName>
            <AdapterName>group_status5</AdapterName>
        </StatusIconDef>


        <StatusIconDef>
            <Position>
                <X>1</X>
                <Y>0</Y>
            </Position>
            <Alignment>
                <TopLeft>true</TopLeft>
            </Alignment>
            <TemplateName>health_status_mez</TemplateName>
            <AdapterName>group_status6</AdapterName>
        </StatusIconDef>


        <StatusIconDef>
            <Position>
                <X>1</X>
                <Y>0</Y>
            </Position>
            <Alignment>
                <TopLeft>true</TopLeft>
            </Alignment>
            <TemplateName>health_status_mez</TemplateName>
            <AdapterName>group_status7</AdapterName>
        </StatusIconDef>


        <StatusIconDef>
            <Position>
                <X>38</X>
                <Y>0</Y>
            </Position>
            <Alignment>
                <TopLeft>true</TopLeft>
            </Alignment>
            <TemplateName>health_status_diz</TemplateName>
            <AdapterName>group_status0</AdapterName>
        </StatusIconDef>


        <StatusIconDef>
            <Position>
                <X>38</X>
                <Y>0</Y>
            </Position>
            <Alignment>
                <TopLeft>true</TopLeft>
            </Alignment>
            <TemplateName>health_status_diz</TemplateName>
            <AdapterName>group_status1</AdapterName>
        </StatusIconDef>


        <StatusIconDef>
            <Position>
                <X>38</X>
                <Y>0</Y>
            </Position>
            <Alignment>
                <TopLeft>true</TopLeft>
            </Alignment>
            <TemplateName>health_status_diz</TemplateName>
            <AdapterName>group_status2</AdapterName>
        </StatusIconDef>


        <StatusIconDef>
            <Position>
                <X>38</X>
                <Y>0</Y>
            </Position>
            <Alignment>
                <TopLeft>true</TopLeft>
            </Alignment>
            <TemplateName>health_status_diz</TemplateName>
            <AdapterName>group_status3</AdapterName>
        </StatusIconDef>


        <StatusIconDef>
            <Position>
                <X>38</X>
                <Y>0</Y>
            </Position>
            <Alignment>
                <TopLeft>true</TopLeft>
            </Alignment>
            <TemplateName>health_status_diz</TemplateName>
            <AdapterName>group_status4</AdapterName>
        </StatusIconDef>


        <StatusIconDef>
            <Position>
                <X>38</X>
                <Y>0</Y>
            </Position>
            <Alignment>
                <TopLeft>true</TopLeft>
            </Alignment>
            <TemplateName>health_status_diz</TemplateName>
            <AdapterName>group_status5</AdapterName>
        </StatusIconDef>


        <StatusIconDef>
            <Position>
                <X>38</X>
                <Y>0</Y>
            </Position>
            <Alignment>
                <TopLeft>true</TopLeft>
            </Alignment>
            <TemplateName>health_status_diz</TemplateName>
            <AdapterName>group_status6</AdapterName>
        </StatusIconDef>


        <StatusIconDef>
            <Position>
                <X>38</X>
                <Y>0</Y>
            </Position>
            <Alignment>
                <TopLeft>true</TopLeft>
            </Alignment>
            <TemplateName>health_status_diz</TemplateName>
            <AdapterName>group_status7</AdapterName>
        </StatusIconDef>


        <StatusIconDef>
            <Position>
                <X>72</X>
                <Y>-1</Y>
            </Position>
            <Alignment>
                <TopLeft>true</TopLeft>
            </Alignment>
            <TemplateName>health_status_ns</TemplateName>
            <AdapterName>group_status0</AdapterName>
        </StatusIconDef>


        <StatusIconDef>
            <Position>
                <X>72</X>
                <Y>-1</Y>
            </Position>
            <Alignment>
                <TopLeft>true</TopLeft>
            </Alignment>
            <TemplateName>health_status_ns</TemplateName>
            <AdapterName>group_status1</AdapterName>
        </StatusIconDef>


        <StatusIconDef>
            <Position>
                <X>72</X>
                <Y>-1</Y>
            </Position>
            <Alignment>
                <TopLeft>true</TopLeft>
            </Alignment>
            <TemplateName>health_status_ns</TemplateName>
            <AdapterName>group_status2</AdapterName>
        </StatusIconDef>


        <StatusIconDef>
            <Position>
                <X>72</X>
                <Y>-1</Y>
            </Position>
            <Alignment>
                <TopLeft>true</TopLeft>
            </Alignment>
            <TemplateName>health_status_ns</TemplateName>
            <AdapterName>group_status3</AdapterName>
        </StatusIconDef>


        <StatusIconDef>
            <Position>
                <X>72</X>
                <Y>-1</Y>
            </Position>
            <Alignment>
                <TopLeft>true</TopLeft>
            </Alignment>
            <TemplateName>health_status_ns</TemplateName>
            <AdapterName>group_status4</AdapterName>
        </StatusIconDef>


        <StatusIconDef>
            <Position>
                <X>72</X>
                <Y>-1</Y>
            </Position>
            <Alignment>
                <TopLeft>true</TopLeft>
            </Alignment>
            <TemplateName>health_status_ns</TemplateName>
            <AdapterName>group_status5</AdapterName>
        </StatusIconDef>


        <StatusIconDef>
            <Position>
                <X>72</X>
                <Y>-1</Y>
            </Position>
            <Alignment>
                <TopLeft>true</TopLeft>
            </Alignment>
            <TemplateName>health_status_ns</TemplateName>
            <AdapterName>group_status6</AdapterName>
        </StatusIconDef>


        <StatusIconDef>
            <Position>
                <X>72</X>
                <Y>-1</Y>
            </Position>
            <Alignment>
                <TopLeft>true</TopLeft>
            </Alignment>
            <TemplateName>health_status_ns</TemplateName>
            <AdapterName>group_status7</AdapterName>
        </StatusIconDef>


        <StatusIconDef>
            <Position>
                <X>103</X>
                <Y>0</Y>
            </Position>
            <Alignment>
                <TopLeft>true</TopLeft>
            </Alignment>
            <TemplateName>health_status_psn</TemplateName>
            <AdapterName>group_status0</AdapterName>
        </StatusIconDef>


        <StatusIconDef>
            <Position>
                <X>103</X>
                <Y>0</Y>
            </Position>
            <Alignment>
                <TopLeft>true</TopLeft>
            </Alignment>
            <TemplateName>health_status_psn</TemplateName>
            <AdapterName>group_status1</AdapterName>
        </StatusIconDef>


        <StatusIconDef>
            <Position>
                <X>103</X>
                <Y>0</Y>
            </Position>
            <Alignment>
                <TopLeft>true</TopLeft>
            </Alignment>
            <TemplateName>health_status_psn</TemplateName>
            <AdapterName>group_status2</AdapterName>
        </StatusIconDef>


        <StatusIconDef>
            <Position>
                <X>103</X>
                <Y>0</Y>
            </Position>
            <Alignment>
                <TopLeft>true</TopLeft>
            </Alignment>
            <TemplateName>health_status_psn</TemplateName>
            <AdapterName>group_status3</AdapterName>
        </StatusIconDef>


        <StatusIconDef>
            <Position>
                <X>103</X>
                <Y>0</Y>
            </Position>
            <Alignment>
                <TopLeft>true</TopLeft>
            </Alignment>
            <TemplateName>health_status_psn</TemplateName>
            <AdapterName>group_status4</AdapterName>
        </StatusIconDef>


        <StatusIconDef>
            <Position>
                <X>103</X>
                <Y>0</Y>
            </Position>
            <Alignment>
                <TopLeft>true</TopLeft>
            </Alignment>
            <TemplateName>health_status_psn</TemplateName>
            <AdapterName>group_status5</AdapterName>
        </StatusIconDef>


        <StatusIconDef>
            <Position>
                <X>103</X>
                <Y>0</Y>
            </Position>
            <Alignment>
                <TopLeft>true</TopLeft>
            </Alignment>
            <TemplateName>health_status_psn</TemplateName>
            <AdapterName>group_status6</AdapterName>
        </StatusIconDef>


        <StatusIconDef>
            <Position>
                <X>103</X>
                <Y>0</Y>
            </Position>
            <Alignment>
                <TopLeft>true</TopLeft>
            </Alignment>
            <TemplateName>health_status_psn</TemplateName>
            <AdapterName>group_status7</AdapterName>
        </StatusIconDef>


    </WindowTemplate>


</Root_Element>
