<?xml version="1.0"?>
<Root_Element ID="DAOCUi">

<!-- @@ Edited with the DAoC User Interface Editor v1.80 -->
<!-- @@ Free download available at http://www.bradtownsend.com/daoced -->


    <WindowTemplate>
        <Name>new_group_window</Name>
        <WindowId>new_group</WindowId>
        <CloseButton>true</CloseButton>
        <MoveButton>true</MoveButton>
        <TopRightResizeButton>false</TopRightResizeButton>
        <BottomRightResizeButton>false</BottomRightResizeButton>
        <BottomLeftResizeButton>false</BottomLeftResizeButton>
        <ResizeButtonOffsetX>0</ResizeButtonOffsetX>
        <ResizeButtonOffsetY>0</ResizeButtonOffsetY>
        <TitleWidth>0</TitleWidth>
        <TitleHeight>0</TitleHeight>
        <Width>300</Width>
        <Height>150</Height>
        <ResizeableWidth>0</ResizeableWidth>
        <ResizeableHeight>0</ResizeableHeight>
        <ResizeableTwoWayWidth>0</ResizeableTwoWayWidth>
        <ResizeableTwoWayHeight>0</ResizeableTwoWayHeight>
        <MinWidth>0</MinWidth>
        <MinHeight>0</MinHeight>
        <ContextTemplateName></ContextTemplateName>


        <FullResizeImageDef>
            <ControlId>Background</ControlId>
            <Position>
                <X>0</X>
                <Y>0</Y>
            </Position>
            <Alignment>
                <TopLeft>true</TopLeft>
            </Alignment>
            <TemplateName>dlg_background_1px</TemplateName>
            <Width>300</Width>
            <Height>150</Height>
        </FullResizeImageDef>


        <StatusBarDef>
            <Position>
                <X>45</X>
                <Y>10</Y>
            </Position>
            <Alignment>
                <TopLeft>true</TopLeft>
            </Alignment>
            <TemplateName>red_status</TemplateName>
            <AdapterName>group_health0</AdapterName>
            <Width>100</Width>
        </StatusBarDef>


        <StatusBarDef>
            <Position>
                <X>45</X>
                <Y>28</Y>
            </Position>
            <Alignment>
                <TopLeft>true</TopLeft>
            </Alignment>
            <TemplateName>red_status</TemplateName>
            <AdapterName>group_health1</AdapterName>
            <Width>100</Width>
        </StatusBarDef>


        <StatusBarDef>
            <Position>
                <X>45</X>
                <Y>46</Y>
            </Position>
            <Alignment>
                <TopLeft>true</TopLeft>
            </Alignment>
            <TemplateName>red_status</TemplateName>
            <AdapterName>group_health2</AdapterName>
            <Width>100</Width>
        </StatusBarDef>


        <StatusBarDef>
            <Position>
                <X>45</X>
                <Y>64</Y>
            </Position>
            <Alignment>
                <TopLeft>true</TopLeft>
            </Alignment>
            <TemplateName>red_status</TemplateName>
            <AdapterName>group_health3</AdapterName>
            <Width>100</Width>
        </StatusBarDef>


        <StatusBarDef>
            <Position>
                <X>45</X>
                <Y>82</Y>
            </Position>
            <Alignment>
                <TopLeft>true</TopLeft>
            </Alignment>
            <TemplateName>red_status</TemplateName>
            <AdapterName>group_health4</AdapterName>
            <Width>100</Width>
        </StatusBarDef>


        <StatusBarDef>
            <Position>
                <X>45</X>
                <Y>100</Y>
            </Position>
            <Alignment>
                <TopLeft>true</TopLeft>
            </Alignment>
            <TemplateName>red_status</TemplateName>
            <AdapterName>group_health5</AdapterName>
            <Width>100</Width>
        </StatusBarDef>


        <StatusBarDef>
            <Position>
                <X>45</X>
                <Y>118</Y>
            </Position>
            <Alignment>
                <TopLeft>true</TopLeft>
            </Alignment>
            <TemplateName>red_status</TemplateName>
            <AdapterName>group_health6</AdapterName>
            <Width>100</Width>
        </StatusBarDef>


        <StatusBarDef>
            <Position>
                <X>45</X>
                <Y>136</Y>
            </Position>
            <Alignment>
                <TopLeft>true</TopLeft>
            </Alignment>
            <TemplateName>red_status</TemplateName>
            <AdapterName>group_health7</AdapterName>
            <Width>100</Width>
        </StatusBarDef>


        <LabelDef>
            <ControlId>1000</ControlId>
            <Position>
                <X>50</X>
                <Y>7</Y>
            </Position>
            <Color>
                <R>255</R>
                <G>255</G>
                <B>255</B>
                <A>255</A>
            </Color>
            <FontName>arial9</FontName>
            <Width>76</Width>
            <Height>18</Height>
            <MaxCharacters>24</MaxCharacters>
            <Data>group0</Data>
            <ColorAdapter>group_color0</ColorAdapter>
            <Adapter>group_name0</Adapter>
        </LabelDef>


        <LabelDef>
            <ControlId>1000</ControlId>
            <Position>
                <X>50</X>
                <Y>25</Y>
            </Position>
            <Color>
                <R>255</R>
                <G>255</G>
                <B>255</B>
                <A>255</A>
            </Color>
            <FontName>arial9</FontName>
            <Width>76</Width>
            <Height>18</Height>
            <MaxCharacters>24</MaxCharacters>
            <Data>group1</Data>
            <ColorAdapter>group_color0</ColorAdapter>
            <Adapter>group_name1</Adapter>
        </LabelDef>


        <LabelDef>
            <ControlId>1000</ControlId>
            <Position>
                <X>50</X>
                <Y>43</Y>
            </Position>
            <Color>
                <R>255</R>
                <G>255</G>
                <B>255</B>
                <A>255</A>
            </Color>
            <FontName>arial9</FontName>
            <Width>76</Width>
            <Height>18</Height>
            <MaxCharacters>24</MaxCharacters>
            <Data>group2</Data>
            <ColorAdapter>group_color0</ColorAdapter>
            <Adapter>group_name2</Adapter>
        </LabelDef>


        <LabelDef>
            <ControlId>1000</ControlId>
            <Position>
                <X>50</X>
                <Y>61</Y>
            </Position>
            <Color>
                <R>255</R>
                <G>255</G>
                <B>255</B>
                <A>255</A>
            </Color>
            <FontName>arial9</FontName>
            <Width>76</Width>
            <Height>18</Height>
            <MaxCharacters>24</MaxCharacters>
            <Data>group3</Data>
            <ColorAdapter>group_color0</ColorAdapter>
            <Adapter>group_name3</Adapter>
        </LabelDef>


        <LabelDef>
            <ControlId>1000</ControlId>
            <Position>
                <X>50</X>
                <Y>79</Y>
            </Position>
            <Color>
                <R>255</R>
                <G>255</G>
                <B>255</B>
                <A>255</A>
            </Color>
            <FontName>arial9</FontName>
            <Width>76</Width>
            <Height>18</Height>
            <MaxCharacters>24</MaxCharacters>
            <Data>group4</Data>
            <ColorAdapter>group_color0</ColorAdapter>
            <Adapter>group_name4</Adapter>
        </LabelDef>


        <LabelDef>
            <ControlId>1000</ControlId>
            <Position>
                <X>50</X>
                <Y>97</Y>
            </Position>
            <Color>
                <R>255</R>
                <G>255</G>
                <B>255</B>
                <A>255</A>
            </Color>
            <FontName>arial9</FontName>
            <Width>76</Width>
            <Height>18</Height>
            <MaxCharacters>24</MaxCharacters>
            <Data>group5</Data>
            <ColorAdapter>group_color0</ColorAdapter>
            <Adapter>group_name5</Adapter>
        </LabelDef>


        <LabelDef>
            <ControlId>1000</ControlId>
            <Position>
                <X>50</X>
                <Y>115</Y>
            </Position>
            <Color>
                <R>255</R>
                <G>255</G>
                <B>255</B>
                <A>255</A>
            </Color>
            <FontName>arial9</FontName>
            <Width>76</Width>
            <Height>18</Height>
            <MaxCharacters>24</MaxCharacters>
            <Data>group6</Data>
            <ColorAdapter>group_color0</ColorAdapter>
            <Adapter>group_name6</Adapter>
        </LabelDef>


        <LabelDef>
            <ControlId>1000</ControlId>
            <Position>
                <X>50</X>
                <Y>133</Y>
            </Position>
            <Color>
                <R>255</R>
                <G>255</G>
                <B>255</B>
                <A>255</A>
            </Color>
            <FontName>arial9</FontName>
            <Width>76</Width>
            <Height>18</Height>
            <MaxCharacters>24</MaxCharacters>
            <Data>group7</Data>
            <ColorAdapter>group_color0</ColorAdapter>
            <Adapter>group_name7</Adapter>
        </LabelDef>


        <ScalarLabelDef>
            <Position>
                <X>2</X>
                <Y>7</Y>
            </Position>
            <FontName>arial11</FontName>
            <Width>20</Width>
            <Height>15</Height>
            <MaxCharacters>999</MaxCharacters>
            <Color>
                <R>0</R>
                <G>204</G>
                <B>0</B>
                <A>255</A>
            </Color>
            <Adapter>group_endurance0</Adapter>
            <TextCentered>true</TextCentered>
            <DontDrawWhenNegOne>true</DontDrawWhenNegOne>
        </ScalarLabelDef>


        <ScalarLabelDef>
            <Position>
                <X>2</X>
                <Y>25</Y>
            </Position>
            <FontName>arial11</FontName>
            <Width>20</Width>
            <Height>15</Height>
            <MaxCharacters>999</MaxCharacters>
            <Color>
                <R>0</R>
                <G>204</G>
                <B>0</B>
                <A>255</A>
            </Color>
            <Adapter>group_endurance1</Adapter>
            <TextCentered>true</TextCentered>
            <DontDrawWhenNegOne>true</DontDrawWhenNegOne>
        </ScalarLabelDef>


        <ScalarLabelDef>
            <Position>
                <X>2</X>
                <Y>43</Y>
            </Position>
            <FontName>arial11</FontName>
            <Width>20</Width>
            <Height>15</Height>
            <MaxCharacters>999</MaxCharacters>
            <Color>
                <R>0</R>
                <G>204</G>
                <B>0</B>
                <A>255</A>
            </Color>
            <Adapter>group_endurance2</Adapter>
            <TextCentered>true</TextCentered>
            <DontDrawWhenNegOne>true</DontDrawWhenNegOne>
        </ScalarLabelDef>


        <ScalarLabelDef>
            <Position>
                <X>2</X>
                <Y>61</Y>
            </Position>
            <FontName>arial11</FontName>
            <Width>20</Width>
            <Height>15</Height>
            <MaxCharacters>999</MaxCharacters>
            <Color>
                <R>0</R>
                <G>204</G>
                <B>0</B>
                <A>255</A>
            </Color>
            <Adapter>group_endurance3</Adapter>
            <TextCentered>true</TextCentered>
            <DontDrawWhenNegOne>true</DontDrawWhenNegOne>
        </ScalarLabelDef>


        <ScalarLabelDef>
            <Position>
                <X>2</X>
                <Y>79</Y>
            </Position>
            <FontName>arial11</FontName>
            <Width>20</Width>
            <Height>15</Height>
            <MaxCharacters>999</MaxCharacters>
            <Color>
                <R>0</R>
                <G>204</G>
                <B>0</B>
                <A>255</A>
            </Color>
            <Adapter>group_endurance4</Adapter>
            <TextCentered>true</TextCentered>
            <DontDrawWhenNegOne>true</DontDrawWhenNegOne>
        </ScalarLabelDef>


        <ScalarLabelDef>
            <Position>
                <X>2</X>
                <Y>97</Y>
            </Position>
            <FontName>arial11</FontName>
            <Width>20</Width>
            <Height>15</Height>
            <MaxCharacters>999</MaxCharacters>
            <Color>
                <R>0</R>
                <G>204</G>
                <B>0</B>
                <A>255</A>
            </Color>
            <Adapter>group_endurance5</Adapter>
            <TextCentered>true</TextCentered>
            <DontDrawWhenNegOne>true</DontDrawWhenNegOne>
        </ScalarLabelDef>


        <ScalarLabelDef>
            <Position>
                <X>2</X>
                <Y>115</Y>
            </Position>
            <FontName>arial11</FontName>
            <Width>20</Width>
            <Height>15</Height>
            <MaxCharacters>999</MaxCharacters>
            <Color>
                <R>0</R>
                <G>204</G>
                <B>0</B>
                <A>255</A>
            </Color>
            <Adapter>group_endurance6</Adapter>
            <TextCentered>true</TextCentered>
            <DontDrawWhenNegOne>true</DontDrawWhenNegOne>
        </ScalarLabelDef>


        <ScalarLabelDef>
            <Position>
                <X>2</X>
                <Y>133</Y>
            </Position>
            <Alignment>
                <TopLeft>true</TopLeft>
            </Alignment>
            <FontName>arial11</FontName>
            <Width>20</Width>
            <Height>15</Height>
            <MaxCharacters>999</MaxCharacters>
            <Color>
                <R>0</R>
                <G>204</G>
                <B>0</B>
                <A>255</A>
            </Color>
            <Adapter>group_endurance7</Adapter>
            <TextCentered>true</TextCentered>
            <DontDrawWhenNegOne>true</DontDrawWhenNegOne>
        </ScalarLabelDef>


        <ScalarLabelDef>
            <Position>
                <X>150</X>
                <Y>7</Y>
            </Position>
            <FontName>arial11</FontName>
            <Width>20</Width>
            <Height>15</Height>
            <MaxCharacters>999</MaxCharacters>
            <Color>
                <R>255</R>
                <G>255</G>
                <B>255</B>
                <A>255</A>
            </Color>
            <Adapter>group_health0</Adapter>
            <TextCentered>true</TextCentered>
            <DontDrawWhenNegOne>true</DontDrawWhenNegOne>
        </ScalarLabelDef>


        <ScalarLabelDef>
            <Position>
                <X>150</X>
                <Y>25</Y>
            </Position>
            <FontName>arial11</FontName>
            <Width>20</Width>
            <Height>15</Height>
            <MaxCharacters>999</MaxCharacters>
            <Color>
                <R>255</R>
                <G>255</G>
                <B>255</B>
                <A>255</A>
            </Color>
            <Adapter>group_health1</Adapter>
            <TextCentered>true</TextCentered>
            <DontDrawWhenNegOne>true</DontDrawWhenNegOne>
        </ScalarLabelDef>


        <ScalarLabelDef>
            <Position>
                <X>150</X>
                <Y>43</Y>
            </Position>
            <FontName>arial11</FontName>
            <Width>20</Width>
            <Height>15</Height>
            <MaxCharacters>999</MaxCharacters>
            <Color>
                <R>255</R>
                <G>255</G>
                <B>255</B>
                <A>255</A>
            </Color>
            <Adapter>group_health2</Adapter>
            <TextCentered>true</TextCentered>
            <DontDrawWhenNegOne>true</DontDrawWhenNegOne>
        </ScalarLabelDef>


        <ScalarLabelDef>
            <Position>
                <X>150</X>
                <Y>61</Y>
            </Position>
            <FontName>arial11</FontName>
            <Width>20</Width>
            <Height>15</Height>
            <MaxCharacters>999</MaxCharacters>
            <Color>
                <R>255</R>
                <G>255</G>
                <B>255</B>
                <A>255</A>
            </Color>
            <Adapter>group_health3</Adapter>
            <TextCentered>true</TextCentered>
            <DontDrawWhenNegOne>true</DontDrawWhenNegOne>
        </ScalarLabelDef>


        <ScalarLabelDef>
            <Position>
                <X>150</X>
                <Y>79</Y>
            </Position>
            <FontName>arial11</FontName>
            <Width>20</Width>
            <Height>15</Height>
            <MaxCharacters>999</MaxCharacters>
            <Color>
                <R>255</R>
                <G>255</G>
                <B>255</B>
                <A>255</A>
            </Color>
            <Adapter>group_health4</Adapter>
            <TextCentered>true</TextCentered>
            <DontDrawWhenNegOne>true</DontDrawWhenNegOne>
        </ScalarLabelDef>


        <ScalarLabelDef>
            <Position>
                <X>150</X>
                <Y>97</Y>
            </Position>
            <FontName>arial11</FontName>
            <Width>20</Width>
            <Height>15</Height>
            <MaxCharacters>999</MaxCharacters>
            <Color>
                <R>255</R>
                <G>255</G>
                <B>255</B>
                <A>255</A>
            </Color>
            <Adapter>group_health5</Adapter>
            <TextCentered>true</TextCentered>
            <DontDrawWhenNegOne>true</DontDrawWhenNegOne>
        </ScalarLabelDef>


        <ScalarLabelDef>
            <Position>
                <X>150</X>
                <Y>115</Y>
            </Position>
            <FontName>arial11</FontName>
            <Width>20</Width>
            <Height>15</Height>
            <MaxCharacters>999</MaxCharacters>
            <Color>
                <R>255</R>
                <G>255</G>
                <B>255</B>
                <A>255</A>
            </Color>
            <Adapter>group_health6</Adapter>
            <TextCentered>true</TextCentered>
            <DontDrawWhenNegOne>true</DontDrawWhenNegOne>
        </ScalarLabelDef>


        <ScalarLabelDef>
            <Position>
                <X>150</X>
                <Y>133</Y>
            </Position>
            <FontName>arial11</FontName>
            <Width>20</Width>
            <Height>15</Height>
            <MaxCharacters>999</MaxCharacters>
            <Color>
                <R>255</R>
                <G>255</G>
                <B>255</B>
                <A>255</A>
            </Color>
            <Adapter>group_health7</Adapter>
            <TextCentered>true</TextCentered>
            <DontDrawWhenNegOne>true</DontDrawWhenNegOne>
        </ScalarLabelDef>


        <ScalarLabelDef>
            <Position>
                <X>22</X>
                <Y>7</Y>
            </Position>
            <FontName>arial11</FontName>
            <Width>20</Width>
            <Height>15</Height>
            <MaxCharacters>999</MaxCharacters>
            <Color>
                <R>204</R>
                <G>204</G>
                <B>0</B>
                <A>255</A>
            </Color>
            <Adapter>group_power0</Adapter>
            <TextCentered>true</TextCentered>
            <DontDrawWhenNegOne>true</DontDrawWhenNegOne>
        </ScalarLabelDef>


        <ScalarLabelDef>
            <Position>
                <X>22</X>
                <Y>25</Y>
            </Position>
            <FontName>arial11</FontName>
            <Width>20</Width>
            <Height>15</Height>
            <MaxCharacters>999</MaxCharacters>
            <Color>
                <R>204</R>
                <G>204</G>
                <B>0</B>
                <A>255</A>
            </Color>
            <Adapter>group_power1</Adapter>
            <TextCentered>true</TextCentered>
            <DontDrawWhenNegOne>true</DontDrawWhenNegOne>
        </ScalarLabelDef>


        <ScalarLabelDef>
            <Position>
                <X>22</X>
                <Y>43</Y>
            </Position>
            <FontName>arial11</FontName>
            <Width>20</Width>
            <Height>15</Height>
            <MaxCharacters>999</MaxCharacters>
            <Color>
                <R>204</R>
                <G>204</G>
                <B>0</B>
                <A>255</A>
            </Color>
            <Adapter>group_power2</Adapter>
            <TextCentered>true</TextCentered>
            <DontDrawWhenNegOne>true</DontDrawWhenNegOne>
        </ScalarLabelDef>


        <ScalarLabelDef>
            <Position>
                <X>22</X>
                <Y>61</Y>
            </Position>
            <FontName>arial11</FontName>
            <Width>20</Width>
            <Height>15</Height>
            <MaxCharacters>999</MaxCharacters>
            <Color>
                <R>204</R>
                <G>204</G>
                <B>0</B>
                <A>255</A>
            </Color>
            <Adapter>group_power3</Adapter>
            <TextCentered>true</TextCentered>
            <DontDrawWhenNegOne>true</DontDrawWhenNegOne>
        </ScalarLabelDef>


        <ScalarLabelDef>
            <Position>
                <X>22</X>
                <Y>79</Y>
            </Position>
            <FontName>arial11</FontName>
            <Width>20</Width>
            <Height>15</Height>
            <MaxCharacters>999</MaxCharacters>
            <Color>
                <R>204</R>
                <G>204</G>
                <B>0</B>
                <A>255</A>
            </Color>
            <Adapter>group_power4</Adapter>
            <TextCentered>true</TextCentered>
            <DontDrawWhenNegOne>true</DontDrawWhenNegOne>
        </ScalarLabelDef>


        <ScalarLabelDef>
            <Position>
                <X>22</X>
                <Y>97</Y>
            </Position>
            <FontName>arial11</FontName>
            <Width>20</Width>
            <Height>15</Height>
            <MaxCharacters>999</MaxCharacters>
            <Color>
                <R>204</R>
                <G>204</G>
                <B>0</B>
                <A>255</A>
            </Color>
            <Adapter>group_power5</Adapter>
            <TextCentered>true</TextCentered>
            <DontDrawWhenNegOne>true</DontDrawWhenNegOne>
        </ScalarLabelDef>


        <ScalarLabelDef>
            <Position>
                <X>22</X>
                <Y>115</Y>
            </Position>
            <FontName>arial11</FontName>
            <Width>20</Width>
            <Height>15</Height>
            <MaxCharacters>999</MaxCharacters>
            <Color>
                <R>204</R>
                <G>204</G>
                <B>0</B>
                <A>255</A>
            </Color>
            <Adapter>group_power6</Adapter>
            <TextCentered>true</TextCentered>
            <DontDrawWhenNegOne>true</DontDrawWhenNegOne>
        </ScalarLabelDef>


        <ScalarLabelDef>
            <Position>
                <X>22</X>
                <Y>133</Y>
            </Position>
            <FontName>arial11</FontName>
            <Width>20</Width>
            <Height>15</Height>
            <MaxCharacters>999</MaxCharacters>
            <Color>
                <R>204</R>
                <G>204</G>
                <B>0</B>
                <A>255</A>
            </Color>
            <Adapter>group_power7</Adapter>
            <TextCentered>true</TextCentered>
            <DontDrawWhenNegOne>true</DontDrawWhenNegOne>
        </ScalarLabelDef>


        <ScalarLabelDef>
            <ControlId>2007</ControlId>
            <Position>
                <X>280</X>
                <Y>7</Y>
            </Position>
            <Alignment>
                <TopLeft>true</TopLeft>
            </Alignment>
            <FontName>arial9</FontName>
            <Width>64</Width>
            <Height>16</Height>
            <MaxCharacters>16</MaxCharacters>
            <Color>
                <R>255</R>
                <G>255</G>
                <B>255</B>
                <A>255</A>
            </Color>
            <Adapter>group_level0</Adapter>
            <DontDrawWhenNegOne>true</DontDrawWhenNegOne>
        </ScalarLabelDef>


        <ScalarLabelDef>
            <ControlId>2007</ControlId>
            <Position>
                <X>280</X>
                <Y>25</Y>
            </Position>
            <Alignment>
                <TopLeft>true</TopLeft>
            </Alignment>
            <FontName>arial9</FontName>
            <Width>64</Width>
            <Height>16</Height>
            <MaxCharacters>16</MaxCharacters>
            <Color>
                <R>255</R>
                <G>255</G>
                <B>255</B>
                <A>255</A>
            </Color>
            <Adapter>group_level1</Adapter>
            <DontDrawWhenNegOne>true</DontDrawWhenNegOne>
        </ScalarLabelDef>


        <ScalarLabelDef>
            <ControlId>2007</ControlId>
            <Position>
                <X>280</X>
                <Y>43</Y>
            </Position>
            <Alignment>
                <TopLeft>true</TopLeft>
            </Alignment>
            <FontName>arial9</FontName>
            <Width>64</Width>
            <Height>16</Height>
            <MaxCharacters>16</MaxCharacters>
            <Color>
                <R>255</R>
                <G>255</G>
                <B>255</B>
                <A>255</A>
            </Color>
            <Adapter>group_level2</Adapter>
            <DontDrawWhenNegOne>true</DontDrawWhenNegOne>
        </ScalarLabelDef>


        <ScalarLabelDef>
            <ControlId>2007</ControlId>
            <Position>
                <X>280</X>
                <Y>61</Y>
            </Position>
            <Alignment>
                <TopLeft>true</TopLeft>
            </Alignment>
            <FontName>arial9</FontName>
            <Width>64</Width>
            <Height>16</Height>
            <MaxCharacters>16</MaxCharacters>
            <Color>
                <R>255</R>
                <G>255</G>
                <B>255</B>
                <A>255</A>
            </Color>
            <Adapter>group_level3</Adapter>
            <DontDrawWhenNegOne>true</DontDrawWhenNegOne>
        </ScalarLabelDef>


        <ScalarLabelDef>
            <ControlId>2007</ControlId>
            <Position>
                <X>280</X>
                <Y>79</Y>
            </Position>
            <Alignment>
                <TopLeft>true</TopLeft>
            </Alignment>
            <FontName>arial9</FontName>
            <Width>64</Width>
            <Height>16</Height>
            <MaxCharacters>16</MaxCharacters>
            <Color>
                <R>255</R>
                <G>255</G>
                <B>255</B>
                <A>255</A>
            </Color>
            <Adapter>group_level4</Adapter>
            <DontDrawWhenNegOne>true</DontDrawWhenNegOne>
        </ScalarLabelDef>


        <ScalarLabelDef>
            <ControlId>2007</ControlId>
            <Position>
                <X>280</X>
                <Y>97</Y>
            </Position>
            <Alignment>
                <TopLeft>true</TopLeft>
            </Alignment>
            <FontName>arial9</FontName>
            <Width>64</Width>
            <Height>16</Height>
            <MaxCharacters>16</MaxCharacters>
            <Color>
                <R>255</R>
                <G>255</G>
                <B>255</B>
                <A>255</A>
            </Color>
            <Adapter>group_level5</Adapter>
            <DontDrawWhenNegOne>true</DontDrawWhenNegOne>
        </ScalarLabelDef>


        <ScalarLabelDef>
            <ControlId>2007</ControlId>
            <Position>
                <X>280</X>
                <Y>115</Y>
            </Position>
            <Alignment>
                <TopLeft>true</TopLeft>
            </Alignment>
            <FontName>arial9</FontName>
            <Width>64</Width>
            <Height>16</Height>
            <MaxCharacters>16</MaxCharacters>
            <Color>
                <R>255</R>
                <G>255</G>
                <B>255</B>
                <A>255</A>
            </Color>
            <Adapter>group_level6</Adapter>
            <DontDrawWhenNegOne>true</DontDrawWhenNegOne>
        </ScalarLabelDef>


        <ScalarLabelDef>
            <ControlId>2007</ControlId>
            <Position>
                <X>280</X>
                <Y>133</Y>
            </Position>
            <Alignment>
                <TopLeft>true</TopLeft>
            </Alignment>
            <FontName>arial9</FontName>
            <Width>64</Width>
            <Height>16</Height>
            <MaxCharacters>16</MaxCharacters>
            <Color>
                <R>255</R>
                <G>255</G>
                <B>255</B>
                <A>255</A>
            </Color>
            <Adapter>group_level7</Adapter>
            <DontDrawWhenNegOne>true</DontDrawWhenNegOne>
        </ScalarLabelDef>


        <LabelDef>
            <Position>
                <X>200</X>
                <Y>7</Y>
            </Position>
            <Alignment>
                <TopLeft>true</TopLeft>
            </Alignment>
            <Color>
                <R>255</R>
                <G>255</G>
                <B>255</B>
                <A>255</A>
            </Color>
            <FontName>arial9</FontName>
            <Width>128</Width>
            <Height>18</Height>
            <MaxCharacters>32</MaxCharacters>
            <Adapter>group_class0</Adapter>
        </LabelDef>


        <LabelDef>
            <Position>
                <X>200</X>
                <Y>25</Y>
            </Position>
            <Alignment>
                <TopLeft>true</TopLeft>
            </Alignment>
            <Color>
                <R>255</R>
                <G>255</G>
                <B>255</B>
                <A>255</A>
            </Color>
            <FontName>arial9</FontName>
            <Width>128</Width>
            <Height>18</Height>
            <MaxCharacters>32</MaxCharacters>
            <Adapter>group_class1</Adapter>
        </LabelDef>


        <LabelDef>
            <Position>
                <X>200</X>
                <Y>43</Y>
            </Position>
            <Alignment>
                <TopLeft>true</TopLeft>
            </Alignment>
            <Color>
                <R>255</R>
                <G>255</G>
                <B>255</B>
                <A>255</A>
            </Color>
            <FontName>arial9</FontName>
            <Width>128</Width>
            <Height>18</Height>
            <MaxCharacters>32</MaxCharacters>
            <Adapter>group_class2</Adapter>
        </LabelDef>


        <LabelDef>
            <Position>
                <X>200</X>
                <Y>61</Y>
            </Position>
            <Alignment>
                <TopLeft>true</TopLeft>
            </Alignment>
            <Color>
                <R>255</R>
                <G>255</G>
                <B>255</B>
                <A>255</A>
            </Color>
            <FontName>arial9</FontName>
            <Width>128</Width>
            <Height>18</Height>
            <MaxCharacters>32</MaxCharacters>
            <Adapter>group_class3</Adapter>
        </LabelDef>


        <LabelDef>
            <Position>
                <X>200</X>
                <Y>79</Y>
            </Position>
            <Alignment>
                <TopLeft>true</TopLeft>
            </Alignment>
            <Color>
                <R>255</R>
                <G>255</G>
                <B>255</B>
                <A>255</A>
            </Color>
            <FontName>arial9</FontName>
            <Width>128</Width>
            <Height>18</Height>
            <MaxCharacters>32</MaxCharacters>
            <Adapter>group_class4</Adapter>
        </LabelDef>


        <LabelDef>
            <Position>
                <X>200</X>
                <Y>97</Y>
            </Position>
            <Alignment>
                <TopLeft>true</TopLeft>
            </Alignment>
            <Color>
                <R>255</R>
                <G>255</G>
                <B>255</B>
                <A>255</A>
            </Color>
            <FontName>arial9</FontName>
            <Width>128</Width>
            <Height>18</Height>
            <MaxCharacters>32</MaxCharacters>
            <Adapter>group_class5</Adapter>
        </LabelDef>


        <LabelDef>
            <Position>
                <X>200</X>
                <Y>115</Y>
            </Position>
            <Alignment>
                <TopLeft>true</TopLeft>
            </Alignment>
            <Color>
                <R>255</R>
                <G>255</G>
                <B>255</B>
                <A>255</A>
            </Color>
            <FontName>arial9</FontName>
            <Width>128</Width>
            <Height>18</Height>
            <MaxCharacters>32</MaxCharacters>
            <Adapter>group_class6</Adapter>
        </LabelDef>


        <LabelDef>
            <Position>
                <X>200</X>
                <Y>133</Y>
            </Position>
            <Alignment>
                <TopLeft>true</TopLeft>
            </Alignment>
            <Color>
                <R>255</R>
                <G>255</G>
                <B>255</B>
                <A>255</A>
            </Color>
            <FontName>arial9</FontName>
            <Width>128</Width>
            <Height>18</Height>
            <MaxCharacters>32</MaxCharacters>
            <Adapter>group_class7</Adapter>
        </LabelDef>


        <InvisibleButtonDef>
            <Position>
                <X>1</X>
                <Y>3</Y>
            </Position>
            <Label>grouptarget0</Label>
            <OnClickEvent>SelectGroupMember0</OnClickEvent>
            <Width>298</Width>
            <Height>18</Height>
        </InvisibleButtonDef>


        <InvisibleButtonDef>
            <Position>
                <X>1</X>
                <Y>21</Y>
            </Position>
            <Label>grouptarget1</Label>
            <OnClickEvent>SelectGroupMember1</OnClickEvent>
            <Width>298</Width>
            <Height>18</Height>
        </InvisibleButtonDef>


        <InvisibleButtonDef>
            <Position>
                <X>1</X>
                <Y>39</Y>
            </Position>
            <Label>grouptarget2</Label>
            <OnClickEvent>SelectGroupMember2</OnClickEvent>
            <Width>298</Width>
            <Height>18</Height>
        </InvisibleButtonDef>


        <InvisibleButtonDef>
            <Position>
                <X>1</X>
                <Y>57</Y>
            </Position>
            <Label>grouptarget3</Label>
            <OnClickEvent>SelectGroupMember3</OnClickEvent>
            <Width>298</Width>
            <Height>18</Height>
        </InvisibleButtonDef>


        <InvisibleButtonDef>
            <Position>
                <X>1</X>
                <Y>75</Y>
            </Position>
            <Label>grouptarget4</Label>
            <OnClickEvent>SelectGroupMember4</OnClickEvent>
            <Width>298</Width>
            <Height>18</Height>
        </InvisibleButtonDef>


        <InvisibleButtonDef>
            <Position>
                <X>1</X>
                <Y>93</Y>
            </Position>
            <Label>grouptarget5</Label>
            <OnClickEvent>SelectGroupMember5</OnClickEvent>
            <Width>298</Width>
            <Height>18</Height>
        </InvisibleButtonDef>


        <InvisibleButtonDef>
            <Position>
                <X>1</X>
                <Y>111</Y>
            </Position>
            <Label>grouptarget6</Label>
            <OnClickEvent>SelectGroupMember6</OnClickEvent>
            <Width>298</Width>
            <Height>18</Height>
        </InvisibleButtonDef>


        <InvisibleButtonDef>
            <Position>
                <X>1</X>
                <Y>129</Y>
            </Position>
            <Label>grouptarget7</Label>
            <OnClickEvent>SelectGroupMember7</OnClickEvent>
            <Width>298</Width>
            <Height>18</Height>
        </InvisibleButtonDef>


    </WindowTemplate>


</Root_Element>
