<?xml version="1.0"?>
<Root_Element ID="DAOCUi">

<!-- @@ Edited with the DAoC User Interface Editor v1.80 -->
<!-- @@ Free download available at http://www.bradtownsend.com/daoced -->


    <WindowTemplate>
        <Name>group_buffs</Name>
        <WindowId>group_buffs</WindowId>
        <CloseButton>false</CloseButton>
        <MoveButton>false</MoveButton>
        <TopRightResizeButton>false</TopRightResizeButton>
        <BottomRightResizeButton>false</BottomRightResizeButton>
        <BottomLeftResizeButton>false</BottomLeftResizeButton>
        <ResizeButtonOffsetX>0</ResizeButtonOffsetX>
        <ResizeButtonOffsetY>0</ResizeButtonOffsetY>
        <TitleWidth>0</TitleWidth>
        <TitleHeight>0</TitleHeight>
        <Width>423</Width>
        <Height>171</Height>
        <ResizeableWidth>0</ResizeableWidth>
        <ResizeableHeight>0</ResizeableHeight>
        <ResizeableTwoWayWidth>0</ResizeableTwoWayWidth>
        <ResizeableTwoWayHeight>0</ResizeableTwoWayHeight>
        <MinWidth>0</MinWidth>
        <MinHeight>0</MinHeight>
        <ContextTemplateName></ContextTemplateName>


        <!-- Group Member 0-->


        <StatusIconDef>
            <Position>
                <X>0</X>
                <Y>0</Y>
            </Position>
            <TemplateName>_witt_buffbg</TemplateName>
            <AdapterName></AdapterName>
        </StatusIconDef>


        <LabelDef>
            <Position>
                <X>4</X>
                <Y>1</Y>
            </Position>
            <Alignment>
                <TopLeft>true</TopLeft>
            </Alignment>
            <Color>
                <R>255</R>
                <G>255</G>
                <B>255</B>
                <A>255</A>
            </Color>
            <FontName>_whatisthisfont11pxds</FontName>
            <Width>54</Width>
            <Height>16</Height>
            <MaxCharacters>128</MaxCharacters>
            <Data>Group class 0</Data>
            <Adapter>group_class0</Adapter>
        </LabelDef>


        <LabelDef>
            <Position>
                <X>60</X>
                <Y>1</Y>
            </Position>
            <Alignment>
                <TopLeft>true</TopLeft>
            </Alignment>
            <Color>
                <R>208</R>
                <G>228</G>
                <B>229</B>
                <A>255</A>
            </Color>
            <FontName>_whatisthisfont11pxds</FontName>
            <Width>44</Width>
            <Height>16</Height>
            <MaxCharacters>128</MaxCharacters>
            <Data>Group member 0</Data>
            <ColorAdapter>group_color0</ColorAdapter>
            <Adapter>group_name0</Adapter>
        </LabelDef>


        <IconDef>
            <Position>
                <X>2</X>
                <Y>16</Y>
            </Position>
            <Alignment>
                <TopLeft>true</TopLeft>
            </Alignment>
            <TemplateName>plain_icon_small</TemplateName>
            <AdapterName>group_0icon0</AdapterName>
            <IconId>-1</IconId>
            <Data></Data>
        </IconDef>


        <IconDef>
            <Position>
                <X>19</X>
                <Y>16</Y>
            </Position>
            <Alignment>
                <TopLeft>true</TopLeft>
            </Alignment>
            <TemplateName>plain_icon_small</TemplateName>
            <AdapterName>group_0icon1</AdapterName>
            <IconId>-1</IconId>
            <Data></Data>
        </IconDef>


        <IconDef>
            <Position>
                <X>36</X>
                <Y>16</Y>
            </Position>
            <Alignment>
                <TopLeft>true</TopLeft>
            </Alignment>
            <TemplateName>plain_icon_small</TemplateName>
            <AdapterName>group_0icon2</AdapterName>
            <IconId>-1</IconId>
            <Data></Data>
        </IconDef>


        <IconDef>
            <Position>
                <X>53</X>
                <Y>16</Y>
            </Position>
            <Alignment>
                <TopLeft>true</TopLeft>
            </Alignment>
            <TemplateName>plain_icon_small</TemplateName>
            <AdapterName>group_0icon3</AdapterName>
            <IconId>-1</IconId>
            <Data></Data>
        </IconDef>


        <IconDef>
            <Position>
                <X>70</X>
                <Y>16</Y>
            </Position>
            <Alignment>
                <TopLeft>true</TopLeft>
            </Alignment>
            <TemplateName>plain_icon_small</TemplateName>
            <AdapterName>group_0icon4</AdapterName>
            <IconId>-1</IconId>
            <Data></Data>
        </IconDef>


        <IconDef>
            <Position>
                <X>87</X>
                <Y>16</Y>
            </Position>
            <Alignment>
                <TopLeft>true</TopLeft>
            </Alignment>
            <TemplateName>plain_icon_small</TemplateName>
            <AdapterName>group_0icon5</AdapterName>
            <IconId>-1</IconId>
            <Data></Data>
        </IconDef>


        <IconDef>
            <Position>
                <X>2</X>
                <Y>33</Y>
            </Position>
            <Alignment>
                <TopLeft>true</TopLeft>
            </Alignment>
            <TemplateName>plain_icon_small</TemplateName>
            <AdapterName>group_0icon6</AdapterName>
            <IconId>-1</IconId>
            <Data></Data>
        </IconDef>


        <IconDef>
            <Position>
                <X>19</X>
                <Y>33</Y>
            </Position>
            <Alignment>
                <TopLeft>true</TopLeft>
            </Alignment>
            <TemplateName>plain_icon_small</TemplateName>
            <AdapterName>group_0icon7</AdapterName>
            <IconId>-1</IconId>
            <Data></Data>
        </IconDef>


        <IconDef>
            <Position>
                <X>36</X>
                <Y>33</Y>
            </Position>
            <Alignment>
                <TopLeft>true</TopLeft>
            </Alignment>
            <TemplateName>plain_icon_small</TemplateName>
            <AdapterName>group_0icon8</AdapterName>
            <IconId>-1</IconId>
            <Data></Data>
        </IconDef>


        <IconDef>
            <Position>
                <X>53</X>
                <Y>33</Y>
            </Position>
            <Alignment>
                <TopLeft>true</TopLeft>
            </Alignment>
            <TemplateName>plain_icon_small</TemplateName>
            <AdapterName>group_0icon9</AdapterName>
            <IconId>-1</IconId>
            <Data></Data>
        </IconDef>


        <IconDef>
            <Position>
                <X>70</X>
                <Y>33</Y>
            </Position>
            <Alignment>
                <TopLeft>true</TopLeft>
            </Alignment>
            <TemplateName>plain_icon_small</TemplateName>
            <AdapterName>group_0icon10</AdapterName>
            <IconId>-1</IconId>
            <Data></Data>
        </IconDef>


        <IconDef>
            <Position>
                <X>87</X>
                <Y>33</Y>
            </Position>
            <Alignment>
                <TopLeft>true</TopLeft>
            </Alignment>
            <TemplateName>plain_icon_small</TemplateName>
            <AdapterName>group_0icon11</AdapterName>
            <IconId>-1</IconId>
            <Data></Data>
        </IconDef>


        <IconDef>
            <Position>
                <X>2</X>
                <Y>50</Y>
            </Position>
            <Alignment>
                <TopLeft>true</TopLeft>
            </Alignment>
            <TemplateName>plain_icon_small</TemplateName>
            <AdapterName>group_0icon12</AdapterName>
            <IconId>-1</IconId>
            <Data></Data>
        </IconDef>


        <IconDef>
            <Position>
                <X>19</X>
                <Y>50</Y>
            </Position>
            <Alignment>
                <TopLeft>true</TopLeft>
            </Alignment>
            <TemplateName>plain_icon_small</TemplateName>
            <AdapterName>group_0icon13</AdapterName>
            <IconId>-1</IconId>
            <Data></Data>
        </IconDef>


        <IconDef>
            <Position>
                <X>36</X>
                <Y>50</Y>
            </Position>
            <Alignment>
                <TopLeft>true</TopLeft>
            </Alignment>
            <TemplateName>plain_icon_small</TemplateName>
            <AdapterName>group_0icon14</AdapterName>
            <IconId>-1</IconId>
            <Data></Data>
        </IconDef>


        <IconDef>
            <Position>
                <X>53</X>
                <Y>50</Y>
            </Position>
            <Alignment>
                <TopLeft>true</TopLeft>
            </Alignment>
            <TemplateName>plain_icon_small</TemplateName>
            <AdapterName>group_0icon15</AdapterName>
            <IconId>-1</IconId>
            <Data></Data>
        </IconDef>


        <IconDef>
            <Position>
                <X>70</X>
                <Y>50</Y>
            </Position>
            <Alignment>
                <TopLeft>true</TopLeft>
            </Alignment>
            <TemplateName>plain_icon_small</TemplateName>
            <AdapterName>group_0icon16</AdapterName>
            <IconId>-1</IconId>
            <Data></Data>
        </IconDef>


        <IconDef>
            <Position>
                <X>87</X>
                <Y>50</Y>
            </Position>
            <Alignment>
                <TopLeft>true</TopLeft>
            </Alignment>
            <TemplateName>plain_icon_small</TemplateName>
            <AdapterName>group_0icon17</AdapterName>
            <IconId>-1</IconId>
            <Data></Data>
        </IconDef>


        <IconDef>
            <Position>
                <X>2</X>
                <Y>67</Y>
            </Position>
            <Alignment>
                <TopLeft>true</TopLeft>
            </Alignment>
            <TemplateName>plain_icon_small</TemplateName>
            <AdapterName>group_0icon18</AdapterName>
            <IconId>-1</IconId>
            <Data></Data>
        </IconDef>


        <IconDef>
            <Position>
                <X>19</X>
                <Y>67</Y>
            </Position>
            <Alignment>
                <TopLeft>true</TopLeft>
            </Alignment>
            <TemplateName>plain_icon_small</TemplateName>
            <AdapterName>group_0icon19</AdapterName>
            <IconId>-1</IconId>
            <Data></Data>
        </IconDef>


        <IconDef>
            <Position>
                <X>36</X>
                <Y>67</Y>
            </Position>
            <Alignment>
                <TopLeft>true</TopLeft>
            </Alignment>
            <TemplateName>plain_icon_small</TemplateName>
            <AdapterName>group_0icon20</AdapterName>
            <IconId>-1</IconId>
            <Data></Data>
        </IconDef>


        <IconDef>
            <Position>
                <X>53</X>
                <Y>67</Y>
            </Position>
            <Alignment>
                <TopLeft>true</TopLeft>
            </Alignment>
            <TemplateName>plain_icon_small</TemplateName>
            <AdapterName>group_0icon21</AdapterName>
            <IconId>-1</IconId>
            <Data></Data>
        </IconDef>


        <IconDef>
            <Position>
                <X>70</X>
                <Y>67</Y>
            </Position>
            <Alignment>
                <TopLeft>true</TopLeft>
            </Alignment>
            <TemplateName>plain_icon_small</TemplateName>
            <AdapterName>group_0icon22</AdapterName>
            <IconId>-1</IconId>
            <Data></Data>
        </IconDef>


        <IconDef>
            <Position>
                <X>87</X>
                <Y>67</Y>
            </Position>
            <Alignment>
                <TopLeft>true</TopLeft>
            </Alignment>
            <TemplateName>plain_icon_small</TemplateName>
            <AdapterName>group_0icon23</AdapterName>
            <IconId>-1</IconId>
            <Data></Data>
        </IconDef>


        <InvisibleButtonDef>
            <Position>
                <X>0</X>
                <Y>0</Y>
            </Position>
            <Alignment>
                <TopLeft>true</TopLeft>
            </Alignment>
            <Label></Label>
            <OnClickEvent>SelectGroupMember0</OnClickEvent>
            <Width>105</Width>
            <Height>85</Height>
        </InvisibleButtonDef>


        <!-- Group Member 1-->


        <StatusIconDef>
            <Position>
                <X>106</X>
                <Y>0</Y>
            </Position>
            <TemplateName>_witt_buffbg</TemplateName>
            <AdapterName></AdapterName>
        </StatusIconDef>


        <LabelDef>
            <Position>
                <X>110</X>
                <Y>1</Y>
            </Position>
            <Alignment>
                <TopLeft>true</TopLeft>
            </Alignment>
            <Color>
                <R>255</R>
                <G>255</G>
                <B>255</B>
                <A>255</A>
            </Color>
            <FontName>_whatisthisfont11pxds</FontName>
            <Width>54</Width>
            <Height>16</Height>
            <MaxCharacters>128</MaxCharacters>
            <Data>Group class 1</Data>
            <Adapter>group_class1</Adapter>
        </LabelDef>


        <LabelDef>
            <Position>
                <X>166</X>
                <Y>1</Y>
            </Position>
            <Alignment>
                <TopLeft>true</TopLeft>
            </Alignment>
            <Color>
                <R>208</R>
                <G>228</G>
                <B>229</B>
                <A>255</A>
            </Color>
            <FontName>_whatisthisfont11pxds</FontName>
            <Width>44</Width>
            <Height>16</Height>
            <MaxCharacters>128</MaxCharacters>
            <Data>Group member 1</Data>
            <ColorAdapter>group_color1</ColorAdapter>
            <Adapter>group_name1</Adapter>
        </LabelDef>


        <IconDef>
            <Position>
                <X>108</X>
                <Y>16</Y>
            </Position>
            <Alignment>
                <TopLeft>true</TopLeft>
            </Alignment>
            <TemplateName>plain_icon_small</TemplateName>
            <AdapterName>group_1icon0</AdapterName>
            <IconId>-1</IconId>
            <Data></Data>
        </IconDef>


        <IconDef>
            <Position>
                <X>125</X>
                <Y>16</Y>
            </Position>
            <Alignment>
                <TopLeft>true</TopLeft>
            </Alignment>
            <TemplateName>plain_icon_small</TemplateName>
            <AdapterName>group_1icon1</AdapterName>
            <IconId>-1</IconId>
            <Data></Data>
        </IconDef>


        <IconDef>
            <Position>
                <X>142</X>
                <Y>16</Y>
            </Position>
            <Alignment>
                <TopLeft>true</TopLeft>
            </Alignment>
            <TemplateName>plain_icon_small</TemplateName>
            <AdapterName>group_1icon2</AdapterName>
            <IconId>-1</IconId>
            <Data></Data>
        </IconDef>


        <IconDef>
            <Position>
                <X>159</X>
                <Y>16</Y>
            </Position>
            <Alignment>
                <TopLeft>true</TopLeft>
            </Alignment>
            <TemplateName>plain_icon_small</TemplateName>
            <AdapterName>group_1icon3</AdapterName>
            <IconId>-1</IconId>
            <Data></Data>
        </IconDef>


        <IconDef>
            <Position>
                <X>176</X>
                <Y>16</Y>
            </Position>
            <Alignment>
                <TopLeft>true</TopLeft>
            </Alignment>
            <TemplateName>plain_icon_small</TemplateName>
            <AdapterName>group_1icon4</AdapterName>
            <IconId>-1</IconId>
            <Data></Data>
        </IconDef>


        <IconDef>
            <Position>
                <X>193</X>
                <Y>16</Y>
            </Position>
            <Alignment>
                <TopLeft>true</TopLeft>
            </Alignment>
            <TemplateName>plain_icon_small</TemplateName>
            <AdapterName>group_1icon5</AdapterName>
            <IconId>-1</IconId>
            <Data></Data>
        </IconDef>


        <IconDef>
            <Position>
                <X>108</X>
                <Y>33</Y>
            </Position>
            <Alignment>
                <TopLeft>true</TopLeft>
            </Alignment>
            <TemplateName>plain_icon_small</TemplateName>
            <AdapterName>group_1icon6</AdapterName>
            <IconId>-1</IconId>
            <Data></Data>
        </IconDef>


        <IconDef>
            <Position>
                <X>125</X>
                <Y>33</Y>
            </Position>
            <Alignment>
                <TopLeft>true</TopLeft>
            </Alignment>
            <TemplateName>plain_icon_small</TemplateName>
            <AdapterName>group_1icon7</AdapterName>
            <IconId>-1</IconId>
            <Data></Data>
        </IconDef>


        <IconDef>
            <Position>
                <X>142</X>
                <Y>33</Y>
            </Position>
            <Alignment>
                <TopLeft>true</TopLeft>
            </Alignment>
            <TemplateName>plain_icon_small</TemplateName>
            <AdapterName>group_1icon8</AdapterName>
            <IconId>-1</IconId>
            <Data></Data>
        </IconDef>


        <IconDef>
            <Position>
                <X>159</X>
                <Y>33</Y>
            </Position>
            <Alignment>
                <TopLeft>true</TopLeft>
            </Alignment>
            <TemplateName>plain_icon_small</TemplateName>
            <AdapterName>group_1icon9</AdapterName>
            <IconId>-1</IconId>
            <Data></Data>
        </IconDef>


        <IconDef>
            <Position>
                <X>176</X>
                <Y>33</Y>
            </Position>
            <Alignment>
                <TopLeft>true</TopLeft>
            </Alignment>
            <TemplateName>plain_icon_small</TemplateName>
            <AdapterName>group_1icon10</AdapterName>
            <IconId>-1</IconId>
            <Data></Data>
        </IconDef>


        <IconDef>
            <Position>
                <X>193</X>
                <Y>33</Y>
            </Position>
            <Alignment>
                <TopLeft>true</TopLeft>
            </Alignment>
            <TemplateName>plain_icon_small</TemplateName>
            <AdapterName>group_1icon11</AdapterName>
            <IconId>-1</IconId>
            <Data></Data>
        </IconDef>


        <IconDef>
            <Position>
                <X>108</X>
                <Y>50</Y>
            </Position>
            <Alignment>
                <TopLeft>true</TopLeft>
            </Alignment>
            <TemplateName>plain_icon_small</TemplateName>
            <AdapterName>group_1icon12</AdapterName>
            <IconId>-1</IconId>
            <Data></Data>
        </IconDef>


        <IconDef>
            <Position>
                <X>125</X>
                <Y>50</Y>
            </Position>
            <Alignment>
                <TopLeft>true</TopLeft>
            </Alignment>
            <TemplateName>plain_icon_small</TemplateName>
            <AdapterName>group_1icon13</AdapterName>
            <IconId>-1</IconId>
            <Data></Data>
        </IconDef>


        <IconDef>
            <Position>
                <X>142</X>
                <Y>50</Y>
            </Position>
            <Alignment>
                <TopLeft>true</TopLeft>
            </Alignment>
            <TemplateName>plain_icon_small</TemplateName>
            <AdapterName>group_1icon14</AdapterName>
            <IconId>-1</IconId>
            <Data></Data>
        </IconDef>


        <IconDef>
            <Position>
                <X>159</X>
                <Y>50</Y>
            </Position>
            <Alignment>
                <TopLeft>true</TopLeft>
            </Alignment>
            <TemplateName>plain_icon_small</TemplateName>
            <AdapterName>group_1icon15</AdapterName>
            <IconId>-1</IconId>
            <Data></Data>
        </IconDef>


        <IconDef>
            <Position>
                <X>176</X>
                <Y>50</Y>
            </Position>
            <Alignment>
                <TopLeft>true</TopLeft>
            </Alignment>
            <TemplateName>plain_icon_small</TemplateName>
            <AdapterName>group_1icon16</AdapterName>
            <IconId>-1</IconId>
            <Data></Data>
        </IconDef>


        <IconDef>
            <Position>
                <X>193</X>
                <Y>50</Y>
            </Position>
            <Alignment>
                <TopLeft>true</TopLeft>
            </Alignment>
            <TemplateName>plain_icon_small</TemplateName>
            <AdapterName>group_1icon17</AdapterName>
            <IconId>-1</IconId>
            <Data></Data>
        </IconDef>


        <IconDef>
            <Position>
                <X>108</X>
                <Y>67</Y>
            </Position>
            <Alignment>
                <TopLeft>true</TopLeft>
            </Alignment>
            <TemplateName>plain_icon_small</TemplateName>
            <AdapterName>group_1icon18</AdapterName>
            <IconId>-1</IconId>
            <Data></Data>
        </IconDef>


        <IconDef>
            <Position>
                <X>125</X>
                <Y>67</Y>
            </Position>
            <Alignment>
                <TopLeft>true</TopLeft>
            </Alignment>
            <TemplateName>plain_icon_small</TemplateName>
            <AdapterName>group_1icon19</AdapterName>
            <IconId>-1</IconId>
            <Data></Data>
        </IconDef>


        <IconDef>
            <Position>
                <X>142</X>
                <Y>67</Y>
            </Position>
            <Alignment>
                <TopLeft>true</TopLeft>
            </Alignment>
            <TemplateName>plain_icon_small</TemplateName>
            <AdapterName>group_1icon20</AdapterName>
            <IconId>-1</IconId>
            <Data></Data>
        </IconDef>


        <IconDef>
            <Position>
                <X>159</X>
                <Y>67</Y>
            </Position>
            <Alignment>
                <TopLeft>true</TopLeft>
            </Alignment>
            <TemplateName>plain_icon_small</TemplateName>
            <AdapterName>group_1icon21</AdapterName>
            <IconId>-1</IconId>
            <Data></Data>
        </IconDef>


        <IconDef>
            <Position>
                <X>176</X>
                <Y>67</Y>
            </Position>
            <Alignment>
                <TopLeft>true</TopLeft>
            </Alignment>
            <TemplateName>plain_icon_small</TemplateName>
            <AdapterName>group_1icon22</AdapterName>
            <IconId>-1</IconId>
            <Data></Data>
        </IconDef>


        <IconDef>
            <Position>
                <X>193</X>
                <Y>67</Y>
            </Position>
            <Alignment>
                <TopLeft>true</TopLeft>
            </Alignment>
            <TemplateName>plain_icon_small</TemplateName>
            <AdapterName>group_1icon23</AdapterName>
            <IconId>-1</IconId>
            <Data></Data>
        </IconDef>


        <InvisibleButtonDef>
            <Position>
                <X>106</X>
                <Y>0</Y>
            </Position>
            <Alignment>
                <TopLeft>true</TopLeft>
            </Alignment>
            <Label></Label>
            <OnClickEvent>SelectGroupMember1</OnClickEvent>
            <Width>105</Width>
            <Height>85</Height>
        </InvisibleButtonDef>


        <!-- Group Member 2-->


        <StatusIconDef>
            <Position>
                <X>212</X>
                <Y>0</Y>
            </Position>
            <TemplateName>_witt_buffbg</TemplateName>
            <AdapterName></AdapterName>
        </StatusIconDef>


        <LabelDef>
            <Position>
                <X>272</X>
                <Y>1</Y>
            </Position>
            <Alignment>
                <TopLeft>true</TopLeft>
            </Alignment>
            <Color>
                <R>208</R>
                <G>228</G>
                <B>229</B>
                <A>255</A>
            </Color>
            <FontName>_whatisthisfont11pxds</FontName>
            <Width>44</Width>
            <Height>16</Height>
            <MaxCharacters>128</MaxCharacters>
            <Data>Group member 2</Data>
            <ColorAdapter>group_color2</ColorAdapter>
            <Adapter>group_name2</Adapter>
        </LabelDef>


        <LabelDef>
            <Position>
                <X>216</X>
                <Y>1</Y>
            </Position>
            <Alignment>
                <TopLeft>true</TopLeft>
            </Alignment>
            <Color>
                <R>255</R>
                <G>255</G>
                <B>255</B>
                <A>255</A>
            </Color>
            <FontName>_whatisthisfont11pxds</FontName>
            <Width>54</Width>
            <Height>16</Height>
            <MaxCharacters>128</MaxCharacters>
            <Data>Group class 2</Data>
            <Adapter>group_class2</Adapter>
        </LabelDef>


        <IconDef>
            <Position>
                <X>214</X>
                <Y>16</Y>
            </Position>
            <Alignment>
                <TopLeft>true</TopLeft>
            </Alignment>
            <TemplateName>plain_icon_small</TemplateName>
            <AdapterName>group_2icon0</AdapterName>
            <IconId>-1</IconId>
            <Data></Data>
        </IconDef>


        <IconDef>
            <Position>
                <X>231</X>
                <Y>16</Y>
            </Position>
            <Alignment>
                <TopLeft>true</TopLeft>
            </Alignment>
            <TemplateName>plain_icon_small</TemplateName>
            <AdapterName>group_2icon1</AdapterName>
            <IconId>-1</IconId>
            <Data></Data>
        </IconDef>


        <IconDef>
            <Position>
                <X>248</X>
                <Y>16</Y>
            </Position>
            <Alignment>
                <TopLeft>true</TopLeft>
            </Alignment>
            <TemplateName>plain_icon_small</TemplateName>
            <AdapterName>group_2icon2</AdapterName>
            <IconId>-1</IconId>
            <Data></Data>
        </IconDef>


        <IconDef>
            <Position>
                <X>265</X>
                <Y>16</Y>
            </Position>
            <Alignment>
                <TopLeft>true</TopLeft>
            </Alignment>
            <TemplateName>plain_icon_small</TemplateName>
            <AdapterName>group_2icon3</AdapterName>
            <IconId>-1</IconId>
            <Data></Data>
        </IconDef>


        <IconDef>
            <Position>
                <X>282</X>
                <Y>16</Y>
            </Position>
            <Alignment>
                <TopLeft>true</TopLeft>
            </Alignment>
            <TemplateName>plain_icon_small</TemplateName>
            <AdapterName>group_2icon4</AdapterName>
            <IconId>-1</IconId>
            <Data></Data>
        </IconDef>


        <IconDef>
            <Position>
                <X>299</X>
                <Y>16</Y>
            </Position>
            <Alignment>
                <TopLeft>true</TopLeft>
            </Alignment>
            <TemplateName>plain_icon_small</TemplateName>
            <AdapterName>group_2icon5</AdapterName>
            <IconId>-1</IconId>
            <Data></Data>
        </IconDef>


        <IconDef>
            <Position>
                <X>214</X>
                <Y>33</Y>
            </Position>
            <Alignment>
                <TopLeft>true</TopLeft>
            </Alignment>
            <TemplateName>plain_icon_small</TemplateName>
            <AdapterName>group_2icon6</AdapterName>
            <IconId>-1</IconId>
            <Data></Data>
        </IconDef>


        <IconDef>
            <Position>
                <X>231</X>
                <Y>33</Y>
            </Position>
            <Alignment>
                <TopLeft>true</TopLeft>
            </Alignment>
            <TemplateName>plain_icon_small</TemplateName>
            <AdapterName>group_2icon7</AdapterName>
            <IconId>-1</IconId>
            <Data></Data>
        </IconDef>


        <IconDef>
            <Position>
                <X>248</X>
                <Y>33</Y>
            </Position>
            <Alignment>
                <TopLeft>true</TopLeft>
            </Alignment>
            <TemplateName>plain_icon_small</TemplateName>
            <AdapterName>group_2icon8</AdapterName>
            <IconId>-1</IconId>
            <Data></Data>
        </IconDef>


        <IconDef>
            <Position>
                <X>265</X>
                <Y>33</Y>
            </Position>
            <Alignment>
                <TopLeft>true</TopLeft>
            </Alignment>
            <TemplateName>plain_icon_small</TemplateName>
            <AdapterName>group_2icon9</AdapterName>
            <IconId>-1</IconId>
            <Data></Data>
        </IconDef>


        <IconDef>
            <Position>
                <X>282</X>
                <Y>33</Y>
            </Position>
            <Alignment>
                <TopLeft>true</TopLeft>
            </Alignment>
            <TemplateName>plain_icon_small</TemplateName>
            <AdapterName>group_2icon10</AdapterName>
            <IconId>-1</IconId>
            <Data></Data>
        </IconDef>


        <IconDef>
            <Position>
                <X>299</X>
                <Y>33</Y>
            </Position>
            <Alignment>
                <TopLeft>true</TopLeft>
            </Alignment>
            <TemplateName>plain_icon_small</TemplateName>
            <AdapterName>group_2icon11</AdapterName>
            <IconId>-1</IconId>
            <Data></Data>
        </IconDef>


        <IconDef>
            <Position>
                <X>214</X>
                <Y>50</Y>
            </Position>
            <Alignment>
                <TopLeft>true</TopLeft>
            </Alignment>
            <TemplateName>plain_icon_small</TemplateName>
            <AdapterName>group_2icon12</AdapterName>
            <IconId>-1</IconId>
            <Data></Data>
        </IconDef>


        <IconDef>
            <Position>
                <X>231</X>
                <Y>50</Y>
            </Position>
            <Alignment>
                <TopLeft>true</TopLeft>
            </Alignment>
            <TemplateName>plain_icon_small</TemplateName>
            <AdapterName>group_2icon13</AdapterName>
            <IconId>-1</IconId>
            <Data></Data>
        </IconDef>


        <IconDef>
            <Position>
                <X>248</X>
                <Y>50</Y>
            </Position>
            <Alignment>
                <TopLeft>true</TopLeft>
            </Alignment>
            <TemplateName>plain_icon_small</TemplateName>
            <AdapterName>group_2icon14</AdapterName>
            <IconId>-1</IconId>
            <Data></Data>
        </IconDef>


        <IconDef>
            <Position>
                <X>265</X>
                <Y>50</Y>
            </Position>
            <Alignment>
                <TopLeft>true</TopLeft>
            </Alignment>
            <TemplateName>plain_icon_small</TemplateName>
            <AdapterName>group_2icon15</AdapterName>
            <IconId>-1</IconId>
            <Data></Data>
        </IconDef>


        <IconDef>
            <Position>
                <X>282</X>
                <Y>50</Y>
            </Position>
            <Alignment>
                <TopLeft>true</TopLeft>
            </Alignment>
            <TemplateName>plain_icon_small</TemplateName>
            <AdapterName>group_2icon16</AdapterName>
            <IconId>-1</IconId>
            <Data></Data>
        </IconDef>


        <IconDef>
            <Position>
                <X>299</X>
                <Y>50</Y>
            </Position>
            <Alignment>
                <TopLeft>true</TopLeft>
            </Alignment>
            <TemplateName>plain_icon_small</TemplateName>
            <AdapterName>group_2icon17</AdapterName>
            <IconId>-1</IconId>
            <Data></Data>
        </IconDef>


        <IconDef>
            <Position>
                <X>214</X>
                <Y>67</Y>
            </Position>
            <Alignment>
                <TopLeft>true</TopLeft>
            </Alignment>
            <TemplateName>plain_icon_small</TemplateName>
            <AdapterName>group_2icon18</AdapterName>
            <IconId>-1</IconId>
            <Data></Data>
        </IconDef>


        <IconDef>
            <Position>
                <X>231</X>
                <Y>67</Y>
            </Position>
            <Alignment>
                <TopLeft>true</TopLeft>
            </Alignment>
            <TemplateName>plain_icon_small</TemplateName>
            <AdapterName>group_2icon19</AdapterName>
            <IconId>-1</IconId>
            <Data></Data>
        </IconDef>


        <IconDef>
            <Position>
                <X>248</X>
                <Y>67</Y>
            </Position>
            <Alignment>
                <TopLeft>true</TopLeft>
            </Alignment>
            <TemplateName>plain_icon_small</TemplateName>
            <AdapterName>group_2icon20</AdapterName>
            <IconId>-1</IconId>
            <Data></Data>
        </IconDef>


        <IconDef>
            <Position>
                <X>265</X>
                <Y>67</Y>
            </Position>
            <Alignment>
                <TopLeft>true</TopLeft>
            </Alignment>
            <TemplateName>plain_icon_small</TemplateName>
            <AdapterName>group_2icon21</AdapterName>
            <IconId>-1</IconId>
            <Data></Data>
        </IconDef>


        <IconDef>
            <Position>
                <X>282</X>
                <Y>67</Y>
            </Position>
            <Alignment>
                <TopLeft>true</TopLeft>
            </Alignment>
            <TemplateName>plain_icon_small</TemplateName>
            <AdapterName>group_2icon22</AdapterName>
            <IconId>-1</IconId>
            <Data></Data>
        </IconDef>


        <IconDef>
            <Position>
                <X>299</X>
                <Y>67</Y>
            </Position>
            <Alignment>
                <TopLeft>true</TopLeft>
            </Alignment>
            <TemplateName>plain_icon_small</TemplateName>
            <AdapterName>group_2icon23</AdapterName>
            <IconId>-1</IconId>
            <Data></Data>
        </IconDef>


        <InvisibleButtonDef>
            <Position>
                <X>212</X>
                <Y>0</Y>
            </Position>
            <Alignment>
                <TopLeft>true</TopLeft>
            </Alignment>
            <Label></Label>
            <OnClickEvent>SelectGroupMember2</OnClickEvent>
            <Width>105</Width>
            <Height>85</Height>
        </InvisibleButtonDef>


        <!--  Group Member 3 -->


        <StatusIconDef>
            <Position>
                <X>318</X>
                <Y>0</Y>
            </Position>
            <TemplateName>_witt_buffbg</TemplateName>
            <AdapterName></AdapterName>
        </StatusIconDef>


        <LabelDef>
            <Position>
                <X>378</X>
                <Y>1</Y>
            </Position>
            <Alignment>
                <TopLeft>true</TopLeft>
            </Alignment>
            <Color>
                <R>208</R>
                <G>228</G>
                <B>229</B>
                <A>255</A>
            </Color>
            <FontName>_whatisthisfont11pxds</FontName>
            <Width>44</Width>
            <Height>16</Height>
            <MaxCharacters>128</MaxCharacters>
            <Data>Group member 3</Data>
            <ColorAdapter>group_color3</ColorAdapter>
            <Adapter>group_name3</Adapter>
        </LabelDef>


        <LabelDef>
            <Position>
                <X>322</X>
                <Y>1</Y>
            </Position>
            <Alignment>
                <TopLeft>true</TopLeft>
            </Alignment>
            <Color>
                <R>255</R>
                <G>255</G>
                <B>255</B>
                <A>255</A>
            </Color>
            <FontName>_whatisthisfont11pxds</FontName>
            <Width>54</Width>
            <Height>16</Height>
            <MaxCharacters>128</MaxCharacters>
            <Data>Group class 3</Data>
            <Adapter>group_class3</Adapter>
        </LabelDef>


        <IconDef>
            <Position>
                <X>320</X>
                <Y>16</Y>
            </Position>
            <Alignment>
                <TopLeft>true</TopLeft>
            </Alignment>
            <TemplateName>plain_icon_small</TemplateName>
            <AdapterName>group_3icon0</AdapterName>
            <IconId>-1</IconId>
            <Data></Data>
        </IconDef>


        <IconDef>
            <Position>
                <X>337</X>
                <Y>16</Y>
            </Position>
            <Alignment>
                <TopLeft>true</TopLeft>
            </Alignment>
            <TemplateName>plain_icon_small</TemplateName>
            <AdapterName>group_3icon1</AdapterName>
            <IconId>-1</IconId>
            <Data></Data>
        </IconDef>


        <IconDef>
            <Position>
                <X>354</X>
                <Y>16</Y>
            </Position>
            <Alignment>
                <TopLeft>true</TopLeft>
            </Alignment>
            <TemplateName>plain_icon_small</TemplateName>
            <AdapterName>group_3icon2</AdapterName>
            <IconId>-1</IconId>
            <Data></Data>
        </IconDef>


        <IconDef>
            <Position>
                <X>371</X>
                <Y>16</Y>
            </Position>
            <Alignment>
                <TopLeft>true</TopLeft>
            </Alignment>
            <TemplateName>plain_icon_small</TemplateName>
            <AdapterName>group_3icon3</AdapterName>
            <IconId>-1</IconId>
            <Data></Data>
        </IconDef>


        <IconDef>
            <Position>
                <X>388</X>
                <Y>16</Y>
            </Position>
            <Alignment>
                <TopLeft>true</TopLeft>
            </Alignment>
            <TemplateName>plain_icon_small</TemplateName>
            <AdapterName>group_3icon4</AdapterName>
            <IconId>-1</IconId>
            <Data></Data>
        </IconDef>


        <IconDef>
            <Position>
                <X>405</X>
                <Y>16</Y>
            </Position>
            <Alignment>
                <TopLeft>true</TopLeft>
            </Alignment>
            <TemplateName>plain_icon_small</TemplateName>
            <AdapterName>group_3icon5</AdapterName>
            <IconId>-1</IconId>
            <Data></Data>
        </IconDef>


        <IconDef>
            <Position>
                <X>320</X>
                <Y>33</Y>
            </Position>
            <Alignment>
                <TopLeft>true</TopLeft>
            </Alignment>
            <TemplateName>plain_icon_small</TemplateName>
            <AdapterName>group_3icon6</AdapterName>
            <IconId>-1</IconId>
            <Data></Data>
        </IconDef>


        <IconDef>
            <Position>
                <X>337</X>
                <Y>33</Y>
            </Position>
            <Alignment>
                <TopLeft>true</TopLeft>
            </Alignment>
            <TemplateName>plain_icon_small</TemplateName>
            <AdapterName>group_3icon7</AdapterName>
            <IconId>-1</IconId>
            <Data></Data>
        </IconDef>


        <IconDef>
            <Position>
                <X>354</X>
                <Y>33</Y>
            </Position>
            <Alignment>
                <TopLeft>true</TopLeft>
            </Alignment>
            <TemplateName>plain_icon_small</TemplateName>
            <AdapterName>group_3icon8</AdapterName>
            <IconId>-1</IconId>
            <Data></Data>
        </IconDef>


        <IconDef>
            <Position>
                <X>371</X>
                <Y>33</Y>
            </Position>
            <Alignment>
                <TopLeft>true</TopLeft>
            </Alignment>
            <TemplateName>plain_icon_small</TemplateName>
            <AdapterName>group_3icon9</AdapterName>
            <IconId>-1</IconId>
            <Data></Data>
        </IconDef>


        <IconDef>
            <Position>
                <X>388</X>
                <Y>33</Y>
            </Position>
            <Alignment>
                <TopLeft>true</TopLeft>
            </Alignment>
            <TemplateName>plain_icon_small</TemplateName>
            <AdapterName>group_3icon10</AdapterName>
            <IconId>-1</IconId>
            <Data></Data>
        </IconDef>


        <IconDef>
            <Position>
                <X>405</X>
                <Y>33</Y>
            </Position>
            <Alignment>
                <TopLeft>true</TopLeft>
            </Alignment>
            <TemplateName>plain_icon_small</TemplateName>
            <AdapterName>group_3icon11</AdapterName>
            <IconId>-1</IconId>
            <Data></Data>
        </IconDef>


        <IconDef>
            <Position>
                <X>320</X>
                <Y>50</Y>
            </Position>
            <Alignment>
                <TopLeft>true</TopLeft>
            </Alignment>
            <TemplateName>plain_icon_small</TemplateName>
            <AdapterName>group_3icon12</AdapterName>
            <IconId>-1</IconId>
            <Data></Data>
        </IconDef>


        <IconDef>
            <Position>
                <X>337</X>
                <Y>50</Y>
            </Position>
            <Alignment>
                <TopLeft>true</TopLeft>
            </Alignment>
            <TemplateName>plain_icon_small</TemplateName>
            <AdapterName>group_3icon13</AdapterName>
            <IconId>-1</IconId>
            <Data></Data>
        </IconDef>


        <IconDef>
            <Position>
                <X>354</X>
                <Y>50</Y>
            </Position>
            <Alignment>
                <TopLeft>true</TopLeft>
            </Alignment>
            <TemplateName>plain_icon_small</TemplateName>
            <AdapterName>group_3icon14</AdapterName>
            <IconId>-1</IconId>
            <Data></Data>
        </IconDef>


        <IconDef>
            <Position>
                <X>371</X>
                <Y>50</Y>
            </Position>
            <Alignment>
                <TopLeft>true</TopLeft>
            </Alignment>
            <TemplateName>plain_icon_small</TemplateName>
            <AdapterName>group_3icon15</AdapterName>
            <IconId>-1</IconId>
            <Data></Data>
        </IconDef>


        <IconDef>
            <Position>
                <X>388</X>
                <Y>50</Y>
            </Position>
            <Alignment>
                <TopLeft>true</TopLeft>
            </Alignment>
            <TemplateName>plain_icon_small</TemplateName>
            <AdapterName>group_3icon16</AdapterName>
            <IconId>-1</IconId>
            <Data></Data>
        </IconDef>


        <IconDef>
            <Position>
                <X>405</X>
                <Y>50</Y>
            </Position>
            <Alignment>
                <TopLeft>true</TopLeft>
            </Alignment>
            <TemplateName>plain_icon_small</TemplateName>
            <AdapterName>group_3icon17</AdapterName>
            <IconId>-1</IconId>
            <Data></Data>
        </IconDef>


        <IconDef>
            <Position>
                <X>320</X>
                <Y>67</Y>
            </Position>
            <Alignment>
                <TopLeft>true</TopLeft>
            </Alignment>
            <TemplateName>plain_icon_small</TemplateName>
            <AdapterName>group_3icon18</AdapterName>
            <IconId>-1</IconId>
            <Data></Data>
        </IconDef>


        <IconDef>
            <Position>
                <X>337</X>
                <Y>67</Y>
            </Position>
            <Alignment>
                <TopLeft>true</TopLeft>
            </Alignment>
            <TemplateName>plain_icon_small</TemplateName>
            <AdapterName>group_3icon19</AdapterName>
            <IconId>-1</IconId>
            <Data></Data>
        </IconDef>


        <IconDef>
            <Position>
                <X>354</X>
                <Y>67</Y>
            </Position>
            <Alignment>
                <TopLeft>true</TopLeft>
            </Alignment>
            <TemplateName>plain_icon_small</TemplateName>
            <AdapterName>group_3icon20</AdapterName>
            <IconId>-1</IconId>
            <Data></Data>
        </IconDef>


        <IconDef>
            <Position>
                <X>371</X>
                <Y>67</Y>
            </Position>
            <Alignment>
                <TopLeft>true</TopLeft>
            </Alignment>
            <TemplateName>plain_icon_small</TemplateName>
            <AdapterName>group_3icon21</AdapterName>
            <IconId>-1</IconId>
            <Data></Data>
        </IconDef>


        <IconDef>
            <Position>
                <X>388</X>
                <Y>67</Y>
            </Position>
            <Alignment>
                <TopLeft>true</TopLeft>
            </Alignment>
            <TemplateName>plain_icon_small</TemplateName>
            <AdapterName>group_3icon22</AdapterName>
            <IconId>-1</IconId>
            <Data></Data>
        </IconDef>


        <IconDef>
            <Position>
                <X>405</X>
                <Y>67</Y>
            </Position>
            <Alignment>
                <TopLeft>true</TopLeft>
            </Alignment>
            <TemplateName>plain_icon_small</TemplateName>
            <AdapterName>group_3icon23</AdapterName>
            <IconId>-1</IconId>
            <Data></Data>
        </IconDef>


        <InvisibleButtonDef>
            <Position>
                <X>318</X>
                <Y>0</Y>
            </Position>
            <Alignment>
                <TopLeft>true</TopLeft>
            </Alignment>
            <Label></Label>
            <OnClickEvent>SelectGroupMember3</OnClickEvent>
            <Width>105</Width>
            <Height>85</Height>
        </InvisibleButtonDef>


        <!--  Group Member 4 -->


        <StatusIconDef>
            <Position>
                <X>0</X>
                <Y>86</Y>
            </Position>
            <TemplateName>_witt_buffbg</TemplateName>
            <AdapterName></AdapterName>
        </StatusIconDef>


        <LabelDef>
            <Position>
                <X>60</X>
                <Y>87</Y>
            </Position>
            <Alignment>
                <TopLeft>true</TopLeft>
            </Alignment>
            <Color>
                <R>208</R>
                <G>228</G>
                <B>229</B>
                <A>255</A>
            </Color>
            <FontName>_whatisthisfont11pxds</FontName>
            <Width>44</Width>
            <Height>16</Height>
            <MaxCharacters>128</MaxCharacters>
            <Data>Group member 4</Data>
            <ColorAdapter>group_color4</ColorAdapter>
            <Adapter>group_name4</Adapter>
        </LabelDef>


        <LabelDef>
            <Position>
                <X>4</X>
                <Y>87</Y>
            </Position>
            <Alignment>
                <TopLeft>true</TopLeft>
            </Alignment>
            <Color>
                <R>255</R>
                <G>255</G>
                <B>255</B>
                <A>255</A>
            </Color>
            <FontName>_whatisthisfont11pxds</FontName>
            <Width>54</Width>
            <Height>16</Height>
            <MaxCharacters>128</MaxCharacters>
            <Data>Group class 4</Data>
            <Adapter>group_class4</Adapter>
        </LabelDef>


        <IconDef>
            <Position>
                <X>2</X>
                <Y>102</Y>
            </Position>
            <Alignment>
                <TopLeft>true</TopLeft>
            </Alignment>
            <TemplateName>plain_icon_small</TemplateName>
            <AdapterName>group_4icon0</AdapterName>
            <IconId>-1</IconId>
            <Data></Data>
        </IconDef>


        <IconDef>
            <Position>
                <X>19</X>
                <Y>102</Y>
            </Position>
            <Alignment>
                <TopLeft>true</TopLeft>
            </Alignment>
            <TemplateName>plain_icon_small</TemplateName>
            <AdapterName>group_4icon1</AdapterName>
            <IconId>-1</IconId>
            <Data></Data>
        </IconDef>


        <IconDef>
            <Position>
                <X>36</X>
                <Y>102</Y>
            </Position>
            <Alignment>
                <TopLeft>true</TopLeft>
            </Alignment>
            <TemplateName>plain_icon_small</TemplateName>
            <AdapterName>group_4icon2</AdapterName>
            <IconId>-1</IconId>
            <Data></Data>
        </IconDef>


        <IconDef>
            <Position>
                <X>53</X>
                <Y>102</Y>
            </Position>
            <Alignment>
                <TopLeft>true</TopLeft>
            </Alignment>
            <TemplateName>plain_icon_small</TemplateName>
            <AdapterName>group_4icon3</AdapterName>
            <IconId>-1</IconId>
            <Data></Data>
        </IconDef>


        <IconDef>
            <Position>
                <X>70</X>
                <Y>102</Y>
            </Position>
            <Alignment>
                <TopLeft>true</TopLeft>
            </Alignment>
            <TemplateName>plain_icon_small</TemplateName>
            <AdapterName>group_4icon4</AdapterName>
            <IconId>-1</IconId>
            <Data></Data>
        </IconDef>


        <IconDef>
            <Position>
                <X>87</X>
                <Y>102</Y>
            </Position>
            <Alignment>
                <TopLeft>true</TopLeft>
            </Alignment>
            <TemplateName>plain_icon_small</TemplateName>
            <AdapterName>group_4icon5</AdapterName>
            <IconId>-1</IconId>
            <Data></Data>
        </IconDef>


        <IconDef>
            <Position>
                <X>2</X>
                <Y>119</Y>
            </Position>
            <Alignment>
                <TopLeft>true</TopLeft>
            </Alignment>
            <TemplateName>plain_icon_small</TemplateName>
            <AdapterName>group_4icon6</AdapterName>
            <IconId>-1</IconId>
            <Data></Data>
        </IconDef>


        <IconDef>
            <Position>
                <X>19</X>
                <Y>119</Y>
            </Position>
            <Alignment>
                <TopLeft>true</TopLeft>
            </Alignment>
            <TemplateName>plain_icon_small</TemplateName>
            <AdapterName>group_4icon7</AdapterName>
            <IconId>-1</IconId>
            <Data></Data>
        </IconDef>


        <IconDef>
            <Position>
                <X>36</X>
                <Y>119</Y>
            </Position>
            <Alignment>
                <TopLeft>true</TopLeft>
            </Alignment>
            <TemplateName>plain_icon_small</TemplateName>
            <AdapterName>group_4icon8</AdapterName>
            <IconId>-1</IconId>
            <Data></Data>
        </IconDef>


        <IconDef>
            <Position>
                <X>53</X>
                <Y>119</Y>
            </Position>
            <Alignment>
                <TopLeft>true</TopLeft>
            </Alignment>
            <TemplateName>plain_icon_small</TemplateName>
            <AdapterName>group_4icon9</AdapterName>
            <IconId>-1</IconId>
            <Data></Data>
        </IconDef>


        <IconDef>
            <Position>
                <X>70</X>
                <Y>119</Y>
            </Position>
            <Alignment>
                <TopLeft>true</TopLeft>
            </Alignment>
            <TemplateName>plain_icon_small</TemplateName>
            <AdapterName>group_4icon10</AdapterName>
            <IconId>-1</IconId>
            <Data></Data>
        </IconDef>


        <IconDef>
            <Position>
                <X>87</X>
                <Y>119</Y>
            </Position>
            <Alignment>
                <TopLeft>true</TopLeft>
            </Alignment>
            <TemplateName>plain_icon_small</TemplateName>
            <AdapterName>group_4icon11</AdapterName>
            <IconId>-1</IconId>
            <Data></Data>
        </IconDef>


        <IconDef>
            <Position>
                <X>2</X>
                <Y>136</Y>
            </Position>
            <Alignment>
                <TopLeft>true</TopLeft>
            </Alignment>
            <TemplateName>plain_icon_small</TemplateName>
            <AdapterName>group_4icon12</AdapterName>
            <IconId>-1</IconId>
            <Data></Data>
        </IconDef>


        <IconDef>
            <Position>
                <X>19</X>
                <Y>136</Y>
            </Position>
            <Alignment>
                <TopLeft>true</TopLeft>
            </Alignment>
            <TemplateName>plain_icon_small</TemplateName>
            <AdapterName>group_4icon13</AdapterName>
            <IconId>-1</IconId>
            <Data></Data>
        </IconDef>


        <IconDef>
            <Position>
                <X>36</X>
                <Y>136</Y>
            </Position>
            <Alignment>
                <TopLeft>true</TopLeft>
            </Alignment>
            <TemplateName>plain_icon_small</TemplateName>
            <AdapterName>group_4icon14</AdapterName>
            <IconId>-1</IconId>
            <Data></Data>
        </IconDef>


        <IconDef>
            <Position>
                <X>53</X>
                <Y>136</Y>
            </Position>
            <Alignment>
                <TopLeft>true</TopLeft>
            </Alignment>
            <TemplateName>plain_icon_small</TemplateName>
            <AdapterName>group_4icon15</AdapterName>
            <IconId>-1</IconId>
            <Data></Data>
        </IconDef>


        <IconDef>
            <Position>
                <X>70</X>
                <Y>136</Y>
            </Position>
            <Alignment>
                <TopLeft>true</TopLeft>
            </Alignment>
            <TemplateName>plain_icon_small</TemplateName>
            <AdapterName>group_4icon16</AdapterName>
            <IconId>-1</IconId>
            <Data></Data>
        </IconDef>


        <IconDef>
            <Position>
                <X>87</X>
                <Y>136</Y>
            </Position>
            <Alignment>
                <TopLeft>true</TopLeft>
            </Alignment>
            <TemplateName>plain_icon_small</TemplateName>
            <AdapterName>group_4icon17</AdapterName>
            <IconId>-1</IconId>
            <Data></Data>
        </IconDef>


        <IconDef>
            <Position>
                <X>2</X>
                <Y>153</Y>
            </Position>
            <Alignment>
                <TopLeft>true</TopLeft>
            </Alignment>
            <TemplateName>plain_icon_small</TemplateName>
            <AdapterName>group_4icon18</AdapterName>
            <IconId>-1</IconId>
            <Data></Data>
        </IconDef>


        <IconDef>
            <Position>
                <X>19</X>
                <Y>153</Y>
            </Position>
            <Alignment>
                <TopLeft>true</TopLeft>
            </Alignment>
            <TemplateName>plain_icon_small</TemplateName>
            <AdapterName>group_4icon19</AdapterName>
            <IconId>-1</IconId>
            <Data></Data>
        </IconDef>


        <IconDef>
            <Position>
                <X>36</X>
                <Y>153</Y>
            </Position>
            <Alignment>
                <TopLeft>true</TopLeft>
            </Alignment>
            <TemplateName>plain_icon_small</TemplateName>
            <AdapterName>group_4icon20</AdapterName>
            <IconId>-1</IconId>
            <Data></Data>
        </IconDef>


        <IconDef>
            <Position>
                <X>53</X>
                <Y>153</Y>
            </Position>
            <Alignment>
                <TopLeft>true</TopLeft>
            </Alignment>
            <TemplateName>plain_icon_small</TemplateName>
            <AdapterName>group_4icon21</AdapterName>
            <IconId>-1</IconId>
            <Data></Data>
        </IconDef>


        <IconDef>
            <Position>
                <X>70</X>
                <Y>153</Y>
            </Position>
            <Alignment>
                <TopLeft>true</TopLeft>
            </Alignment>
            <TemplateName>plain_icon_small</TemplateName>
            <AdapterName>group_4icon22</AdapterName>
            <IconId>-1</IconId>
            <Data></Data>
        </IconDef>


        <IconDef>
            <Position>
                <X>87</X>
                <Y>153</Y>
            </Position>
            <Alignment>
                <TopLeft>true</TopLeft>
            </Alignment>
            <TemplateName>plain_icon_small</TemplateName>
            <AdapterName>group_4icon23</AdapterName>
            <IconId>-1</IconId>
            <Data></Data>
        </IconDef>


        <InvisibleButtonDef>
            <Position>
                <X>0</X>
                <Y>86</Y>
            </Position>
            <Alignment>
                <TopLeft>true</TopLeft>
            </Alignment>
            <Label></Label>
            <OnClickEvent>SelectGroupMember4</OnClickEvent>
            <Width>105</Width>
            <Height>85</Height>
        </InvisibleButtonDef>


        <!--  Group Member 5 -->


        <StatusIconDef>
            <Position>
                <X>106</X>
                <Y>86</Y>
            </Position>
            <TemplateName>_witt_buffbg</TemplateName>
            <AdapterName></AdapterName>
        </StatusIconDef>


        <LabelDef>
            <Position>
                <X>166</X>
                <Y>87</Y>
            </Position>
            <Alignment>
                <TopLeft>true</TopLeft>
            </Alignment>
            <Color>
                <R>208</R>
                <G>228</G>
                <B>229</B>
                <A>255</A>
            </Color>
            <FontName>_whatisthisfont11pxds</FontName>
            <Width>44</Width>
            <Height>16</Height>
            <MaxCharacters>128</MaxCharacters>
            <Data>Group member 5</Data>
            <ColorAdapter>group_color5</ColorAdapter>
            <Adapter>group_name5</Adapter>
        </LabelDef>


        <LabelDef>
            <Position>
                <X>110</X>
                <Y>87</Y>
            </Position>
            <Alignment>
                <TopLeft>true</TopLeft>
            </Alignment>
            <Color>
                <R>255</R>
                <G>255</G>
                <B>255</B>
                <A>255</A>
            </Color>
            <FontName>_whatisthisfont11pxds</FontName>
            <Width>54</Width>
            <Height>16</Height>
            <MaxCharacters>128</MaxCharacters>
            <Data>Group class 5</Data>
            <Adapter>group_class5</Adapter>
        </LabelDef>


        <IconDef>
            <Position>
                <X>108</X>
                <Y>102</Y>
            </Position>
            <Alignment>
                <TopLeft>true</TopLeft>
            </Alignment>
            <TemplateName>plain_icon_small</TemplateName>
            <AdapterName>group_5icon0</AdapterName>
            <IconId>-1</IconId>
            <Data></Data>
        </IconDef>


        <IconDef>
            <Position>
                <X>125</X>
                <Y>102</Y>
            </Position>
            <Alignment>
                <TopLeft>true</TopLeft>
            </Alignment>
            <TemplateName>plain_icon_small</TemplateName>
            <AdapterName>group_5icon1</AdapterName>
            <IconId>-1</IconId>
            <Data></Data>
        </IconDef>


        <IconDef>
            <Position>
                <X>142</X>
                <Y>102</Y>
            </Position>
            <Alignment>
                <TopLeft>true</TopLeft>
            </Alignment>
            <TemplateName>plain_icon_small</TemplateName>
            <AdapterName>group_5icon2</AdapterName>
            <IconId>-1</IconId>
            <Data></Data>
        </IconDef>


        <IconDef>
            <Position>
                <X>159</X>
                <Y>102</Y>
            </Position>
            <Alignment>
                <TopLeft>true</TopLeft>
            </Alignment>
            <TemplateName>plain_icon_small</TemplateName>
            <AdapterName>group_5icon3</AdapterName>
            <IconId>-1</IconId>
            <Data></Data>
        </IconDef>


        <IconDef>
            <Position>
                <X>176</X>
                <Y>102</Y>
            </Position>
            <Alignment>
                <TopLeft>true</TopLeft>
            </Alignment>
            <TemplateName>plain_icon_small</TemplateName>
            <AdapterName>group_5icon4</AdapterName>
            <IconId>-1</IconId>
            <Data></Data>
        </IconDef>


        <IconDef>
            <Position>
                <X>193</X>
                <Y>102</Y>
            </Position>
            <Alignment>
                <TopLeft>true</TopLeft>
            </Alignment>
            <TemplateName>plain_icon_small</TemplateName>
            <AdapterName>group_5icon5</AdapterName>
            <IconId>-1</IconId>
            <Data></Data>
        </IconDef>


        <IconDef>
            <Position>
                <X>108</X>
                <Y>119</Y>
            </Position>
            <Alignment>
                <TopLeft>true</TopLeft>
            </Alignment>
            <TemplateName>plain_icon_small</TemplateName>
            <AdapterName>group_5icon6</AdapterName>
            <IconId>-1</IconId>
            <Data></Data>
        </IconDef>


        <IconDef>
            <Position>
                <X>125</X>
                <Y>119</Y>
            </Position>
            <Alignment>
                <TopLeft>true</TopLeft>
            </Alignment>
            <TemplateName>plain_icon_small</TemplateName>
            <AdapterName>group_5icon7</AdapterName>
            <IconId>-1</IconId>
            <Data></Data>
        </IconDef>


        <IconDef>
            <Position>
                <X>142</X>
                <Y>119</Y>
            </Position>
            <Alignment>
                <TopLeft>true</TopLeft>
            </Alignment>
            <TemplateName>plain_icon_small</TemplateName>
            <AdapterName>group_5icon8</AdapterName>
            <IconId>-1</IconId>
            <Data></Data>
        </IconDef>


        <IconDef>
            <Position>
                <X>159</X>
                <Y>119</Y>
            </Position>
            <Alignment>
                <TopLeft>true</TopLeft>
            </Alignment>
            <TemplateName>plain_icon_small</TemplateName>
            <AdapterName>group_5icon9</AdapterName>
            <IconId>-1</IconId>
            <Data></Data>
        </IconDef>


        <IconDef>
            <Position>
                <X>176</X>
                <Y>119</Y>
            </Position>
            <Alignment>
                <TopLeft>true</TopLeft>
            </Alignment>
            <TemplateName>plain_icon_small</TemplateName>
            <AdapterName>group_5icon10</AdapterName>
            <IconId>-1</IconId>
            <Data></Data>
        </IconDef>


        <IconDef>
            <Position>
                <X>193</X>
                <Y>119</Y>
            </Position>
            <Alignment>
                <TopLeft>true</TopLeft>
            </Alignment>
            <TemplateName>plain_icon_small</TemplateName>
            <AdapterName>group_5icon11</AdapterName>
            <IconId>-1</IconId>
            <Data></Data>
        </IconDef>


        <IconDef>
            <Position>
                <X>108</X>
                <Y>136</Y>
            </Position>
            <Alignment>
                <TopLeft>true</TopLeft>
            </Alignment>
            <TemplateName>plain_icon_small</TemplateName>
            <AdapterName>group_5icon12</AdapterName>
            <IconId>-1</IconId>
            <Data></Data>
        </IconDef>


        <IconDef>
            <Position>
                <X>125</X>
                <Y>136</Y>
            </Position>
            <Alignment>
                <TopLeft>true</TopLeft>
            </Alignment>
            <TemplateName>plain_icon_small</TemplateName>
            <AdapterName>group_5icon13</AdapterName>
            <IconId>-1</IconId>
            <Data></Data>
        </IconDef>


        <IconDef>
            <Position>
                <X>142</X>
                <Y>136</Y>
            </Position>
            <Alignment>
                <TopLeft>true</TopLeft>
            </Alignment>
            <TemplateName>plain_icon_small</TemplateName>
            <AdapterName>group_5icon14</AdapterName>
            <IconId>-1</IconId>
            <Data></Data>
        </IconDef>


        <IconDef>
            <Position>
                <X>159</X>
                <Y>136</Y>
            </Position>
            <Alignment>
                <TopLeft>true</TopLeft>
            </Alignment>
            <TemplateName>plain_icon_small</TemplateName>
            <AdapterName>group_5icon15</AdapterName>
            <IconId>-1</IconId>
            <Data></Data>
        </IconDef>


        <IconDef>
            <Position>
                <X>176</X>
                <Y>136</Y>
            </Position>
            <Alignment>
                <TopLeft>true</TopLeft>
            </Alignment>
            <TemplateName>plain_icon_small</TemplateName>
            <AdapterName>group_5icon16</AdapterName>
            <IconId>-1</IconId>
            <Data></Data>
        </IconDef>


        <IconDef>
            <Position>
                <X>193</X>
                <Y>136</Y>
            </Position>
            <Alignment>
                <TopLeft>true</TopLeft>
            </Alignment>
            <TemplateName>plain_icon_small</TemplateName>
            <AdapterName>group_5icon17</AdapterName>
            <IconId>-1</IconId>
            <Data></Data>
        </IconDef>


        <IconDef>
            <Position>
                <X>108</X>
                <Y>153</Y>
            </Position>
            <Alignment>
                <TopLeft>true</TopLeft>
            </Alignment>
            <TemplateName>plain_icon_small</TemplateName>
            <AdapterName>group_5icon18</AdapterName>
            <IconId>-1</IconId>
            <Data></Data>
        </IconDef>


        <IconDef>
            <Position>
                <X>125</X>
                <Y>153</Y>
            </Position>
            <Alignment>
                <TopLeft>true</TopLeft>
            </Alignment>
            <TemplateName>plain_icon_small</TemplateName>
            <AdapterName>group_5icon19</AdapterName>
            <IconId>-1</IconId>
            <Data></Data>
        </IconDef>


        <IconDef>
            <Position>
                <X>142</X>
                <Y>153</Y>
            </Position>
            <Alignment>
                <TopLeft>true</TopLeft>
            </Alignment>
            <TemplateName>plain_icon_small</TemplateName>
            <AdapterName>group_5icon20</AdapterName>
            <IconId>-1</IconId>
            <Data></Data>
        </IconDef>


        <IconDef>
            <Position>
                <X>159</X>
                <Y>153</Y>
            </Position>
            <Alignment>
                <TopLeft>true</TopLeft>
            </Alignment>
            <TemplateName>plain_icon_small</TemplateName>
            <AdapterName>group_5icon21</AdapterName>
            <IconId>-1</IconId>
            <Data></Data>
        </IconDef>


        <IconDef>
            <Position>
                <X>176</X>
                <Y>153</Y>
            </Position>
            <Alignment>
                <TopLeft>true</TopLeft>
            </Alignment>
            <TemplateName>plain_icon_small</TemplateName>
            <AdapterName>group_5icon22</AdapterName>
            <IconId>-1</IconId>
            <Data></Data>
        </IconDef>


        <IconDef>
            <Position>
                <X>193</X>
                <Y>153</Y>
            </Position>
            <Alignment>
                <TopLeft>true</TopLeft>
            </Alignment>
            <TemplateName>plain_icon_small</TemplateName>
            <AdapterName>group_5icon23</AdapterName>
            <IconId>-1</IconId>
            <Data></Data>
        </IconDef>


        <InvisibleButtonDef>
            <Position>
                <X>106</X>
                <Y>86</Y>
            </Position>
            <Alignment>
                <TopLeft>true</TopLeft>
            </Alignment>
            <Label></Label>
            <OnClickEvent>SelectGroupMember5</OnClickEvent>
            <Width>105</Width>
            <Height>85</Height>
        </InvisibleButtonDef>


        <!--  Group Member 6 -->


        <StatusIconDef>
            <Position>
                <X>212</X>
                <Y>86</Y>
            </Position>
            <TemplateName>_witt_buffbg</TemplateName>
            <AdapterName></AdapterName>
        </StatusIconDef>


        <LabelDef>
            <Position>
                <X>272</X>
                <Y>87</Y>
            </Position>
            <Alignment>
                <TopLeft>true</TopLeft>
            </Alignment>
            <Color>
                <R>208</R>
                <G>228</G>
                <B>229</B>
                <A>255</A>
            </Color>
            <FontName>_whatisthisfont11pxds</FontName>
            <Width>44</Width>
            <Height>16</Height>
            <MaxCharacters>128</MaxCharacters>
            <Data>Group member 6</Data>
            <ColorAdapter>group_color6</ColorAdapter>
            <Adapter>group_name6</Adapter>
        </LabelDef>


        <LabelDef>
            <Position>
                <X>216</X>
                <Y>87</Y>
            </Position>
            <Alignment>
                <TopLeft>true</TopLeft>
            </Alignment>
            <Color>
                <R>255</R>
                <G>255</G>
                <B>255</B>
                <A>255</A>
            </Color>
            <FontName>_whatisthisfont11pxds</FontName>
            <Width>54</Width>
            <Height>16</Height>
            <MaxCharacters>128</MaxCharacters>
            <Data>Group class 6</Data>
            <Adapter>group_class6</Adapter>
        </LabelDef>


        <IconDef>
            <Position>
                <X>214</X>
                <Y>102</Y>
            </Position>
            <Alignment>
                <TopLeft>true</TopLeft>
            </Alignment>
            <TemplateName>plain_icon_small</TemplateName>
            <AdapterName>group_6icon0</AdapterName>
            <IconId>-1</IconId>
            <Data></Data>
        </IconDef>


        <IconDef>
            <Position>
                <X>231</X>
                <Y>102</Y>
            </Position>
            <Alignment>
                <TopLeft>true</TopLeft>
            </Alignment>
            <TemplateName>plain_icon_small</TemplateName>
            <AdapterName>group_6icon1</AdapterName>
            <IconId>-1</IconId>
            <Data></Data>
        </IconDef>


        <IconDef>
            <Position>
                <X>248</X>
                <Y>102</Y>
            </Position>
            <Alignment>
                <TopLeft>true</TopLeft>
            </Alignment>
            <TemplateName>plain_icon_small</TemplateName>
            <AdapterName>group_6icon2</AdapterName>
            <IconId>-1</IconId>
            <Data></Data>
        </IconDef>


        <IconDef>
            <Position>
                <X>265</X>
                <Y>102</Y>
            </Position>
            <Alignment>
                <TopLeft>true</TopLeft>
            </Alignment>
            <TemplateName>plain_icon_small</TemplateName>
            <AdapterName>group_6icon3</AdapterName>
            <IconId>-1</IconId>
            <Data></Data>
        </IconDef>


        <IconDef>
            <Position>
                <X>282</X>
                <Y>102</Y>
            </Position>
            <Alignment>
                <TopLeft>true</TopLeft>
            </Alignment>
            <TemplateName>plain_icon_small</TemplateName>
            <AdapterName>group_6icon4</AdapterName>
            <IconId>-1</IconId>
            <Data></Data>
        </IconDef>


        <IconDef>
            <Position>
                <X>299</X>
                <Y>102</Y>
            </Position>
            <Alignment>
                <TopLeft>true</TopLeft>
            </Alignment>
            <TemplateName>plain_icon_small</TemplateName>
            <AdapterName>group_6icon5</AdapterName>
            <IconId>-1</IconId>
            <Data></Data>
        </IconDef>


        <IconDef>
            <Position>
                <X>214</X>
                <Y>119</Y>
            </Position>
            <Alignment>
                <TopLeft>true</TopLeft>
            </Alignment>
            <TemplateName>plain_icon_small</TemplateName>
            <AdapterName>group_6icon6</AdapterName>
            <IconId>-1</IconId>
            <Data></Data>
        </IconDef>


        <IconDef>
            <Position>
                <X>231</X>
                <Y>119</Y>
            </Position>
            <Alignment>
                <TopLeft>true</TopLeft>
            </Alignment>
            <TemplateName>plain_icon_small</TemplateName>
            <AdapterName>group_6icon7</AdapterName>
            <IconId>-1</IconId>
            <Data></Data>
        </IconDef>


        <IconDef>
            <Position>
                <X>248</X>
                <Y>119</Y>
            </Position>
            <Alignment>
                <TopLeft>true</TopLeft>
            </Alignment>
            <TemplateName>plain_icon_small</TemplateName>
            <AdapterName>group_6icon8</AdapterName>
            <IconId>-1</IconId>
            <Data></Data>
        </IconDef>


        <IconDef>
            <Position>
                <X>265</X>
                <Y>119</Y>
            </Position>
            <Alignment>
                <TopLeft>true</TopLeft>
            </Alignment>
            <TemplateName>plain_icon_small</TemplateName>
            <AdapterName>group_6icon9</AdapterName>
            <IconId>-1</IconId>
            <Data></Data>
        </IconDef>


        <IconDef>
            <Position>
                <X>282</X>
                <Y>119</Y>
            </Position>
            <Alignment>
                <TopLeft>true</TopLeft>
            </Alignment>
            <TemplateName>plain_icon_small</TemplateName>
            <AdapterName>group_6icon10</AdapterName>
            <IconId>-1</IconId>
            <Data></Data>
        </IconDef>


        <IconDef>
            <Position>
                <X>299</X>
                <Y>119</Y>
            </Position>
            <Alignment>
                <TopLeft>true</TopLeft>
            </Alignment>
            <TemplateName>plain_icon_small</TemplateName>
            <AdapterName>group_6icon11</AdapterName>
            <IconId>-1</IconId>
            <Data></Data>
        </IconDef>


        <IconDef>
            <Position>
                <X>214</X>
                <Y>136</Y>
            </Position>
            <Alignment>
                <TopLeft>true</TopLeft>
            </Alignment>
            <TemplateName>plain_icon_small</TemplateName>
            <AdapterName>group_6icon12</AdapterName>
            <IconId>-1</IconId>
            <Data></Data>
        </IconDef>


        <IconDef>
            <Position>
                <X>231</X>
                <Y>136</Y>
            </Position>
            <Alignment>
                <TopLeft>true</TopLeft>
            </Alignment>
            <TemplateName>plain_icon_small</TemplateName>
            <AdapterName>group_6icon13</AdapterName>
            <IconId>-1</IconId>
            <Data></Data>
        </IconDef>


        <IconDef>
            <Position>
                <X>248</X>
                <Y>136</Y>
            </Position>
            <Alignment>
                <TopLeft>true</TopLeft>
            </Alignment>
            <TemplateName>plain_icon_small</TemplateName>
            <AdapterName>group_6icon14</AdapterName>
            <IconId>-1</IconId>
            <Data></Data>
        </IconDef>


        <IconDef>
            <Position>
                <X>265</X>
                <Y>136</Y>
            </Position>
            <Alignment>
                <TopLeft>true</TopLeft>
            </Alignment>
            <TemplateName>plain_icon_small</TemplateName>
            <AdapterName>group_6icon15</AdapterName>
            <IconId>-1</IconId>
            <Data></Data>
        </IconDef>


        <IconDef>
            <Position>
                <X>282</X>
                <Y>136</Y>
            </Position>
            <Alignment>
                <TopLeft>true</TopLeft>
            </Alignment>
            <TemplateName>plain_icon_small</TemplateName>
            <AdapterName>group_6icon16</AdapterName>
            <IconId>-1</IconId>
            <Data></Data>
        </IconDef>


        <IconDef>
            <Position>
                <X>299</X>
                <Y>136</Y>
            </Position>
            <Alignment>
                <TopLeft>true</TopLeft>
            </Alignment>
            <TemplateName>plain_icon_small</TemplateName>
            <AdapterName>group_6icon17</AdapterName>
            <IconId>-1</IconId>
            <Data></Data>
        </IconDef>


        <IconDef>
            <Position>
                <X>214</X>
                <Y>153</Y>
            </Position>
            <Alignment>
                <TopLeft>true</TopLeft>
            </Alignment>
            <TemplateName>plain_icon_small</TemplateName>
            <AdapterName>group_6icon18</AdapterName>
            <IconId>-1</IconId>
            <Data></Data>
        </IconDef>


        <IconDef>
            <Position>
                <X>231</X>
                <Y>153</Y>
            </Position>
            <Alignment>
                <TopLeft>true</TopLeft>
            </Alignment>
            <TemplateName>plain_icon_small</TemplateName>
            <AdapterName>group_6icon19</AdapterName>
            <IconId>-1</IconId>
            <Data></Data>
        </IconDef>


        <IconDef>
            <Position>
                <X>248</X>
                <Y>153</Y>
            </Position>
            <Alignment>
                <TopLeft>true</TopLeft>
            </Alignment>
            <TemplateName>plain_icon_small</TemplateName>
            <AdapterName>group_6icon20</AdapterName>
            <IconId>-1</IconId>
            <Data></Data>
        </IconDef>


        <IconDef>
            <Position>
                <X>265</X>
                <Y>153</Y>
            </Position>
            <Alignment>
                <TopLeft>true</TopLeft>
            </Alignment>
            <TemplateName>plain_icon_small</TemplateName>
            <AdapterName>group_6icon21</AdapterName>
            <IconId>-1</IconId>
            <Data></Data>
        </IconDef>


        <IconDef>
            <Position>
                <X>282</X>
                <Y>153</Y>
            </Position>
            <Alignment>
                <TopLeft>true</TopLeft>
            </Alignment>
            <TemplateName>plain_icon_small</TemplateName>
            <AdapterName>group_6icon22</AdapterName>
            <IconId>-1</IconId>
            <Data></Data>
        </IconDef>


        <IconDef>
            <Position>
                <X>299</X>
                <Y>153</Y>
            </Position>
            <Alignment>
                <TopLeft>true</TopLeft>
            </Alignment>
            <TemplateName>plain_icon_small</TemplateName>
            <AdapterName>group_6icon23</AdapterName>
            <IconId>-1</IconId>
            <Data></Data>
        </IconDef>


        <InvisibleButtonDef>
            <Position>
                <X>212</X>
                <Y>86</Y>
            </Position>
            <Alignment>
                <TopLeft>true</TopLeft>
            </Alignment>
            <Label></Label>
            <OnClickEvent>SelectGroupMember6</OnClickEvent>
            <Width>105</Width>
            <Height>85</Height>
        </InvisibleButtonDef>


        <!--  Group Member 7 -->


        <StatusIconDef>
            <Position>
                <X>318</X>
                <Y>86</Y>
            </Position>
            <TemplateName>_witt_buffbg</TemplateName>
            <AdapterName></AdapterName>
        </StatusIconDef>


        <LabelDef>
            <Position>
                <X>378</X>
                <Y>87</Y>
            </Position>
            <Alignment>
                <TopLeft>true</TopLeft>
            </Alignment>
            <Color>
                <R>208</R>
                <G>228</G>
                <B>229</B>
                <A>255</A>
            </Color>
            <FontName>_whatisthisfont11pxds</FontName>
            <Width>44</Width>
            <Height>16</Height>
            <MaxCharacters>128</MaxCharacters>
            <Data>Group member 7</Data>
            <ColorAdapter>group_color7</ColorAdapter>
            <Adapter>group_name7</Adapter>
        </LabelDef>


        <LabelDef>
            <Position>
                <X>322</X>
                <Y>87</Y>
            </Position>
            <Alignment>
                <TopLeft>true</TopLeft>
            </Alignment>
            <Color>
                <R>255</R>
                <G>255</G>
                <B>255</B>
                <A>255</A>
            </Color>
            <FontName>_whatisthisfont11pxds</FontName>
            <Width>54</Width>
            <Height>16</Height>
            <MaxCharacters>128</MaxCharacters>
            <Data>Group class 7</Data>
            <Adapter>group_class7</Adapter>
        </LabelDef>


        <IconDef>
            <Position>
                <X>320</X>
                <Y>102</Y>
            </Position>
            <Alignment>
                <TopLeft>true</TopLeft>
            </Alignment>
            <TemplateName>plain_icon_small</TemplateName>
            <AdapterName>group_7icon0</AdapterName>
            <IconId>-1</IconId>
            <Data></Data>
        </IconDef>


        <IconDef>
            <Position>
                <X>337</X>
                <Y>102</Y>
            </Position>
            <Alignment>
                <TopLeft>true</TopLeft>
            </Alignment>
            <TemplateName>plain_icon_small</TemplateName>
            <AdapterName>group_7icon1</AdapterName>
            <IconId>-1</IconId>
            <Data></Data>
        </IconDef>


        <IconDef>
            <Position>
                <X>354</X>
                <Y>102</Y>
            </Position>
            <Alignment>
                <TopLeft>true</TopLeft>
            </Alignment>
            <TemplateName>plain_icon_small</TemplateName>
            <AdapterName>group_7icon2</AdapterName>
            <IconId>-1</IconId>
            <Data></Data>
        </IconDef>


        <IconDef>
            <Position>
                <X>371</X>
                <Y>102</Y>
            </Position>
            <Alignment>
                <TopLeft>true</TopLeft>
            </Alignment>
            <TemplateName>plain_icon_small</TemplateName>
            <AdapterName>group_7icon3</AdapterName>
            <IconId>-1</IconId>
            <Data></Data>
        </IconDef>


        <IconDef>
            <Position>
                <X>388</X>
                <Y>102</Y>
            </Position>
            <Alignment>
                <TopLeft>true</TopLeft>
            </Alignment>
            <TemplateName>plain_icon_small</TemplateName>
            <AdapterName>group_7icon4</AdapterName>
            <IconId>-1</IconId>
            <Data></Data>
        </IconDef>


        <IconDef>
            <Position>
                <X>405</X>
                <Y>102</Y>
            </Position>
            <Alignment>
                <TopLeft>true</TopLeft>
            </Alignment>
            <TemplateName>plain_icon_small</TemplateName>
            <AdapterName>group_7icon5</AdapterName>
            <IconId>-1</IconId>
            <Data></Data>
        </IconDef>


        <IconDef>
            <Position>
                <X>320</X>
                <Y>119</Y>
            </Position>
            <Alignment>
                <TopLeft>true</TopLeft>
            </Alignment>
            <TemplateName>plain_icon_small</TemplateName>
            <AdapterName>group_7icon6</AdapterName>
            <IconId>-1</IconId>
            <Data></Data>
        </IconDef>


        <IconDef>
            <Position>
                <X>337</X>
                <Y>119</Y>
            </Position>
            <Alignment>
                <TopLeft>true</TopLeft>
            </Alignment>
            <TemplateName>plain_icon_small</TemplateName>
            <AdapterName>group_7icon7</AdapterName>
            <IconId>-1</IconId>
            <Data></Data>
        </IconDef>


        <IconDef>
            <Position>
                <X>354</X>
                <Y>119</Y>
            </Position>
            <Alignment>
                <TopLeft>true</TopLeft>
            </Alignment>
            <TemplateName>plain_icon_small</TemplateName>
            <AdapterName>group_7icon8</AdapterName>
            <IconId>-1</IconId>
            <Data></Data>
        </IconDef>


        <IconDef>
            <Position>
                <X>371</X>
                <Y>119</Y>
            </Position>
            <Alignment>
                <TopLeft>true</TopLeft>
            </Alignment>
            <TemplateName>plain_icon_small</TemplateName>
            <AdapterName>group_7icon9</AdapterName>
            <IconId>-1</IconId>
            <Data></Data>
        </IconDef>


        <IconDef>
            <Position>
                <X>388</X>
                <Y>119</Y>
            </Position>
            <Alignment>
                <TopLeft>true</TopLeft>
            </Alignment>
            <TemplateName>plain_icon_small</TemplateName>
            <AdapterName>group_7icon10</AdapterName>
            <IconId>-1</IconId>
            <Data></Data>
        </IconDef>


        <IconDef>
            <Position>
                <X>405</X>
                <Y>119</Y>
            </Position>
            <Alignment>
                <TopLeft>true</TopLeft>
            </Alignment>
            <TemplateName>plain_icon_small</TemplateName>
            <AdapterName>group_7icon11</AdapterName>
            <IconId>-1</IconId>
            <Data></Data>
        </IconDef>


        <IconDef>
            <Position>
                <X>320</X>
                <Y>136</Y>
            </Position>
            <Alignment>
                <TopLeft>true</TopLeft>
            </Alignment>
            <TemplateName>plain_icon_small</TemplateName>
            <AdapterName>group_7icon12</AdapterName>
            <IconId>-1</IconId>
            <Data></Data>
        </IconDef>


        <IconDef>
            <Position>
                <X>337</X>
                <Y>136</Y>
            </Position>
            <Alignment>
                <TopLeft>true</TopLeft>
            </Alignment>
            <TemplateName>plain_icon_small</TemplateName>
            <AdapterName>group_7icon13</AdapterName>
            <IconId>-1</IconId>
            <Data></Data>
        </IconDef>


        <IconDef>
            <Position>
                <X>354</X>
                <Y>136</Y>
            </Position>
            <Alignment>
                <TopLeft>true</TopLeft>
            </Alignment>
            <TemplateName>plain_icon_small</TemplateName>
            <AdapterName>group_7icon14</AdapterName>
            <IconId>-1</IconId>
            <Data></Data>
        </IconDef>


        <IconDef>
            <Position>
                <X>371</X>
                <Y>136</Y>
            </Position>
            <Alignment>
                <TopLeft>true</TopLeft>
            </Alignment>
            <TemplateName>plain_icon_small</TemplateName>
            <AdapterName>group_7icon15</AdapterName>
            <IconId>-1</IconId>
            <Data></Data>
        </IconDef>


        <IconDef>
            <Position>
                <X>388</X>
                <Y>136</Y>
            </Position>
            <Alignment>
                <TopLeft>true</TopLeft>
            </Alignment>
            <TemplateName>plain_icon_small</TemplateName>
            <AdapterName>group_7icon16</AdapterName>
            <IconId>-1</IconId>
            <Data></Data>
        </IconDef>


        <IconDef>
            <Position>
                <X>405</X>
                <Y>136</Y>
            </Position>
            <Alignment>
                <TopLeft>true</TopLeft>
            </Alignment>
            <TemplateName>plain_icon_small</TemplateName>
            <AdapterName>group_7icon17</AdapterName>
            <IconId>-1</IconId>
            <Data></Data>
        </IconDef>


        <IconDef>
            <Position>
                <X>320</X>
                <Y>153</Y>
            </Position>
            <Alignment>
                <TopLeft>true</TopLeft>
            </Alignment>
            <TemplateName>plain_icon_small</TemplateName>
            <AdapterName>group_7icon18</AdapterName>
            <IconId>-1</IconId>
            <Data></Data>
        </IconDef>


        <IconDef>
            <Position>
                <X>337</X>
                <Y>153</Y>
            </Position>
            <Alignment>
                <TopLeft>true</TopLeft>
            </Alignment>
            <TemplateName>plain_icon_small</TemplateName>
            <AdapterName>group_7icon19</AdapterName>
            <IconId>-1</IconId>
            <Data></Data>
        </IconDef>


        <IconDef>
            <Position>
                <X>354</X>
                <Y>153</Y>
            </Position>
            <Alignment>
                <TopLeft>true</TopLeft>
            </Alignment>
            <TemplateName>plain_icon_small</TemplateName>
            <AdapterName>group_7icon20</AdapterName>
            <IconId>-1</IconId>
            <Data></Data>
        </IconDef>


        <IconDef>
            <Position>
                <X>371</X>
                <Y>153</Y>
            </Position>
            <Alignment>
                <TopLeft>true</TopLeft>
            </Alignment>
            <TemplateName>plain_icon_small</TemplateName>
            <AdapterName>group_7icon21</AdapterName>
            <IconId>-1</IconId>
            <Data></Data>
        </IconDef>


        <IconDef>
            <Position>
                <X>388</X>
                <Y>153</Y>
            </Position>
            <Alignment>
                <TopLeft>true</TopLeft>
            </Alignment>
            <TemplateName>plain_icon_small</TemplateName>
            <AdapterName>group_7icon22</AdapterName>
            <IconId>-1</IconId>
            <Data></Data>
        </IconDef>


        <IconDef>
            <Position>
                <X>405</X>
                <Y>153</Y>
            </Position>
            <Alignment>
                <TopLeft>true</TopLeft>
            </Alignment>
            <TemplateName>plain_icon_small</TemplateName>
            <AdapterName>group_7icon23</AdapterName>
            <IconId>-1</IconId>
            <Data></Data>
        </IconDef>


        <InvisibleButtonDef>
            <Position>
                <X>318</X>
                <Y>86</Y>
            </Position>
            <Alignment>
                <TopLeft>true</TopLeft>
            </Alignment>
            <Label></Label>
            <OnClickEvent>SelectGroupMember7</OnClickEvent>
            <Width>105</Width>
            <Height>85</Height>
        </InvisibleButtonDef>


    </WindowTemplate>


</Root_Element>
