<?xml version="1.0"?>
<Root_Element ID="DAOCUi">

<!-- @@ Edited with the DAoC User Interface Editor v1.80 -->
<!-- @@ Free download available at http://www.bradtownsend.com/daoced -->


    <ImageAreaTemplate>
        <Name>quest_title_right</Name>
        <TextureName>page3</TextureName>
        <Size>
            <X>128</X>
            <Y>16</Y>
        </Size>
        <TopLeft>
            <X>0</X>
            <Y>36</Y>
        </TopLeft>
    </ImageAreaTemplate>


    <ImageAreaTemplate>
        <Name>quest_title_left</Name>
        <TextureName>page3</TextureName>
        <Size>
            <X>128</X>
            <Y>16</Y>
        </Size>
        <TopLeft>
            <X>0</X>
            <Y>20</Y>
        </TopLeft>
    </ImageAreaTemplate>


    <ImageAreaTemplate>
        <Name>quest_title</Name>
        <TextureName>page3</TextureName>
        <Size>
            <X>128</X>
            <Y>20</Y>
        </Size>
        <TopLeft>
            <X>0</X>
            <Y>0</Y>
        </TopLeft>
    </ImageAreaTemplate>


    <WindowTemplate>
        <Name>new_quest_journal</Name>
        <WindowId>Quest</WindowId>
        <CloseButton>true</CloseButton>
        <MoveButton>false</MoveButton>
        <TopRightResizeButton>false</TopRightResizeButton>
        <BottomRightResizeButton>false</BottomRightResizeButton>
        <BottomLeftResizeButton>false</BottomLeftResizeButton>
        <ResizeButtonOffsetX>0</ResizeButtonOffsetX>
        <ResizeButtonOffsetY>0</ResizeButtonOffsetY>
        <TitleWidth>390</TitleWidth>
        <TitleHeight>2</TitleHeight>
        <Width>390</Width>
        <Height>211</Height>
        <ResizeableWidth>6</ResizeableWidth>
        <ResizeableHeight>6</ResizeableHeight>
        <ResizeableTwoWayWidth>0</ResizeableTwoWayWidth>
        <ResizeableTwoWayHeight>0</ResizeableTwoWayHeight>
        <MinWidth>0</MinWidth>
        <MinHeight>0</MinHeight>
        <ContextTemplateName></ContextTemplateName>


        <FullResizeImageDef>
            <Position>
                <X>0</X>
                <Y>0</Y>
            </Position>
            <Alignment>
                <GrowWidth>true</GrowWidth>
            </Alignment>
            <TemplateName>_witt_bg_100</TemplateName>
            <Width>390</Width>
            <Height>19</Height>
        </FullResizeImageDef>


        <LabelDef>
            <Position>
                <X>0</X>
                <Y>4</Y>
            </Position>
            <Alignment>
                <CenterHorizontally>true</CenterHorizontally>
            </Alignment>
            <Color>
                <R>255</R>
                <G>255</G>
                <B>255</B>
                <A>255</A>
            </Color>
            <FontName>_whatisthisfont2</FontName>
            <Width>390</Width>
            <Height>15</Height>
            <MaxCharacters>128</MaxCharacters>
            <Data>QUEST JOURNAL</Data>
            <TextCentered>true</TextCentered>
        </LabelDef>


        <TreeControlDef>
            <ControlId>1001</ControlId>
            <Position>
                <X>0</X>
                <Y>18</Y>
            </Position>
            <Alignment>
                <GrowWidth>true</GrowWidth>
                <GrowHeight>true</GrowHeight>
            </Alignment>
            <TemplateName>_witt_listbox_noscroll</TemplateName>
            <AdapterName>new_quest_journal_entries</AdapterName>
            <Width>390</Width>
            <Height>176</Height>
            <Column1Width>350</Column1Width>
            <Column1Offset>10</Column1Offset>
            <Column2Width>350</Column2Width>
            <Column2Offset>125</Column2Offset>
        </TreeControlDef>


        <ButtonDef>
            <ControlId>1000</ControlId>
            <Position>
                <X>0</X>
                <Y>-2</Y>
            </Position>
            <Alignment>
                <OffsetBottom>true</OffsetBottom>
            </Alignment>
            <TemplateName>_witt_hr_button</TemplateName>
            <Label>Remove</Label>
            <OnClickEvent>RemoveQuest</OnClickEvent>
        </ButtonDef>


        <HorizontalResizeImageDef>
            <Position>
                <X>63</X>
                <Y>-2</Y>
            </Position>
            <Alignment>
                <OffsetBottom>true</OffsetBottom>
                <GrowWidth>true</GrowWidth>
            </Alignment>
            <TemplateName>_witt_hr_normal</TemplateName>
            <Width>327</Width>
        </HorizontalResizeImageDef>


        <LabelDef>
            <ControlId>1005</ControlId>
            <Position>
                <X>70</X>
                <Y>-3</Y>
            </Position>
            <Alignment>
                <OffsetBottom>true</OffsetBottom>
            </Alignment>
            <Color>
                <R>255</R>
                <G>255</G>
                <B>255</B>
                <A>192</A>
            </Color>
            <FontName>_whatisthisfont3</FontName>
            <Width>318</Width>
            <Height>18</Height>
            <MaxCharacters>256</MaxCharacters>
            <Data>No Quest Selected</Data>
        </LabelDef>


    </WindowTemplate>


</Root_Element>
