<?xml version="1.0"?>
<Root_Element ID="DAOCUi">

<!-- @@ Edited with the DAoC User Interface Editor v1.80 -->
<!-- @@ Free download available at http://www.bradtownsend.com/daoced -->


    <WindowTemplate>
        <Name>custom7_window</Name>
        <WindowId>custom7_window</WindowId>
        <CloseButton>false</CloseButton>
        <MoveButton>false</MoveButton>
        <TopRightResizeButton>false</TopRightResizeButton>
        <BottomRightResizeButton>false</BottomRightResizeButton>
        <BottomLeftResizeButton>false</BottomLeftResizeButton>
        <ResizeButtonOffsetX>0</ResizeButtonOffsetX>
        <ResizeButtonOffsetY>0</ResizeButtonOffsetY>
        <TitleWidth>0</TitleWidth>
        <TitleHeight>0</TitleHeight>
        <Width>556</Width>
        <Height>88</Height>
        <ResizeableWidth>0</ResizeableWidth>
        <ResizeableHeight>0</ResizeableHeight>
        <ResizeableTwoWayWidth>0</ResizeableTwoWayWidth>
        <ResizeableTwoWayHeight>0</ResizeableTwoWayHeight>
        <MinWidth>0</MinWidth>
        <MinHeight>0</MinHeight>
        <ContextTemplateName></ContextTemplateName>


        <StatusIconDef>
            <Position>
                <X>4</X>
                <Y>4</Y>
            </Position>
            <Alignment>
                <TopLeft>true</TopLeft>
            </Alignment>
            <TemplateName>hsi_s</TemplateName>
            <AdapterName>group_health0</AdapterName>
        </StatusIconDef>


        <LabelDef>
            <Position>
                <X>6</X>
                <Y>5</Y>
            </Position>
            <Alignment>
                <TopLeft>true</TopLeft>
            </Alignment>
            <Color>
                <R>255</R>
                <G>255</G>
                <B>255</B>
                <A>255</A>
            </Color>
            <FontName>arial9ds</FontName>
            <Width>60</Width>
            <Height>12</Height>
            <MaxCharacters>31</MaxCharacters>
            <ColorAdapter>group_color0</ColorAdapter>
            <Adapter>group_name0</Adapter>
        </LabelDef>


        <ScalarLabelDef>
            <Position>
                <X>5</X>
                <Y>57</Y>
            </Position>
            <Alignment>
                <TopLeft>true</TopLeft>
            </Alignment>
            <FontName>arial9ds</FontName>
            <Width>13</Width>
            <Height>12</Height>
            <MaxCharacters>3</MaxCharacters>
            <Color>
                <R>255</R>
                <G>255</G>
                <B>255</B>
                <A>196</A>
            </Color>
            <Adapter>group_level0</Adapter>
            <ColorAdapter>group_color0</ColorAdapter>
            <DontDrawWhenZero>true</DontDrawWhenZero>
            <DontDrawWhenNegOne>true</DontDrawWhenNegOne>
        </ScalarLabelDef>


        <LabelDef>
            <Position>
                <X>19</X>
                <Y>57</Y>
            </Position>
            <Alignment>
                <TopLeft>true</TopLeft>
            </Alignment>
            <Color>
                <R>255</R>
                <G>255</G>
                <B>255</B>
                <A>255</A>
            </Color>
            <FontName>arial9ds</FontName>
            <Width>63</Width>
            <Height>12</Height>
            <MaxCharacters>5</MaxCharacters>
            <ColorAdapter>group_color0</ColorAdapter>
            <Adapter>group_class0</Adapter>
        </LabelDef>


        <ScalarLabelDef>
            <Position>
                <X>4</X>
                <Y>32</Y>
            </Position>
            <Alignment>
                <TopLeft>true</TopLeft>
            </Alignment>
            <FontName>kr</FontName>
            <Width>64</Width>
            <Height>32</Height>
            <MaxCharacters>4</MaxCharacters>
            <Color>
                <R>255</R>
                <G>0</G>
                <B>0</B>
                <A>196</A>
            </Color>
            <Adapter>group_health0</Adapter>
            <TextCentered>true</TextCentered>
            <DontDrawWhenZero>true</DontDrawWhenZero>
            <DontDrawWhenNegOne>true</DontDrawWhenNegOne>
        </ScalarLabelDef>


        <InvisibleButtonDef>
            <Position>
                <X>4</X>
                <Y>4</Y>
            </Position>
            <Alignment>
                <TopLeft>true</TopLeft>
            </Alignment>
            <Label></Label>
            <OnClickEvent>SelectGroupMember0</OnClickEvent>
            <Width>64</Width>
            <Height>64</Height>
        </InvisibleButtonDef>


        <ButtonDef>
            <Position>
                <X>3</X>
                <Y>3</Y>
            </Position>
            <TemplateName>b_bg_hs</TemplateName>
            <OnClickEvent>SelectGroupMember0</OnClickEvent>
        </ButtonDef>


        <StatusIconDef>
            <Position>
                <X>74</X>
                <Y>4</Y>
            </Position>
            <Alignment>
                <TopLeft>true</TopLeft>
            </Alignment>
            <TemplateName>hsi_s</TemplateName>
            <AdapterName>group_health1</AdapterName>
        </StatusIconDef>


        <LabelDef>
            <Position>
                <X>76</X>
                <Y>5</Y>
            </Position>
            <Alignment>
                <TopLeft>true</TopLeft>
            </Alignment>
            <Color>
                <R>255</R>
                <G>255</G>
                <B>255</B>
                <A>255</A>
            </Color>
            <FontName>arial9ds</FontName>
            <Width>60</Width>
            <Height>12</Height>
            <MaxCharacters>31</MaxCharacters>
            <ColorAdapter>group_color1</ColorAdapter>
            <Adapter>group_name1</Adapter>
        </LabelDef>


        <ScalarLabelDef>
            <Position>
                <X>75</X>
                <Y>57</Y>
            </Position>
            <Alignment>
                <TopLeft>true</TopLeft>
            </Alignment>
            <FontName>arial9ds</FontName>
            <Width>13</Width>
            <Height>12</Height>
            <MaxCharacters>3</MaxCharacters>
            <Color>
                <R>255</R>
                <G>255</G>
                <B>255</B>
                <A>196</A>
            </Color>
            <Adapter>group_level1</Adapter>
            <ColorAdapter>group_color1</ColorAdapter>
            <DontDrawWhenZero>true</DontDrawWhenZero>
            <DontDrawWhenNegOne>true</DontDrawWhenNegOne>
        </ScalarLabelDef>


        <LabelDef>
            <Position>
                <X>89</X>
                <Y>57</Y>
            </Position>
            <Alignment>
                <TopLeft>true</TopLeft>
            </Alignment>
            <Color>
                <R>255</R>
                <G>255</G>
                <B>255</B>
                <A>255</A>
            </Color>
            <FontName>arial9ds</FontName>
            <Width>63</Width>
            <Height>12</Height>
            <MaxCharacters>5</MaxCharacters>
            <ColorAdapter>group_color1</ColorAdapter>
            <Adapter>group_class1</Adapter>
        </LabelDef>


        <ScalarLabelDef>
            <Position>
                <X>74</X>
                <Y>31</Y>
            </Position>
            <Alignment>
                <TopLeft>true</TopLeft>
            </Alignment>
            <FontName>kr</FontName>
            <Width>64</Width>
            <Height>32</Height>
            <MaxCharacters>4</MaxCharacters>
            <Color>
                <R>255</R>
                <G>0</G>
                <B>0</B>
                <A>196</A>
            </Color>
            <Adapter>group_health1</Adapter>
            <TextCentered>true</TextCentered>
            <DontDrawWhenZero>true</DontDrawWhenZero>
            <DontDrawWhenNegOne>true</DontDrawWhenNegOne>
        </ScalarLabelDef>


        <InvisibleButtonDef>
            <Position>
                <X>74</X>
                <Y>4</Y>
            </Position>
            <Alignment>
                <TopLeft>true</TopLeft>
            </Alignment>
            <Label></Label>
            <OnClickEvent>SelectGroupMember1</OnClickEvent>
            <Width>64</Width>
            <Height>64</Height>
        </InvisibleButtonDef>


        <ButtonDef>
            <Position>
                <X>73</X>
                <Y>3</Y>
            </Position>
            <TemplateName>b_bg_hs</TemplateName>
            <OnClickEvent>SelectGroupMember1</OnClickEvent>
        </ButtonDef>


        <StatusIconDef>
            <Position>
                <X>142</X>
                <Y>4</Y>
            </Position>
            <Alignment>
                <TopLeft>true</TopLeft>
            </Alignment>
            <TemplateName>hsi_s</TemplateName>
            <AdapterName>group_health2</AdapterName>
        </StatusIconDef>


        <LabelDef>
            <Position>
                <X>144</X>
                <Y>5</Y>
            </Position>
            <Alignment>
                <TopLeft>true</TopLeft>
            </Alignment>
            <Color>
                <R>255</R>
                <G>255</G>
                <B>255</B>
                <A>255</A>
            </Color>
            <FontName>arial9ds</FontName>
            <Width>60</Width>
            <Height>12</Height>
            <MaxCharacters>31</MaxCharacters>
            <ColorAdapter>group_color2</ColorAdapter>
            <Adapter>group_name2</Adapter>
        </LabelDef>


        <ScalarLabelDef>
            <Position>
                <X>143</X>
                <Y>57</Y>
            </Position>
            <Alignment>
                <TopLeft>true</TopLeft>
            </Alignment>
            <FontName>arial9ds</FontName>
            <Width>13</Width>
            <Height>12</Height>
            <MaxCharacters>3</MaxCharacters>
            <Color>
                <R>255</R>
                <G>255</G>
                <B>255</B>
                <A>196</A>
            </Color>
            <Adapter>group_level2</Adapter>
            <ColorAdapter>group_color2</ColorAdapter>
            <DontDrawWhenZero>true</DontDrawWhenZero>
            <DontDrawWhenNegOne>true</DontDrawWhenNegOne>
        </ScalarLabelDef>


        <LabelDef>
            <Position>
                <X>157</X>
                <Y>57</Y>
            </Position>
            <Alignment>
                <TopLeft>true</TopLeft>
            </Alignment>
            <Color>
                <R>255</R>
                <G>255</G>
                <B>255</B>
                <A>255</A>
            </Color>
            <FontName>arial9ds</FontName>
            <Width>63</Width>
            <Height>12</Height>
            <MaxCharacters>5</MaxCharacters>
            <ColorAdapter>group_color2</ColorAdapter>
            <Adapter>group_class2</Adapter>
        </LabelDef>


        <ScalarLabelDef>
            <Position>
                <X>142</X>
                <Y>32</Y>
            </Position>
            <Alignment>
                <TopLeft>true</TopLeft>
            </Alignment>
            <FontName>kr</FontName>
            <Width>64</Width>
            <Height>32</Height>
            <MaxCharacters>4</MaxCharacters>
            <Color>
                <R>255</R>
                <G>0</G>
                <B>0</B>
                <A>196</A>
            </Color>
            <Adapter>group_health2</Adapter>
            <TextCentered>true</TextCentered>
            <DontDrawWhenZero>true</DontDrawWhenZero>
            <DontDrawWhenNegOne>true</DontDrawWhenNegOne>
        </ScalarLabelDef>


        <InvisibleButtonDef>
            <Position>
                <X>142</X>
                <Y>4</Y>
            </Position>
            <Alignment>
                <TopLeft>true</TopLeft>
            </Alignment>
            <Label></Label>
            <OnClickEvent>SelectGroupMember2</OnClickEvent>
            <Width>64</Width>
            <Height>64</Height>
        </InvisibleButtonDef>


        <ButtonDef>
            <Position>
                <X>141</X>
                <Y>3</Y>
            </Position>
            <TemplateName>b_bg_hs</TemplateName>
            <OnClickEvent>SelectGroupMember2</OnClickEvent>
        </ButtonDef>


        <StatusIconDef>
            <Position>
                <X>211</X>
                <Y>4</Y>
            </Position>
            <Alignment>
                <TopLeft>true</TopLeft>
            </Alignment>
            <TemplateName>hsi_s</TemplateName>
            <AdapterName>group_health3</AdapterName>
        </StatusIconDef>


        <LabelDef>
            <Position>
                <X>213</X>
                <Y>5</Y>
            </Position>
            <Alignment>
                <TopLeft>true</TopLeft>
            </Alignment>
            <Color>
                <R>255</R>
                <G>255</G>
                <B>255</B>
                <A>255</A>
            </Color>
            <FontName>arial9ds</FontName>
            <Width>60</Width>
            <Height>12</Height>
            <MaxCharacters>31</MaxCharacters>
            <ColorAdapter>group_color3</ColorAdapter>
            <Adapter>group_name3</Adapter>
        </LabelDef>


        <ScalarLabelDef>
            <Position>
                <X>212</X>
                <Y>57</Y>
            </Position>
            <Alignment>
                <TopLeft>true</TopLeft>
            </Alignment>
            <FontName>arial9ds</FontName>
            <Width>13</Width>
            <Height>12</Height>
            <MaxCharacters>3</MaxCharacters>
            <Color>
                <R>255</R>
                <G>255</G>
                <B>255</B>
                <A>196</A>
            </Color>
            <Adapter>group_level3</Adapter>
            <ColorAdapter>group_color3</ColorAdapter>
            <DontDrawWhenZero>true</DontDrawWhenZero>
            <DontDrawWhenNegOne>true</DontDrawWhenNegOne>
        </ScalarLabelDef>


        <LabelDef>
            <Position>
                <X>226</X>
                <Y>57</Y>
            </Position>
            <Alignment>
                <TopLeft>true</TopLeft>
            </Alignment>
            <Color>
                <R>255</R>
                <G>255</G>
                <B>255</B>
                <A>255</A>
            </Color>
            <FontName>arial9ds</FontName>
            <Width>63</Width>
            <Height>12</Height>
            <MaxCharacters>5</MaxCharacters>
            <ColorAdapter>group_color3</ColorAdapter>
            <Adapter>group_class3</Adapter>
        </LabelDef>


        <ScalarLabelDef>
            <Position>
                <X>211</X>
                <Y>32</Y>
            </Position>
            <Alignment>
                <TopLeft>true</TopLeft>
            </Alignment>
            <FontName>kr</FontName>
            <Width>64</Width>
            <Height>32</Height>
            <MaxCharacters>4</MaxCharacters>
            <Color>
                <R>255</R>
                <G>0</G>
                <B>0</B>
                <A>196</A>
            </Color>
            <Adapter>group_health3</Adapter>
            <TextCentered>true</TextCentered>
            <DontDrawWhenZero>true</DontDrawWhenZero>
            <DontDrawWhenNegOne>true</DontDrawWhenNegOne>
        </ScalarLabelDef>


        <InvisibleButtonDef>
            <Position>
                <X>211</X>
                <Y>4</Y>
            </Position>
            <Alignment>
                <TopLeft>true</TopLeft>
            </Alignment>
            <Label></Label>
            <OnClickEvent>SelectGroupMember3</OnClickEvent>
            <Width>64</Width>
            <Height>64</Height>
        </InvisibleButtonDef>


        <ButtonDef>
            <Position>
                <X>210</X>
                <Y>3</Y>
            </Position>
            <TemplateName>b_bg_hs</TemplateName>
            <OnClickEvent>SelectGroupMember3</OnClickEvent>
        </ButtonDef>


        <StatusIconDef>
            <Position>
                <X>281</X>
                <Y>4</Y>
            </Position>
            <Alignment>
                <TopLeft>true</TopLeft>
            </Alignment>
            <TemplateName>hsi_s</TemplateName>
            <AdapterName>group_health4</AdapterName>
        </StatusIconDef>


        <LabelDef>
            <Position>
                <X>282</X>
                <Y>5</Y>
            </Position>
            <Alignment>
                <TopLeft>true</TopLeft>
            </Alignment>
            <Color>
                <R>255</R>
                <G>255</G>
                <B>255</B>
                <A>255</A>
            </Color>
            <FontName>arial9ds</FontName>
            <Width>60</Width>
            <Height>12</Height>
            <MaxCharacters>31</MaxCharacters>
            <ColorAdapter>group_color4</ColorAdapter>
            <Adapter>group_name4</Adapter>
        </LabelDef>


        <ScalarLabelDef>
            <Position>
                <X>282</X>
                <Y>57</Y>
            </Position>
            <Alignment>
                <TopLeft>true</TopLeft>
            </Alignment>
            <FontName>arial9ds</FontName>
            <Width>13</Width>
            <Height>12</Height>
            <MaxCharacters>3</MaxCharacters>
            <Color>
                <R>255</R>
                <G>255</G>
                <B>255</B>
                <A>196</A>
            </Color>
            <Adapter>group_level4</Adapter>
            <ColorAdapter>group_color4</ColorAdapter>
            <DontDrawWhenZero>true</DontDrawWhenZero>
            <DontDrawWhenNegOne>true</DontDrawWhenNegOne>
        </ScalarLabelDef>


        <LabelDef>
            <Position>
                <X>296</X>
                <Y>57</Y>
            </Position>
            <Alignment>
                <TopLeft>true</TopLeft>
            </Alignment>
            <Color>
                <R>255</R>
                <G>255</G>
                <B>255</B>
                <A>255</A>
            </Color>
            <FontName>arial9ds</FontName>
            <Width>63</Width>
            <Height>12</Height>
            <MaxCharacters>5</MaxCharacters>
            <ColorAdapter>group_color4</ColorAdapter>
            <Adapter>group_class4</Adapter>
        </LabelDef>


        <ScalarLabelDef>
            <Position>
                <X>280</X>
                <Y>32</Y>
            </Position>
            <Alignment>
                <TopLeft>true</TopLeft>
            </Alignment>
            <FontName>kr</FontName>
            <Width>64</Width>
            <Height>32</Height>
            <MaxCharacters>4</MaxCharacters>
            <Color>
                <R>255</R>
                <G>0</G>
                <B>0</B>
                <A>196</A>
            </Color>
            <Adapter>group_health4</Adapter>
            <TextCentered>true</TextCentered>
            <DontDrawWhenZero>true</DontDrawWhenZero>
            <DontDrawWhenNegOne>true</DontDrawWhenNegOne>
        </ScalarLabelDef>


        <InvisibleButtonDef>
            <Position>
                <X>281</X>
                <Y>4</Y>
            </Position>
            <Alignment>
                <TopLeft>true</TopLeft>
            </Alignment>
            <Label></Label>
            <OnClickEvent>SelectGroupMember4</OnClickEvent>
            <Width>64</Width>
            <Height>64</Height>
        </InvisibleButtonDef>


        <ButtonDef>
            <Position>
                <X>280</X>
                <Y>3</Y>
            </Position>
            <TemplateName>b_bg_hs</TemplateName>
            <OnClickEvent>SelectGroupMember4</OnClickEvent>
        </ButtonDef>


        <StatusIconDef>
            <Position>
                <X>350</X>
                <Y>4</Y>
            </Position>
            <Alignment>
                <TopLeft>true</TopLeft>
            </Alignment>
            <TemplateName>hsi_s</TemplateName>
            <AdapterName>group_health5</AdapterName>
        </StatusIconDef>


        <LabelDef>
            <Position>
                <X>352</X>
                <Y>5</Y>
            </Position>
            <Alignment>
                <TopLeft>true</TopLeft>
            </Alignment>
            <Color>
                <R>255</R>
                <G>255</G>
                <B>255</B>
                <A>255</A>
            </Color>
            <FontName>arial9ds</FontName>
            <Width>60</Width>
            <Height>12</Height>
            <MaxCharacters>31</MaxCharacters>
            <ColorAdapter>group_color5</ColorAdapter>
            <Adapter>group_name5</Adapter>
        </LabelDef>


        <ScalarLabelDef>
            <Position>
                <X>351</X>
                <Y>57</Y>
            </Position>
            <Alignment>
                <TopLeft>true</TopLeft>
            </Alignment>
            <FontName>arial9ds</FontName>
            <Width>13</Width>
            <Height>12</Height>
            <MaxCharacters>3</MaxCharacters>
            <Color>
                <R>255</R>
                <G>255</G>
                <B>255</B>
                <A>196</A>
            </Color>
            <Adapter>group_level5</Adapter>
            <ColorAdapter>group_color5</ColorAdapter>
            <DontDrawWhenZero>true</DontDrawWhenZero>
            <DontDrawWhenNegOne>true</DontDrawWhenNegOne>
        </ScalarLabelDef>


        <LabelDef>
            <Position>
                <X>365</X>
                <Y>57</Y>
            </Position>
            <Alignment>
                <TopLeft>true</TopLeft>
            </Alignment>
            <Color>
                <R>255</R>
                <G>255</G>
                <B>255</B>
                <A>255</A>
            </Color>
            <FontName>arial9ds</FontName>
            <Width>63</Width>
            <Height>12</Height>
            <MaxCharacters>5</MaxCharacters>
            <ColorAdapter>group_color5</ColorAdapter>
            <Adapter>group_class5</Adapter>
        </LabelDef>


        <ScalarLabelDef>
            <Position>
                <X>350</X>
                <Y>32</Y>
            </Position>
            <Alignment>
                <TopLeft>true</TopLeft>
            </Alignment>
            <FontName>kr</FontName>
            <Width>64</Width>
            <Height>32</Height>
            <MaxCharacters>4</MaxCharacters>
            <Color>
                <R>255</R>
                <G>0</G>
                <B>0</B>
                <A>196</A>
            </Color>
            <Adapter>group_health5</Adapter>
            <TextCentered>true</TextCentered>
            <DontDrawWhenZero>true</DontDrawWhenZero>
            <DontDrawWhenNegOne>true</DontDrawWhenNegOne>
        </ScalarLabelDef>


        <InvisibleButtonDef>
            <Position>
                <X>350</X>
                <Y>4</Y>
            </Position>
            <Alignment>
                <TopLeft>true</TopLeft>
            </Alignment>
            <Label></Label>
            <OnClickEvent>SelectGroupMember5</OnClickEvent>
            <Width>64</Width>
            <Height>64</Height>
        </InvisibleButtonDef>


        <ButtonDef>
            <Position>
                <X>349</X>
                <Y>3</Y>
            </Position>
            <TemplateName>b_bg_hs</TemplateName>
            <OnClickEvent>SelectGroupMember5</OnClickEvent>
        </ButtonDef>


        <StatusIconDef>
            <Position>
                <X>419</X>
                <Y>4</Y>
            </Position>
            <Alignment>
                <TopLeft>true</TopLeft>
            </Alignment>
            <TemplateName>hsi_s</TemplateName>
            <AdapterName>group_health6</AdapterName>
        </StatusIconDef>


        <LabelDef>
            <Position>
                <X>421</X>
                <Y>5</Y>
            </Position>
            <Alignment>
                <TopLeft>true</TopLeft>
            </Alignment>
            <Color>
                <R>255</R>
                <G>255</G>
                <B>255</B>
                <A>255</A>
            </Color>
            <FontName>arial9ds</FontName>
            <Width>60</Width>
            <Height>12</Height>
            <MaxCharacters>31</MaxCharacters>
            <ColorAdapter>group_color6</ColorAdapter>
            <Adapter>group_name6</Adapter>
        </LabelDef>


        <ScalarLabelDef>
            <Position>
                <X>420</X>
                <Y>57</Y>
            </Position>
            <Alignment>
                <TopLeft>true</TopLeft>
            </Alignment>
            <FontName>arial9ds</FontName>
            <Width>13</Width>
            <Height>12</Height>
            <MaxCharacters>3</MaxCharacters>
            <Color>
                <R>255</R>
                <G>255</G>
                <B>255</B>
                <A>196</A>
            </Color>
            <Adapter>group_level6</Adapter>
            <ColorAdapter>group_color6</ColorAdapter>
            <DontDrawWhenZero>true</DontDrawWhenZero>
            <DontDrawWhenNegOne>true</DontDrawWhenNegOne>
        </ScalarLabelDef>


        <LabelDef>
            <Position>
                <X>434</X>
                <Y>57</Y>
            </Position>
            <Alignment>
                <TopLeft>true</TopLeft>
            </Alignment>
            <Color>
                <R>255</R>
                <G>255</G>
                <B>255</B>
                <A>255</A>
            </Color>
            <FontName>arial9ds</FontName>
            <Width>63</Width>
            <Height>12</Height>
            <MaxCharacters>5</MaxCharacters>
            <ColorAdapter>group_color6</ColorAdapter>
            <Adapter>group_class6</Adapter>
        </LabelDef>


        <ScalarLabelDef>
            <Position>
                <X>419</X>
                <Y>32</Y>
            </Position>
            <Alignment>
                <TopLeft>true</TopLeft>
            </Alignment>
            <FontName>kr</FontName>
            <Width>64</Width>
            <Height>32</Height>
            <MaxCharacters>4</MaxCharacters>
            <Color>
                <R>255</R>
                <G>0</G>
                <B>0</B>
                <A>196</A>
            </Color>
            <Adapter>group_health6</Adapter>
            <TextCentered>true</TextCentered>
            <DontDrawWhenZero>true</DontDrawWhenZero>
            <DontDrawWhenNegOne>true</DontDrawWhenNegOne>
        </ScalarLabelDef>


        <InvisibleButtonDef>
            <Position>
                <X>419</X>
                <Y>4</Y>
            </Position>
            <Alignment>
                <TopLeft>true</TopLeft>
            </Alignment>
            <Label></Label>
            <OnClickEvent>SelectGroupMember6</OnClickEvent>
            <Width>64</Width>
            <Height>64</Height>
        </InvisibleButtonDef>


        <ButtonDef>
            <Position>
                <X>418</X>
                <Y>3</Y>
            </Position>
            <TemplateName>b_bg_hs</TemplateName>
            <OnClickEvent>SelectGroupMember6</OnClickEvent>
        </ButtonDef>


        <StatusIconDef>
            <Position>
                <X>489</X>
                <Y>4</Y>
            </Position>
            <Alignment>
                <TopLeft>true</TopLeft>
            </Alignment>
            <TemplateName>hsi_s</TemplateName>
            <AdapterName>group_health7</AdapterName>
        </StatusIconDef>


        <LabelDef>
            <Position>
                <X>491</X>
                <Y>5</Y>
            </Position>
            <Alignment>
                <TopLeft>true</TopLeft>
            </Alignment>
            <Color>
                <R>255</R>
                <G>255</G>
                <B>255</B>
                <A>255</A>
            </Color>
            <FontName>arial9ds</FontName>
            <Width>60</Width>
            <Height>12</Height>
            <MaxCharacters>31</MaxCharacters>
            <ColorAdapter>group_color7</ColorAdapter>
            <Adapter>group_name7</Adapter>
        </LabelDef>


        <ScalarLabelDef>
            <Position>
                <X>490</X>
                <Y>57</Y>
            </Position>
            <Alignment>
                <TopLeft>true</TopLeft>
            </Alignment>
            <FontName>arial9ds</FontName>
            <Width>13</Width>
            <Height>12</Height>
            <MaxCharacters>3</MaxCharacters>
            <Color>
                <R>255</R>
                <G>255</G>
                <B>255</B>
                <A>196</A>
            </Color>
            <Adapter>group_level7</Adapter>
            <ColorAdapter>group_color7</ColorAdapter>
            <DontDrawWhenZero>true</DontDrawWhenZero>
            <DontDrawWhenNegOne>true</DontDrawWhenNegOne>
        </ScalarLabelDef>


        <LabelDef>
            <Position>
                <X>504</X>
                <Y>57</Y>
            </Position>
            <Alignment>
                <TopLeft>true</TopLeft>
            </Alignment>
            <Color>
                <R>255</R>
                <G>255</G>
                <B>255</B>
                <A>255</A>
            </Color>
            <FontName>arial9ds</FontName>
            <Width>63</Width>
            <Height>12</Height>
            <MaxCharacters>5</MaxCharacters>
            <ColorAdapter>group_color7</ColorAdapter>
            <Adapter>group_class7</Adapter>
        </LabelDef>


        <ScalarLabelDef>
            <Position>
                <X>489</X>
                <Y>32</Y>
            </Position>
            <Alignment>
                <TopLeft>true</TopLeft>
            </Alignment>
            <FontName>kr</FontName>
            <Width>64</Width>
            <Height>32</Height>
            <MaxCharacters>4</MaxCharacters>
            <Color>
                <R>255</R>
                <G>0</G>
                <B>0</B>
                <A>196</A>
            </Color>
            <Adapter>group_health7</Adapter>
            <TextCentered>true</TextCentered>
            <DontDrawWhenZero>true</DontDrawWhenZero>
            <DontDrawWhenNegOne>true</DontDrawWhenNegOne>
        </ScalarLabelDef>


        <InvisibleButtonDef>
            <Position>
                <X>489</X>
                <Y>4</Y>
            </Position>
            <Alignment>
                <TopLeft>true</TopLeft>
            </Alignment>
            <Label></Label>
            <OnClickEvent>SelectGroupMember7</OnClickEvent>
            <Width>64</Width>
            <Height>64</Height>
        </InvisibleButtonDef>


        <ButtonDef>
            <Position>
                <X>488</X>
                <Y>3</Y>
            </Position>
            <TemplateName>b_bg_hs</TemplateName>
            <OnClickEvent>SelectGroupMember7</OnClickEvent>
        </ButtonDef>


        <StatusBarDef>
            <Position>
                <X>3</X>
                <Y>77</Y>
            </Position>
            <TemplateName>b_bar_power_smallyellow</TemplateName>
            <AdapterName>group_power0</AdapterName>
            <Width>66</Width>
        </StatusBarDef>


        <StatusBarDef>
            <Position>
                <X>3</X>
                <Y>69</Y>
            </Position>
            <TemplateName>b_bar_endo_smallgreen</TemplateName>
            <AdapterName>group_endurance0</AdapterName>
            <Width>66</Width>
        </StatusBarDef>


        <StatusBarDef>
            <Position>
                <X>72</X>
                <Y>77</Y>
            </Position>
            <TemplateName>b_bar_power_smallyellow</TemplateName>
            <AdapterName>group_power1</AdapterName>
            <Width>66</Width>
        </StatusBarDef>


        <StatusBarDef>
            <Position>
                <X>72</X>
                <Y>69</Y>
            </Position>
            <TemplateName>b_bar_endo_smallgreen</TemplateName>
            <AdapterName>group_endurance1</AdapterName>
            <Width>66</Width>
        </StatusBarDef>


        <StatusBarDef>
            <Position>
                <X>141</X>
                <Y>77</Y>
            </Position>
            <TemplateName>b_bar_power_smallyellow</TemplateName>
            <AdapterName>group_power2</AdapterName>
            <Width>66</Width>
        </StatusBarDef>


        <StatusBarDef>
            <Position>
                <X>141</X>
                <Y>69</Y>
            </Position>
            <TemplateName>b_bar_endo_smallgreen</TemplateName>
            <AdapterName>group_endurance2</AdapterName>
            <Width>66</Width>
        </StatusBarDef>


        <StatusBarDef>
            <Position>
                <X>210</X>
                <Y>77</Y>
            </Position>
            <TemplateName>b_bar_power_smallyellow</TemplateName>
            <AdapterName>group_power3</AdapterName>
            <Width>66</Width>
        </StatusBarDef>


        <StatusBarDef>
            <Position>
                <X>210</X>
                <Y>69</Y>
            </Position>
            <TemplateName>b_bar_endo_smallgreen</TemplateName>
            <AdapterName>group_endurance3</AdapterName>
            <Width>66</Width>
        </StatusBarDef>


        <StatusBarDef>
            <Position>
                <X>279</X>
                <Y>77</Y>
            </Position>
            <TemplateName>b_bar_power_smallyellow</TemplateName>
            <AdapterName>group_power4</AdapterName>
            <Width>66</Width>
        </StatusBarDef>


        <StatusBarDef>
            <Position>
                <X>279</X>
                <Y>69</Y>
            </Position>
            <TemplateName>b_bar_endo_smallgreen</TemplateName>
            <AdapterName>group_endurance4</AdapterName>
            <Width>66</Width>
        </StatusBarDef>


        <StatusBarDef>
            <Position>
                <X>348</X>
                <Y>77</Y>
            </Position>
            <TemplateName>b_bar_power_smallyellow</TemplateName>
            <AdapterName>group_power5</AdapterName>
            <Width>66</Width>
        </StatusBarDef>


        <StatusBarDef>
            <Position>
                <X>348</X>
                <Y>69</Y>
            </Position>
            <TemplateName>b_bar_endo_smallgreen</TemplateName>
            <AdapterName>group_endurance5</AdapterName>
            <Width>66</Width>
        </StatusBarDef>


        <StatusBarDef>
            <Position>
                <X>418</X>
                <Y>77</Y>
            </Position>
            <TemplateName>b_bar_power_smallyellow</TemplateName>
            <AdapterName>group_power6</AdapterName>
            <Width>66</Width>
        </StatusBarDef>


        <StatusBarDef>
            <Position>
                <X>418</X>
                <Y>69</Y>
            </Position>
            <TemplateName>b_bar_endo_smallgreen</TemplateName>
            <AdapterName>group_endurance6</AdapterName>
            <Width>66</Width>
        </StatusBarDef>


        <StatusBarDef>
            <Position>
                <X>488</X>
                <Y>77</Y>
            </Position>
            <TemplateName>b_bar_power_smallyellow</TemplateName>
            <AdapterName>group_power7</AdapterName>
            <Width>66</Width>
        </StatusBarDef>


        <StatusBarDef>
            <Position>
                <X>488</X>
                <Y>69</Y>
            </Position>
            <TemplateName>b_bar_endo_smallgreen</TemplateName>
            <AdapterName>group_endurance7</AdapterName>
            <Width>66</Width>
        </StatusBarDef>


    </WindowTemplate>


</Root_Element>
