<?xml version="1.0"?>
<Root_Element ID="DAOCUi">

<!-- @@ Edited with the DAoC User Interface Editor v1.80 -->
<!-- @@ Free download available at http://www.bradtownsend.com/daoced -->


    <WindowTemplate>
        <Name>hookpoint_store</Name>
        <WindowId>Merchant</WindowId>
        <CloseButton>true</CloseButton>
        <MoveButton>false</MoveButton>
        <TopRightResizeButton>false</TopRightResizeButton>
        <BottomRightResizeButton>false</BottomRightResizeButton>
        <BottomLeftResizeButton>false</BottomLeftResizeButton>
        <ResizeButtonOffsetX>0</ResizeButtonOffsetX>
        <ResizeButtonOffsetY>0</ResizeButtonOffsetY>
        <TitleWidth>261</TitleWidth>
        <TitleHeight>18</TitleHeight>
        <Width>261</Width>
        <Height>296</Height>
        <ResizeableWidth>0</ResizeableWidth>
        <ResizeableHeight>0</ResizeableHeight>
        <ResizeableTwoWayWidth>0</ResizeableTwoWayWidth>
        <ResizeableTwoWayHeight>0</ResizeableTwoWayHeight>
        <MinWidth>0</MinWidth>
        <MinHeight>0</MinHeight>
        <ContextTemplateName></ContextTemplateName>


        <!--background elements-->


        <FullResizeImageDef>
            <ControlId>Background</ControlId>
            <Position>
                <X>0</X>
                <Y>0</Y>
            </Position>
            <Alignment>
                <GrowWidth>true</GrowWidth>
                <GrowHeight>true</GrowHeight>
            </Alignment>
            <TemplateName>_witt_bg_90</TemplateName>
            <Width>261</Width>
            <Height>296</Height>
        </FullResizeImageDef>


        <FullResizeImageDef>
            <Position>
                <X>0</X>
                <Y>0</Y>
            </Position>
            <Alignment>
                <GrowWidth>true</GrowWidth>
            </Alignment>
            <TemplateName>_witt_bg_100</TemplateName>
            <Width>261</Width>
            <Height>19</Height>
        </FullResizeImageDef>


        <LabelDef>
            <ControlId>1006</ControlId>
            <Position>
                <X>0</X>
                <Y>4</Y>
            </Position>
            <Alignment>
                <GrowWidth>true</GrowWidth>
                <CenterHorizontally>true</CenterHorizontally>
            </Alignment>
            <Color>
                <R>255</R>
                <G>255</G>
                <B>255</B>
                <A>255</A>
            </Color>
            <FontName>_whatisthisfont2</FontName>
            <Width>261</Width>
            <Height>16</Height>
            <MaxCharacters>128</MaxCharacters>
            <Data>HOOKPOINT STORE</Data>
        </LabelDef>


        <FullResizeImageDef>
            <Position>
                <X>0</X>
                <Y>238</Y>
            </Position>
            <Alignment>
                <GrowWidth>true</GrowWidth>
            </Alignment>
            <TemplateName>_witt_bg_100</TemplateName>
            <Width>261</Width>
            <Height>19</Height>
        </FullResizeImageDef>


        <LabelDef>
            <ControlId>1006</ControlId>
            <Position>
                <X>0</X>
                <Y>242</Y>
            </Position>
            <Alignment>
                <GrowWidth>true</GrowWidth>
                <CenterHorizontally>true</CenterHorizontally>
            </Alignment>
            <Color>
                <R>255</R>
                <G>255</G>
                <B>255</B>
                <A>255</A>
            </Color>
            <FontName>_whatisthisfont2</FontName>
            <Width>261</Width>
            <Height>16</Height>
            <MaxCharacters>128</MaxCharacters>
            <Data>SET PRICES</Data>
        </LabelDef>


        <ListBoxDef>
            <ControlId>1000</ControlId>
            <Position>
                <X>0</X>
                <Y>18</Y>
            </Position>
            <Alignment>
                <GrowWidth>true</GrowWidth>
            </Alignment>
            <Width>261</Width>
            <Height>160</Height>
            <TemplateName>_witt_listbox_80</TemplateName>
            <AdapterName>hookpoint_store_list</AdapterName>
            <Sorting>false</Sorting>
            <Columns>2</Columns>
            <IconTemplate></IconTemplate>
            <ShowIndicator>false</ShowIndicator>
            <ShowDefaultToolTips>false</ShowDefaultToolTips>
            <OnHeaderClickEvent></OnHeaderClickEvent>
            <OnClickEvent></OnClickEvent>
        </ListBoxDef>


        <ButtonDef>
            <ControlId>1002</ControlId>
            <Position>
                <X>3</X>
                <Y>19</Y>
            </Position>
            <Alignment>
                <OffsetBottom>true</OffsetBottom>
            </Alignment>
            <TemplateName>_witt_hr_button</TemplateName>
            <Label>Coin</Label>
            <OnClickEvent>HookpointStoreCoin</OnClickEvent>
        </ButtonDef>


        <ButtonDef>
            <ControlId>1003</ControlId>
            <Position>
                <X>67</X>
                <Y>19</Y>
            </Position>
            <Alignment>
                <OffsetBottom>true</OffsetBottom>
            </Alignment>
            <TemplateName>_witt_hr_button</TemplateName>
            <Label>BP</Label>
            <OnClickEvent>HookpointStoreBP</OnClickEvent>
        </ButtonDef>


        <ButtonDef>
            <ControlId>1000</ControlId>
            <Position>
                <X>68</X>
                <Y>19</Y>
            </Position>
            <Alignment>
                <OffsetBottom>true</OffsetBottom>
                <OffsetRight>true</OffsetRight>
            </Alignment>
            <TemplateName>_witt_hr_button</TemplateName>
            <Label>GBP</Label>
            <OnClickEvent>HookpointStoreGBP</OnClickEvent>
        </ButtonDef>


        <ButtonDef>
            <ControlId>1005</ControlId>
            <Position>
                <X>3</X>
                <Y>19</Y>
            </Position>
            <Alignment>
                <OffsetBottom>true</OffsetBottom>
                <OffsetRight>true</OffsetRight>
            </Alignment>
            <TemplateName>_witt_hr_button</TemplateName>
            <Label>Contract</Label>
            <OnClickEvent>HookpointStoreContract</OnClickEvent>
        </ButtonDef>


        <!--Buy Button-->


        <LabelDef>
            <ControlId>1001</ControlId>
            <Position>
                <X>7</X>
                <Y>278</Y>
            </Position>
            <Alignment>
                <TopLeft>true</TopLeft>
            </Alignment>
            <Color>
                <R>255</R>
                <G>255</G>
                <B>255</B>
                <A>255</A>
            </Color>
            <FontName>_whatisthisfont3</FontName>
            <Width>300</Width>
            <Height>16</Height>
            <MaxCharacters>128</MaxCharacters>
            <Data>Buy with &lt;type&gt;</Data>
        </LabelDef>


        <ButtonDef>
            <Position>
                <X>3</X>
                <Y>1</Y>
            </Position>
            <Alignment>
                <OffsetBottom>true</OffsetBottom>
                <OffsetRight>true</OffsetRight>
            </Alignment>
            <TemplateName>_witt_hr_button</TemplateName>
            <Label>Buy</Label>
            <OnClickEvent>HookpointStoreBuy</OnClickEvent>
        </ButtonDef>


        <!--Guild Bounty Points-->


        <LabelDef>
            <Position>
                <X>33</X>
                <Y>181</Y>
            </Position>
            <Alignment>
                <TopLeft>true</TopLeft>
            </Alignment>
            <Color>
                <R>255</R>
                <G>255</G>
                <B>255</B>
                <A>255</A>
            </Color>
            <FontName>_whatisthisfont3</FontName>
            <Width>112</Width>
            <Height>16</Height>
            <MaxCharacters>128</MaxCharacters>
            <Data>Guild Bounty Points</Data>
        </LabelDef>


        <ScalarLabelDef>
            <Position>
                <X>170</X>
                <Y>181</Y>
            </Position>
            <Alignment>
                <TopLeft>true</TopLeft>
            </Alignment>
            <FontName>_whatisthisfont3</FontName>
            <Width>64</Width>
            <Height>16</Height>
            <MaxCharacters>128</MaxCharacters>
            <Color>
                <R>255</R>
                <G>215</G>
                <B>32</B>
                <A>255</A>
            </Color>
            <Adapter>guild_bp</Adapter>
        </ScalarLabelDef>


        <!--Personal Bounty Points-->


        <LabelDef>
            <Position>
                <X>33</X>
                <Y>195</Y>
            </Position>
            <Alignment>
                <TopLeft>true</TopLeft>
            </Alignment>
            <Color>
                <R>255</R>
                <G>255</G>
                <B>255</B>
                <A>255</A>
            </Color>
            <FontName>_whatisthisfont3</FontName>
            <Width>200</Width>
            <Height>16</Height>
            <MaxCharacters>128</MaxCharacters>
            <Data>Personal Bounty Points</Data>
        </LabelDef>


        <ScalarLabelDef>
            <Position>
                <X>170</X>
                <Y>195</Y>
            </Position>
            <Alignment>
                <TopLeft>true</TopLeft>
            </Alignment>
            <FontName>_whatisthisfont3</FontName>
            <Width>64</Width>
            <Height>16</Height>
            <MaxCharacters>128</MaxCharacters>
            <Color>
                <R>255</R>
                <G>215</G>
                <B>32</B>
                <A>255</A>
            </Color>
            <Adapter>bounty_points</Adapter>
        </ScalarLabelDef>


        <!--Coins-->


        <LabelDef>
            <Position>
                <X>7</X>
                <Y>222</Y>
            </Position>
            <Alignment>
                <TopLeft>true</TopLeft>
            </Alignment>
            <Color>
                <R>255</R>
                <G>255</G>
                <B>255</B>
                <A>255</A>
            </Color>
            <FontName>_whatisthisfont3</FontName>
            <Width>35</Width>
            <Height>16</Height>
            <MaxCharacters>128</MaxCharacters>
            <Data>M:999</Data>
            <Adapter>merchant_mithril</Adapter>
            <TextCentered>true</TextCentered>
        </LabelDef>


        <ImageAreaDef>
            <Position>
                <X>16</X>
                <Y>214</Y>
            </Position>
            <Alignment>
                <TopLeft>true</TopLeft>
            </Alignment>
            <TemplateName>mithril_decal</TemplateName>
        </ImageAreaDef>


        <LabelDef>
            <Position>
                <X>52</X>
                <Y>222</Y>
            </Position>
            <Alignment>
                <TopLeft>true</TopLeft>
            </Alignment>
            <Color>
                <R>255</R>
                <G>255</G>
                <B>255</B>
                <A>255</A>
            </Color>
            <FontName>_whatisthisfont3</FontName>
            <Width>35</Width>
            <Height>16</Height>
            <MaxCharacters>128</MaxCharacters>
            <Data>P:999</Data>
            <Adapter>merchant_platinum</Adapter>
            <TextCentered>true</TextCentered>
        </LabelDef>


        <ImageAreaDef>
            <Position>
                <X>66</X>
                <Y>214</Y>
            </Position>
            <Alignment>
                <TopLeft>true</TopLeft>
            </Alignment>
            <TemplateName>platinum_decal</TemplateName>
        </ImageAreaDef>


        <LabelDef>
            <Position>
                <X>104</X>
                <Y>222</Y>
            </Position>
            <Alignment>
                <TopLeft>true</TopLeft>
            </Alignment>
            <Color>
                <R>255</R>
                <G>255</G>
                <B>255</B>
                <A>255</A>
            </Color>
            <FontName>_whatisthisfont3</FontName>
            <Width>35</Width>
            <Height>16</Height>
            <MaxCharacters>128</MaxCharacters>
            <Data>G:999</Data>
            <Adapter>merchant_gold</Adapter>
            <TextCentered>true</TextCentered>
        </LabelDef>


        <ImageAreaDef>
            <Position>
                <X>117</X>
                <Y>214</Y>
            </Position>
            <Alignment>
                <TopLeft>true</TopLeft>
            </Alignment>
            <TemplateName>gold_decal</TemplateName>
        </ImageAreaDef>


        <LabelDef>
            <Position>
                <X>156</X>
                <Y>222</Y>
            </Position>
            <Alignment>
                <TopLeft>true</TopLeft>
            </Alignment>
            <Color>
                <R>255</R>
                <G>255</G>
                <B>255</B>
                <A>255</A>
            </Color>
            <FontName>_whatisthisfont3</FontName>
            <Width>35</Width>
            <Height>16</Height>
            <MaxCharacters>128</MaxCharacters>
            <Data>S:999</Data>
            <Adapter>merchant_silver</Adapter>
            <TextCentered>true</TextCentered>
        </LabelDef>


        <ImageAreaDef>
            <Position>
                <X>169</X>
                <Y>214</Y>
            </Position>
            <Alignment>
                <TopLeft>true</TopLeft>
            </Alignment>
            <TemplateName>silver_decal</TemplateName>
        </ImageAreaDef>


        <LabelDef>
            <Position>
                <X>208</X>
                <Y>222</Y>
            </Position>
            <Alignment>
                <TopLeft>true</TopLeft>
            </Alignment>
            <Color>
                <R>255</R>
                <G>255</G>
                <B>255</B>
                <A>255</A>
            </Color>
            <FontName>_whatisthisfont3</FontName>
            <Width>35</Width>
            <Height>16</Height>
            <MaxCharacters>128</MaxCharacters>
            <Data>C:999</Data>
            <Adapter>merchant_copper</Adapter>
            <TextCentered>true</TextCentered>
        </LabelDef>


        <ImageAreaDef>
            <Position>
                <X>221</X>
                <Y>214</Y>
            </Position>
            <Alignment>
                <TopLeft>true</TopLeft>
            </Alignment>
            <TemplateName>copper_decal</TemplateName>
        </ImageAreaDef>


    </WindowTemplate>


</Root_Element>
