<?xml version="1.0"?>
<Root_Element ID="DAOCUi">

<!-- @@ Edited with the DAoC User Interface Editor v1.80 -->
<!-- @@ Free download available at http://www.bradtownsend.com/daoced -->


    <WindowTemplate>
        <Name>float_realm_exp_window</Name>
        <WindowId>float_realm_exp</WindowId>
        <CloseButton>false</CloseButton>
        <MoveButton>false</MoveButton>
        <TopRightResizeButton>false</TopRightResizeButton>
        <BottomRightResizeButton>false</BottomRightResizeButton>
        <BottomLeftResizeButton>false</BottomLeftResizeButton>
        <ResizeButtonOffsetX>0</ResizeButtonOffsetX>
        <ResizeButtonOffsetY>0</ResizeButtonOffsetY>
        <TitleWidth>0</TitleWidth>
        <TitleHeight>0</TitleHeight>
        <Width>100</Width>
        <Height>20</Height>
        <ResizeableWidth>0</ResizeableWidth>
        <ResizeableHeight>0</ResizeableHeight>
        <ResizeableTwoWayWidth>0</ResizeableTwoWayWidth>
        <ResizeableTwoWayHeight>0</ResizeableTwoWayHeight>
        <MinWidth>0</MinWidth>
        <MinHeight>0</MinHeight>
        <ContextTemplateName></ContextTemplateName>


        <!-- RP Window -->


        <StatusBarDef>
            <ControlId>rp coarse</ControlId>
            <Position>
                <X>0</X>
                <Y>0</Y>
            </Position>
            <Alignment>
                <TopLeft>true</TopLeft>
            </Alignment>
            <TemplateName>_witt_statusbar_xp_blue</TemplateName>
            <AdapterName>realm_exp_coarse</AdapterName>
            <Width>100</Width>
        </StatusBarDef>


        <StatusBarDef>
            <ControlId>rp fine</ControlId>
            <Position>
                <X>0</X>
                <Y>10</Y>
            </Position>
            <Alignment>
                <TopLeft>true</TopLeft>
            </Alignment>
            <TemplateName>_witt_statusbar_tiny_blue</TemplateName>
            <AdapterName>realm_exp_fine</AdapterName>
            <Width>100</Width>
        </StatusBarDef>


        <ScalarLabelDef>
            <Position>
                <X>25</X>
                <Y>16</Y>
            </Position>
            <FontName>_whatisthisfont2</FontName>
            <Width>150</Width>
            <Height>15</Height>
            <MaxCharacters>999</MaxCharacters>
            <Color>
                <R>255</R>
                <G>255</G>
                <B>255</B>
                <A>255</A>
            </Color>
            <Adapter>realm_rank</Adapter>
            <Data>R</Data>
        </ScalarLabelDef>


        <ScalarLabelDef>
            <Position>
                <X>-5</X>
                <Y>16</Y>
            </Position>
            <Alignment>
                <OffsetRight>true</OffsetRight>
            </Alignment>
            <FontName>_whatisthisfont2</FontName>
            <Width>40</Width>
            <Height>15</Height>
            <MaxCharacters>999</MaxCharacters>
            <Color>
                <R>255</R>
                <G>255</G>
                <B>255</B>
                <A>255</A>
            </Color>
            <Adapter>realm_exp_fine</Adapter>
            <Data>%</Data>
        </ScalarLabelDef>


        <ScalarLabelDef>
            <Position>
                <X>49</X>
                <Y>16</Y>
            </Position>
            <FontName>_whatisthisfont2</FontName>
            <Width>150</Width>
            <Height>15</Height>
            <MaxCharacters>999</MaxCharacters>
            <Color>
                <R>255</R>
                <G>255</G>
                <B>255</B>
                <A>255</A>
            </Color>
            <Adapter>realm_level</Adapter>
            <Data>L</Data>
        </ScalarLabelDef>


        <InvisibleButtonDef>
            <Position>
                <X>0</X>
                <Y>0</Y>
            </Position>
            <Label></Label>
            <OnClickEvent>ToggleCustom8</OnClickEvent>
            <Width>100</Width>
            <Height>20</Height>
        </InvisibleButtonDef>


    </WindowTemplate>


</Root_Element>
