<?xml version="1.0"?>
<Root_Element ID="DAOCUi">

<!-- @@ Edited with the DAoC User Interface Editor v1.80 -->
<!-- @@ Free download available at http://www.bradtownsend.com/daoced -->


    <WindowTemplate>
        <Name>interface_elements_window</Name>
        <WindowId>interface_elements</WindowId>
        <CloseButton>true</CloseButton>
        <MoveButton>false</MoveButton>
        <TopRightResizeButton>false</TopRightResizeButton>
        <BottomRightResizeButton>false</BottomRightResizeButton>
        <BottomLeftResizeButton>false</BottomLeftResizeButton>
        <ResizeButtonOffsetX>0</ResizeButtonOffsetX>
        <ResizeButtonOffsetY>0</ResizeButtonOffsetY>
        <TitleWidth>395</TitleWidth>
        <TitleHeight>19</TitleHeight>
        <Width>395</Width>
        <Height>306</Height>
        <ResizeableWidth>0</ResizeableWidth>
        <ResizeableHeight>0</ResizeableHeight>
        <ResizeableTwoWayWidth>0</ResizeableTwoWayWidth>
        <ResizeableTwoWayHeight>0</ResizeableTwoWayHeight>
        <MinWidth>395</MinWidth>
        <MinHeight>306</MinHeight>
        <ContextTemplateName></ContextTemplateName>


        <FullResizeImageDef>
            <ControlId>Background</ControlId>
            <Position>
                <X>0</X>
                <Y>0</Y>
            </Position>
            <Alignment>
                <GrowWidth>true</GrowWidth>
                <GrowHeight>true</GrowHeight>
            </Alignment>
            <TemplateName>_witt_bg_80</TemplateName>
            <Width>395</Width>
            <Height>306</Height>
        </FullResizeImageDef>


        <ImageAreaDef>
            <Position>
                <X>24</X>
                <Y>22</Y>
            </Position>
            <Alignment>
                <CenterHorizontally>true</CenterHorizontally>
            </Alignment>
            <TemplateName>_witt_iel</TemplateName>
        </ImageAreaDef>


        <FullResizeImageDef>
            <Position>
                <X>0</X>
                <Y>0</Y>
            </Position>
            <TemplateName>_witt_bg_100</TemplateName>
            <Width>395</Width>
            <Height>19</Height>
        </FullResizeImageDef>


        <LabelDef>
            <ControlId>1004</ControlId>
            <Position>
                <X>0</X>
                <Y>4</Y>
            </Position>
            <Alignment>
                <CenterHorizontally>true</CenterHorizontally>
            </Alignment>
            <Color>
                <R>255</R>
                <G>255</G>
                <B>255</B>
                <A>255</A>
            </Color>
            <FontName>_whatisthisfont2</FontName>
            <Width>395</Width>
            <Height>15</Height>
            <MaxCharacters>128</MaxCharacters>
            <Data>INTERFACE ELEMENTS</Data>
            <TextCentered>true</TextCentered>
        </LabelDef>


        <LabelDef>
            <Position>
                <X>109</X>
                <Y>78</Y>
            </Position>
            <Alignment>
                <TopLeft>true</TopLeft>
            </Alignment>
            <Color>
                <R>254</R>
                <G>217</G>
                <B>10</B>
                <A>255</A>
            </Color>
            <FontName>_whatisthisfont2</FontName>
            <Width>140</Width>
            <Height>16</Height>
            <MaxCharacters>50</MaxCharacters>
            <Adapter>time_of_day</Adapter>
        </LabelDef>


        <LabelDef>
            <Position>
                <X>233</X>
                <Y>78</Y>
            </Position>
            <Color>
                <R>254</R>
                <G>217</G>
                <B>10</B>
                <A>255</A>
            </Color>
            <FontName>_whatisthisfont2</FontName>
            <Width>70</Width>
            <Height>16</Height>
            <MaxCharacters>10</MaxCharacters>
            <Adapter>game_time</Adapter>
            <TextCentered>true</TextCentered>
        </LabelDef>


        <ButtonDef>
            <Position>
                <X>2</X>
                <Y>108</Y>
            </Position>
            <Alignment>
                <TopLeft>true</TopLeft>
            </Alignment>
            <TemplateName>_witt_hr_button</TemplateName>
            <Label>Health</Label>
            <OnClickEvent>ToggleCustom0</OnClickEvent>
        </ButtonDef>


        <ButtonDef>
            <Position>
                <X>66</X>
                <Y>108</Y>
            </Position>
            <TemplateName>_witt_hr_button</TemplateName>
            <Label>Target</Label>
            <OnClickEvent>ToggleFloatTarget</OnClickEvent>
        </ButtonDef>


        <ButtonDef>
            <Position>
                <X>2</X>
                <Y>125</Y>
            </Position>
            <TemplateName>_witt_hr_button</TemplateName>
            <Label>End</Label>
            <OnClickEvent>ToggleCustom1</OnClickEvent>
        </ButtonDef>


        <ButtonDef>
            <Position>
                <X>66</X>
                <Y>125</Y>
            </Position>
            <TemplateName>_witt_hr_button</TemplateName>
            <Label>Power</Label>
            <OnClickEvent>ToggleCustom2</OnClickEvent>
        </ButtonDef>


        <ButtonDef>
            <Position>
                <X>2</X>
                <Y>142</Y>
            </Position>
            <TemplateName>_witt_hr_button</TemplateName>
            <Label>Summary</Label>
            <OnClickEvent>ToggleSummary</OnClickEvent>
        </ButtonDef>


        <ButtonDef>
            <Position>
                <X>66</X>
                <Y>142</Y>
            </Position>
            <TemplateName>_witt_hr_button</TemplateName>
            <Label>HHelper</Label>
            <OnClickEvent>ToggleCustom7</OnClickEvent>
        </ButtonDef>


        <ButtonDef>
            <Position>
                <X>2</X>
                <Y>159</Y>
            </Position>
            <TemplateName>_witt_hr_button</TemplateName>
            <Label>Small HH</Label>
            <OnClickEvent>ToggleMiniGroup</OnClickEvent>
        </ButtonDef>


        <ButtonDef>
            <Position>
                <X>66</X>
                <Y>159</Y>
            </Position>
            <TemplateName>_witt_hr_button</TemplateName>
            <Label>Necropet</Label>
            <OnClickEvent>ToggleCustom15</OnClickEvent>
        </ButtonDef>


        <ButtonDef>
            <Position>
                <X>134</X>
                <Y>108</Y>
            </Position>
            <TemplateName>_witt_hr_button</TemplateName>
            <Label>Conc</Label>
            <OnClickEvent>ToggleConcentration</OnClickEvent>
        </ButtonDef>


        <ButtonDef>
            <Position>
                <X>198</X>
                <Y>108</Y>
            </Position>
            <TemplateName>_witt_hr_button</TemplateName>
            <Label>Buffs</Label>
            <OnClickEvent>ToggleGroupBuffs</OnClickEvent>
        </ButtonDef>


        <ButtonDef>
            <Position>
                <X>134</X>
                <Y>125</Y>
            </Position>
            <TemplateName>_witt_hr_button</TemplateName>
            <Label>Resist</Label>
            <OnClickEvent>ToggleCustom4</OnClickEvent>
        </ButtonDef>


        <ButtonDef>
            <Position>
                <X>198</X>
                <Y>125</Y>
            </Position>
            <TemplateName>_witt_hr_button</TemplateName>
            <Label>Stats</Label>
            <OnClickEvent>ToggleCustom3</OnClickEvent>
        </ButtonDef>


        <ButtonDef>
            <Position>
                <X>134</X>
                <Y>142</Y>
            </Position>
            <TemplateName>_witt_hr_button</TemplateName>
            <Label>Quiver</Label>
            <OnClickEvent>ToggleQuiver</OnClickEvent>
        </ButtonDef>


        <ButtonDef>
            <Position>
                <X>198</X>
                <Y>142</Y>
            </Position>
            <TemplateName>_witt_hr_button</TemplateName>
            <Label>ResistTbl.</Label>
            <OnClickEvent>ToggleCustom14</OnClickEvent>
        </ButtonDef>


        <ButtonDef>
            <Position>
                <X>134</X>
                <Y>159</Y>
            </Position>
            <TemplateName>_witt_hr_button</TemplateName>
            <Label>Pulse</Label>
            <OnClickEvent>ToggleCustom5</OnClickEvent>
        </ButtonDef>


        <ButtonDef>
            <Position>
                <X>198</X>
                <Y>159</Y>
            </Position>
            <TemplateName>_witt_hr_button</TemplateName>
            <Label>MiniCash</Label>
            <OnClickEvent>ToggleCustom13</OnClickEvent>
        </ButtonDef>


        <ButtonDef>
            <Position>
                <X>66</X>
                <Y>108</Y>
            </Position>
            <Alignment>
                <OffsetRight>true</OffsetRight>
            </Alignment>
            <TemplateName>_witt_hr_button</TemplateName>
            <Label>LVL XP</Label>
            <OnClickEvent>ToggleFloatLevelXP</OnClickEvent>
        </ButtonDef>


        <ButtonDef>
            <Position>
                <X>2</X>
                <Y>108</Y>
            </Position>
            <Alignment>
                <OffsetRight>true</OffsetRight>
            </Alignment>
            <TemplateName>_witt_hr_button</TemplateName>
            <Label>RP XP</Label>
            <OnClickEvent>ToggleFloatRealmXP</OnClickEvent>
        </ButtonDef>


        <ButtonDef>
            <Position>
                <X>66</X>
                <Y>125</Y>
            </Position>
            <Alignment>
                <OffsetRight>true</OffsetRight>
            </Alignment>
            <TemplateName>_witt_hr_button</TemplateName>
            <Label>CL XP</Label>
            <OnClickEvent>ToggleFloatChampXP</OnClickEvent>
        </ButtonDef>


        <ButtonDef>
            <Position>
                <X>2</X>
                <Y>125</Y>
            </Position>
            <Alignment>
                <OffsetRight>true</OffsetRight>
            </Alignment>
            <TemplateName>_witt_hr_button</TemplateName>
            <Label>Status</Label>
            <OnClickEvent>ToggleCustom10</OnClickEvent>
        </ButtonDef>


        <ButtonDef>
            <Position>
                <X>66</X>
                <Y>142</Y>
            </Position>
            <Alignment>
                <OffsetRight>true</OffsetRight>
            </Alignment>
            <TemplateName>_witt_hr_button</TemplateName>
            <Label>Clock</Label>
            <OnClickEvent>ToggleClock</OnClickEvent>
        </ButtonDef>


        <ButtonDef>
            <Position>
                <X>2</X>
                <Y>142</Y>
            </Position>
            <Alignment>
                <OffsetRight>true</OffsetRight>
            </Alignment>
            <TemplateName>_witt_hr_button</TemplateName>
            <Label>Ping</Label>
            <OnClickEvent>TogglePerformanceMeter</OnClickEvent>
        </ButtonDef>


        <ButtonDef>
            <Position>
                <X>66</X>
                <Y>159</Y>
            </Position>
            <Alignment>
                <OffsetRight>true</OffsetRight>
            </Alignment>
            <TemplateName>_witt_hr_button</TemplateName>
            <Label>Compass</Label>
            <OnClickEvent>ToggleCompass</OnClickEvent>
        </ButtonDef>


        <ButtonDef>
            <Position>
                <X>2</X>
                <Y>159</Y>
            </Position>
            <Alignment>
                <OffsetRight>true</OffsetRight>
            </Alignment>
            <TemplateName>_witt_hr_button</TemplateName>
            <Label>Pet</Label>
            <OnClickEvent>ToggleMiniPet</OnClickEvent>
        </ButtonDef>


        <ButtonDef>
            <Position>
                <X>2</X>
                <Y>206</Y>
            </Position>
            <TemplateName>_witt_hr_button</TemplateName>
            <Label>CMD</Label>
            <OnClickEvent>ToggleCommandWindow</OnClickEvent>
        </ButtonDef>


        <ButtonDef>
            <Position>
                <X>66</X>
                <Y>206</Y>
            </Position>
            <TemplateName>_witt_hr_button</TemplateName>
            <Label>RR/Info</Label>
            <OnClickEvent>ToggleCustom8</OnClickEvent>
        </ButtonDef>


        <ButtonDef>
            <Position>
                <X>2</X>
                <Y>223</Y>
            </Position>
            <TemplateName>_witt_hr_button</TemplateName>
            <Label>Friends</Label>
            <OnClickEvent>Friends</OnClickEvent>
        </ButtonDef>


        <ButtonDef>
            <Position>
                <X>66</X>
                <Y>223</Y>
            </Position>
            <TemplateName>_witt_hr_button</TemplateName>
            <Label>Social</Label>
            <OnClickEvent>Community</OnClickEvent>
        </ButtonDef>


        <ButtonDef>
            <Position>
                <X>2</X>
                <Y>240</Y>
            </Position>
            <TemplateName>_witt_hr_button</TemplateName>
            <Label>Bonuses</Label>
            <OnClickEvent>ToggleBonuses</OnClickEvent>
        </ButtonDef>


        <ButtonDef>
            <Position>
                <X>66</X>
                <Y>240</Y>
            </Position>
            <TemplateName>_witt_hr_button</TemplateName>
            <Label>Crafting</Label>
            <OnClickEvent>ToggleCustom9</OnClickEvent>
        </ButtonDef>


        <ButtonDef>
            <Position>
                <X>2</X>
                <Y>257</Y>
            </Position>
            <TemplateName>_witt_hr_button</TemplateName>
            <Label>Phoenix</Label>
            <OnClickEvent>ToggleCustom12</OnClickEvent>
        </ButtonDef>


        <ButtonDef>
            <Position>
                <X>66</X>
                <Y>257</Y>
            </Position>
            <TemplateName>_witt_hr_button</TemplateName>
            <Label>Menubar</Label>
            <OnClickEvent>ToggleMenuBar</OnClickEvent>
        </ButtonDef>


        <ButtonDef>
            <Position>
                <X>134</X>
                <Y>206</Y>
            </Position>
            <TemplateName>_witt_hr_button</TemplateName>
            <Label>Config</Label>
            <OnClickEvent>ShowKeyboardConfig</OnClickEvent>
        </ButtonDef>


        <ButtonDef>
            <Position>
                <X>198</X>
                <Y>206</Y>
            </Position>
            <TemplateName>_witt_hr_button</TemplateName>
            <Label>Options</Label>
            <OnClickEvent>ToggleOptions</OnClickEvent>
        </ButtonDef>


        <ButtonDef>
            <Position>
                <X>134</X>
                <Y>223</Y>
            </Position>
            <TemplateName>_witt_hr_button</TemplateName>
            <Label>MasterLvl</Label>
            <OnClickEvent>ToggleMasterLevel</OnClickEvent>
        </ButtonDef>


        <ButtonDef>
            <Position>
                <X>198</X>
                <Y>223</Y>
            </Position>
            <TemplateName>_witt_hr_button</TemplateName>
            <Label>Quests</Label>
            <OnClickEvent>Journal</OnClickEvent>
        </ButtonDef>


        <ButtonDef>
            <Position>
                <X>66</X>
                <Y>206</Y>
            </Position>
            <Alignment>
                <OffsetRight>true</OffsetRight>
            </Alignment>
            <TemplateName>_witt_hr_button</TemplateName>
            <Label>Map</Label>
            <OnClickEvent>ToggleMap</OnClickEvent>
        </ButtonDef>


        <ButtonDef>
            <Position>
                <X>2</X>
                <Y>206</Y>
            </Position>
            <Alignment>
                <OffsetRight>true</OffsetRight>
            </Alignment>
            <TemplateName>_witt_hr_button</TemplateName>
            <Label>Warmap</Label>
            <OnClickEvent>ShowWarMap</OnClickEvent>
        </ButtonDef>


        <LabelDef>
            <Position>
                <X>4</X>
                <Y>92</Y>
            </Position>
            <Color>
                <R>255</R>
                <G>255</G>
                <B>255</B>
                <A>255</A>
            </Color>
            <FontName>_whatisthisfont11pxds</FontName>
            <Width>122</Width>
            <Height>16</Height>
            <MaxCharacters>128</MaxCharacters>
            <Data>Essentials</Data>
            <TextCentered>true</TextCentered>
        </LabelDef>


        <LabelDef>
            <Position>
                <X>136</X>
                <Y>92</Y>
            </Position>
            <Alignment>
                <CenterHorizontally>true</CenterHorizontally>
            </Alignment>
            <Color>
                <R>255</R>
                <G>255</G>
                <B>255</B>
                <A>255</A>
            </Color>
            <FontName>_whatisthisfont11pxds</FontName>
            <Width>122</Width>
            <Height>16</Height>
            <MaxCharacters>128</MaxCharacters>
            <Data>Gadgets</Data>
            <TextCentered>true</TextCentered>
        </LabelDef>


        <LabelDef>
            <Position>
                <X>4</X>
                <Y>92</Y>
            </Position>
            <Alignment>
                <OffsetRight>true</OffsetRight>
            </Alignment>
            <Color>
                <R>255</R>
                <G>255</G>
                <B>255</B>
                <A>255</A>
            </Color>
            <FontName>_whatisthisfont11pxds</FontName>
            <Width>122</Width>
            <Height>16</Height>
            <MaxCharacters>128</MaxCharacters>
            <Data>Minis</Data>
            <TextCentered>true</TextCentered>
        </LabelDef>


        <LabelDef>
            <Position>
                <X>4</X>
                <Y>190</Y>
            </Position>
            <Color>
                <R>255</R>
                <G>255</G>
                <B>255</B>
                <A>255</A>
            </Color>
            <FontName>_whatisthisfont11pxds</FontName>
            <Width>122</Width>
            <Height>16</Height>
            <MaxCharacters>128</MaxCharacters>
            <Data>Et cetera</Data>
            <TextCentered>true</TextCentered>
        </LabelDef>


        <LabelDef>
            <Position>
                <X>136</X>
                <Y>190</Y>
            </Position>
            <Alignment>
                <CenterHorizontally>true</CenterHorizontally>
            </Alignment>
            <Color>
                <R>255</R>
                <G>255</G>
                <B>255</B>
                <A>255</A>
            </Color>
            <FontName>_whatisthisfont11pxds</FontName>
            <Width>122</Width>
            <Height>16</Height>
            <MaxCharacters>128</MaxCharacters>
            <Data>Options/Quests</Data>
            <TextCentered>true</TextCentered>
        </LabelDef>


        <LabelDef>
            <Position>
                <X>4</X>
                <Y>190</Y>
            </Position>
            <Alignment>
                <OffsetRight>true</OffsetRight>
            </Alignment>
            <Color>
                <R>255</R>
                <G>255</G>
                <B>255</B>
                <A>255</A>
            </Color>
            <FontName>_whatisthisfont11pxds</FontName>
            <Width>122</Width>
            <Height>16</Height>
            <MaxCharacters>128</MaxCharacters>
            <Data>Maps</Data>
            <TextCentered>true</TextCentered>
        </LabelDef>


        <FullResizeImageDef>
            <Position>
                <X>0</X>
                <Y>274</Y>
            </Position>
            <TemplateName>_witt_bg_80</TemplateName>
            <Width>395</Width>
            <Height>32</Height>
        </FullResizeImageDef>


        <LabelDef>
            <Position>
                <X>0</X>
                <Y>275</Y>
            </Position>
            <Alignment>
                <CenterHorizontally>true</CenterHorizontally>
            </Alignment>
            <Color>
                <R>255</R>
                <G>255</G>
                <B>255</B>
                <A>255</A>
            </Color>
            <FontName>_whatisthisfont11pxds</FontName>
            <Width>395</Width>
            <Height>16</Height>
            <MaxCharacters>128</MaxCharacters>
            <Data>Version 0.3 of bysanUI v2. Expect a lot of things to not work.</Data>
            <TextCentered>true</TextCentered>
        </LabelDef>


        <LabelDef>
            <Position>
                <X>0</X>
                <Y>290</Y>
            </Position>
            <Alignment>
                <CenterHorizontally>true</CenterHorizontally>
            </Alignment>
            <Color>
                <R>255</R>
                <G>255</G>
                <B>255</B>
                <A>255</A>
            </Color>
            <FontName>_whatisthisfont11pxds</FontName>
            <Width>395</Width>
            <Height>16</Height>
            <MaxCharacters>128</MaxCharacters>
            <Data>Report bugs on discord @ https://discord.gg/TqX3b3G.</Data>
            <TextCentered>true</TextCentered>
        </LabelDef>


    </WindowTemplate>


</Root_Element>
