<?xml version="1.0"?>
<Root_Element ID="DAOCUi">

<!-- @@ Edited with the DAoC User Interface Editor v1.80 -->
<!-- @@ Free download available at http://www.bradtownsend.com/daoced -->


    <StatusIconTemplate>
        <Name>g_reverse_red_bar</Name>
        <TextureName>g_hh_reverse</TextureName>
        <TextureStart>
            <X>181</X>
            <Y>0</Y>
        </TextureStart>
        <Width>75</Width>
        <Height>26</Height>
        <MaxLevels>35</MaxLevels>
        <Horizontal>false</Horizontal>
    </StatusIconTemplate>


    <VerticalResizeImageTemplate>
        <Name>g_vstatus_bg</Name>
        <Width>7</Width>
        <TopHeight>0</TopHeight>
        <RepeatHeight>26</RepeatHeight>
        <BottomHeight>0</BottomHeight>
        <Texture>
            <TextureName>g_hh_reverse</TextureName>
            <Top>
                <X>0</X>
                <Y>0</Y>
            </Top>
            <Repeat>
                <X>0</X>
                <Y>0</Y>
            </Repeat>
            <Bottom>
                <X>0</X>
                <Y>0</Y>
            </Bottom>
        </Texture>
    </VerticalResizeImageTemplate>


    <VerticalResizeImageTemplate>
        <Name>g_vstatus_bg_greentop</Name>
        <Width>7</Width>
        <TopHeight>0</TopHeight>
        <RepeatHeight>26</RepeatHeight>
        <BottomHeight>0</BottomHeight>
        <Texture>
            <TextureName>g_hh_reverse</TextureName>
            <Top>
                <X>0</X>
                <Y>0</Y>
            </Top>
            <Repeat>
                <X>24</X>
                <Y>0</Y>
            </Repeat>
            <Bottom>
                <X>0</X>
                <Y>0</Y>
            </Bottom>
        </Texture>
    </VerticalResizeImageTemplate>


    <VerticalResizeImageTemplate>
        <Name>g_vstatus_fg_green</Name>
        <Width>7</Width>
        <TopHeight>0</TopHeight>
        <RepeatHeight>26</RepeatHeight>
        <BottomHeight>0</BottomHeight>
        <Texture>
            <TextureName>g_hh_reverse</TextureName>
            <Top>
                <X>0</X>
                <Y>0</Y>
            </Top>
            <Repeat>
                <X>8</X>
                <Y>0</Y>
            </Repeat>
            <Bottom>
                <X>0</X>
                <Y>0</Y>
            </Bottom>
        </Texture>
    </VerticalResizeImageTemplate>


    <VerticalResizeImageTemplate>
        <Name>g_vstatus_fg_yellow</Name>
        <Width>7</Width>
        <TopHeight>0</TopHeight>
        <RepeatHeight>26</RepeatHeight>
        <BottomHeight>0</BottomHeight>
        <Texture>
            <TextureName>g_hh_reverse</TextureName>
            <Top>
                <X>0</X>
                <Y>0</Y>
            </Top>
            <Repeat>
                <X>16</X>
                <Y>0</Y>
            </Repeat>
            <Bottom>
                <X>0</X>
                <Y>0</Y>
            </Bottom>
        </Texture>
    </VerticalResizeImageTemplate>


    <VerticalStatusBarTemplate>
        <Name>g_vstatus_greentop</Name>
        <ForegroundImage>g_vstatus_bg</ForegroundImage>
        <BackgroundImage>g_vstatus_bg_greentop</BackgroundImage>
        <Width>7</Width>
        <ForegroundOffset>
            <X>0</X>
            <Y>0</Y>
        </ForegroundOffset>
    </VerticalStatusBarTemplate>


    <VerticalStatusBarTemplate>
        <Name>g_vstatus_green</Name>
        <ForegroundImage>g_vstatus_fg_green</ForegroundImage>
        <BackgroundImage>g_vstatus_bg</BackgroundImage>
        <Width>7</Width>
        <ForegroundOffset>
            <X>0</X>
            <Y>0</Y>
        </ForegroundOffset>
    </VerticalStatusBarTemplate>


    <VerticalStatusBarTemplate>
        <Name>g_vstatus_yellow</Name>
        <ForegroundImage>g_vstatus_fg_yellow</ForegroundImage>
        <BackgroundImage>g_vstatus_bg</BackgroundImage>
        <Width>7</Width>
        <ForegroundOffset>
            <X>0</X>
            <Y>0</Y>
        </ForegroundOffset>
    </VerticalStatusBarTemplate>


    <ButtonTemplate>
        <Name></Name>
        <Size>
            <X>0</X>
            <Y>0</Y>
        </Size>
        <Font>
            <Name>arial9</Name>
            <ColorNormal>
                <R>255</R>
                <G>255</G>
                <B>255</B>
                <A>255</A>
            </ColorNormal>
            <ColorPressed>
                <R>255</R>
                <G>255</G>
                <B>255</B>
                <A>255</A>
            </ColorPressed>
            <ColorHighlit>
                <R>255</R>
                <G>255</G>
                <B>255</B>
                <A>255</A>
            </ColorHighlit>
            <ColorDisabled>
                <R>255</R>
                <G>255</G>
                <B>255</B>
                <A>255</A>
            </ColorDisabled>
        </Font>
        <Texture>
            <TextureName></TextureName>
            <Normal>
                <X>0</X>
                <Y>0</Y>
            </Normal>
            <Pressed>
                <X>0</X>
                <Y>0</Y>
            </Pressed>
            <NormalHighlit>
                <X>0</X>
                <Y>0</Y>
            </NormalHighlit>
            <PressedHighlit>
                <X>0</X>
                <Y>0</Y>
            </PressedHighlit>
            <Disabled>
                <X>0</X>
                <Y>0</Y>
            </Disabled>
        </Texture>
    </ButtonTemplate>


    <WindowTemplate>
        <Name>mini_group</Name>
        <WindowId>MiniGroup</WindowId>
        <CloseButton>false</CloseButton>
        <MoveButton>false</MoveButton>
        <TopRightResizeButton>false</TopRightResizeButton>
        <BottomRightResizeButton>false</BottomRightResizeButton>
        <BottomLeftResizeButton>false</BottomLeftResizeButton>
        <ResizeButtonOffsetX>0</ResizeButtonOffsetX>
        <ResizeButtonOffsetY>0</ResizeButtonOffsetY>
        <TitleWidth>0</TitleWidth>
        <TitleHeight>0</TitleHeight>
        <Width>133</Width>
        <Height>222</Height>
        <ResizeableWidth>0</ResizeableWidth>
        <ResizeableHeight>0</ResizeableHeight>
        <ResizeableTwoWayWidth>0</ResizeableTwoWayWidth>
        <ResizeableTwoWayHeight>0</ResizeableTwoWayHeight>
        <MinWidth>133</MinWidth>
        <MinHeight>52</MinHeight>
        <ContextTemplateName></ContextTemplateName>


        <!-- BG Controls -->


        <StatusIconDef>
            <ControlId>member_0_health</ControlId>
            <Position>
                <X>10</X>
                <Y>0</Y>
            </Position>
            <TemplateName>_witt_hh_small</TemplateName>
            <AdapterName>group_health0</AdapterName>
        </StatusIconDef>


        <VerticalStatusbarDef>
            <ControlId>member_0_power</ControlId>
            <Position>
                <X>0</X>
                <Y>0</Y>
            </Position>
            <Alignment>
                <TopLeft>true</TopLeft>
            </Alignment>
            <TemplateName>_witt_statusbar_v_yellow</TemplateName>
            <AdapterName>group_power0</AdapterName>
            <Height>26</Height>
            <DontDrawWhenZero>true</DontDrawWhenZero>
        </VerticalStatusbarDef>


        <VerticalStatusbarDef>
            <ControlId>member_0_endurance</ControlId>
            <Position>
                <X>5</X>
                <Y>0</Y>
            </Position>
            <Alignment>
                <TopLeft>true</TopLeft>
            </Alignment>
            <TemplateName>_witt_statusbar_v_green</TemplateName>
            <AdapterName>group_endurance0</AdapterName>
            <Height>26</Height>
            <DontDrawWhenZero>true</DontDrawWhenZero>
        </VerticalStatusbarDef>


        <LabelDef>
            <ControlId>member_0_label</ControlId>
            <Position>
                <X>16</X>
                <Y>11</Y>
            </Position>
            <Alignment>
                <TopLeft>true</TopLeft>
            </Alignment>
            <Color>
                <R>255</R>
                <G>255</G>
                <B>255</B>
                <A>0</A>
            </Color>
            <FontName>_whatisthisfont11pxds</FontName>
            <Width>90</Width>
            <Height>18</Height>
            <MaxCharacters>16</MaxCharacters>
            <Data>group0</Data>
            <ColorAdapter>group_color0</ColorAdapter>
            <Adapter>group_name0</Adapter>
        </LabelDef>


        <ScalarLabelDef>
            <Position>
                <X>14</X>
                <Y>0</Y>
            </Position>
            <Alignment>
                <TopLeft>true</TopLeft>
            </Alignment>
            <FontName>_whatisthisfont11pxds</FontName>
            <Width>20</Width>
            <Height>15</Height>
            <MaxCharacters>3</MaxCharacters>
            <Color>
                <R>255</R>
                <G>255</G>
                <B>255</B>
                <A>196</A>
            </Color>
            <Adapter>group_level0</Adapter>
            <ColorAdapter>group_color0</ColorAdapter>
            <TextCentered>true</TextCentered>
            <DontDrawWhenZero>true</DontDrawWhenZero>
            <DontDrawWhenNegOne>true</DontDrawWhenNegOne>
        </ScalarLabelDef>


        <LabelDef>
            <ControlId>class0</ControlId>
            <Position>
                <X>34</X>
                <Y>0</Y>
            </Position>
            <Alignment>
                <TopLeft>true</TopLeft>
            </Alignment>
            <Color>
                <R>255</R>
                <G>255</G>
                <B>255</B>
                <A>155</A>
            </Color>
            <FontName>_whatisthisfont11pxds</FontName>
            <Width>76</Width>
            <Height>16</Height>
            <MaxCharacters>16</MaxCharacters>
            <Adapter>group_class0</Adapter>
        </LabelDef>


        <LabelDef>
            <ControlId>class0</ControlId>
            <Position>
                <X>110</X>
                <Y>5</Y>
            </Position>
            <Alignment>
                <TopLeft>true</TopLeft>
            </Alignment>
            <Color>
                <R>255</R>
                <G>0</G>
                <B>0</B>
                <A>155</A>
            </Color>
            <FontName>_whatisthisfont11pxds</FontName>
            <Width>20</Width>
            <Height>16</Height>
            <MaxCharacters>6</MaxCharacters>
            <Adapter>group_health0</Adapter>
            <TextCentered>true</TextCentered>
        </LabelDef>


        <StatusIconDef>
            <ControlId>member_1_health</ControlId>
            <Position>
                <X>10</X>
                <Y>28</Y>
            </Position>
            <TemplateName>_witt_hh_small</TemplateName>
            <AdapterName>group_health1</AdapterName>
        </StatusIconDef>


        <VerticalStatusbarDef>
            <ControlId>member_1_power</ControlId>
            <Position>
                <X>0</X>
                <Y>28</Y>
            </Position>
            <Alignment>
                <TopLeft>true</TopLeft>
            </Alignment>
            <TemplateName>_witt_statusbar_v_yellow</TemplateName>
            <AdapterName>group_power1</AdapterName>
            <Height>26</Height>
            <DontDrawWhenZero>true</DontDrawWhenZero>
        </VerticalStatusbarDef>


        <VerticalStatusbarDef>
            <ControlId>member_1_endurance</ControlId>
            <Position>
                <X>5</X>
                <Y>28</Y>
            </Position>
            <Alignment>
                <TopLeft>true</TopLeft>
            </Alignment>
            <TemplateName>_witt_statusbar_v_green</TemplateName>
            <AdapterName>group_endurance1</AdapterName>
            <Height>26</Height>
            <DontDrawWhenZero>true</DontDrawWhenZero>
        </VerticalStatusbarDef>


        <LabelDef>
            <ControlId>member_1_label</ControlId>
            <Position>
                <X>16</X>
                <Y>39</Y>
            </Position>
            <Alignment>
                <TopLeft>true</TopLeft>
            </Alignment>
            <Color>
                <R>255</R>
                <G>255</G>
                <B>255</B>
                <A>0</A>
            </Color>
            <FontName>_whatisthisfont11pxds</FontName>
            <Width>90</Width>
            <Height>18</Height>
            <MaxCharacters>9</MaxCharacters>
            <Data>group1</Data>
            <ColorAdapter>group_color1</ColorAdapter>
            <Adapter>group_name1</Adapter>
        </LabelDef>


        <ScalarLabelDef>
            <Position>
                <X>14</X>
                <Y>28</Y>
            </Position>
            <Alignment>
                <TopLeft>true</TopLeft>
            </Alignment>
            <FontName>_whatisthisfont11pxds</FontName>
            <Width>20</Width>
            <Height>15</Height>
            <MaxCharacters>3</MaxCharacters>
            <Color>
                <R>255</R>
                <G>255</G>
                <B>255</B>
                <A>196</A>
            </Color>
            <Adapter>group_level1</Adapter>
            <ColorAdapter>group_color1</ColorAdapter>
            <TextCentered>true</TextCentered>
            <DontDrawWhenZero>true</DontDrawWhenZero>
            <DontDrawWhenNegOne>true</DontDrawWhenNegOne>
        </ScalarLabelDef>


        <LabelDef>
            <ControlId>class1</ControlId>
            <Position>
                <X>34</X>
                <Y>28</Y>
            </Position>
            <Alignment>
                <TopLeft>true</TopLeft>
            </Alignment>
            <Color>
                <R>255</R>
                <G>255</G>
                <B>255</B>
                <A>155</A>
            </Color>
            <FontName>_whatisthisfont11pxds</FontName>
            <Width>76</Width>
            <Height>16</Height>
            <MaxCharacters>16</MaxCharacters>
            <Adapter>group_class1</Adapter>
        </LabelDef>


        <LabelDef>
            <ControlId>class1</ControlId>
            <Position>
                <X>110</X>
                <Y>33</Y>
            </Position>
            <Alignment>
                <TopLeft>true</TopLeft>
            </Alignment>
            <Color>
                <R>255</R>
                <G>0</G>
                <B>0</B>
                <A>155</A>
            </Color>
            <FontName>_whatisthisfont11pxds</FontName>
            <Width>20</Width>
            <Height>16</Height>
            <MaxCharacters>16</MaxCharacters>
            <Adapter>group_health1</Adapter>
            <TextCentered>true</TextCentered>
        </LabelDef>


        <StatusIconDef>
            <ControlId>member_2_health</ControlId>
            <Position>
                <X>10</X>
                <Y>56</Y>
            </Position>
            <TemplateName>_witt_hh_small</TemplateName>
            <AdapterName>group_health2</AdapterName>
        </StatusIconDef>


        <VerticalStatusbarDef>
            <ControlId>member_2_power</ControlId>
            <Position>
                <X>0</X>
                <Y>56</Y>
            </Position>
            <Alignment>
                <TopLeft>true</TopLeft>
            </Alignment>
            <TemplateName>_witt_statusbar_v_yellow</TemplateName>
            <AdapterName>group_power2</AdapterName>
            <Height>26</Height>
            <DontDrawWhenZero>true</DontDrawWhenZero>
        </VerticalStatusbarDef>


        <VerticalStatusbarDef>
            <ControlId>member_2_endurance</ControlId>
            <Position>
                <X>5</X>
                <Y>56</Y>
            </Position>
            <Alignment>
                <TopLeft>true</TopLeft>
            </Alignment>
            <TemplateName>_witt_statusbar_v_green</TemplateName>
            <AdapterName>group_endurance2</AdapterName>
            <Height>26</Height>
            <DontDrawWhenZero>true</DontDrawWhenZero>
        </VerticalStatusbarDef>


        <LabelDef>
            <ControlId>member_2_label</ControlId>
            <Position>
                <X>16</X>
                <Y>67</Y>
            </Position>
            <Alignment>
                <TopLeft>true</TopLeft>
            </Alignment>
            <Color>
                <R>255</R>
                <G>255</G>
                <B>255</B>
                <A>0</A>
            </Color>
            <FontName>_whatisthisfont11pxds</FontName>
            <Width>90</Width>
            <Height>18</Height>
            <MaxCharacters>9</MaxCharacters>
            <Data>group2</Data>
            <ColorAdapter>group_color2</ColorAdapter>
            <Adapter>group_name2</Adapter>
        </LabelDef>


        <ScalarLabelDef>
            <Position>
                <X>14</X>
                <Y>56</Y>
            </Position>
            <Alignment>
                <TopLeft>true</TopLeft>
            </Alignment>
            <FontName>_whatisthisfont11pxds</FontName>
            <Width>20</Width>
            <Height>15</Height>
            <MaxCharacters>3</MaxCharacters>
            <Color>
                <R>255</R>
                <G>255</G>
                <B>255</B>
                <A>196</A>
            </Color>
            <Adapter>group_level2</Adapter>
            <ColorAdapter>group_color2</ColorAdapter>
            <TextCentered>true</TextCentered>
            <DontDrawWhenZero>true</DontDrawWhenZero>
            <DontDrawWhenNegOne>true</DontDrawWhenNegOne>
        </ScalarLabelDef>


        <LabelDef>
            <ControlId>class2</ControlId>
            <Position>
                <X>34</X>
                <Y>56</Y>
            </Position>
            <Alignment>
                <TopLeft>true</TopLeft>
            </Alignment>
            <Color>
                <R>255</R>
                <G>255</G>
                <B>255</B>
                <A>155</A>
            </Color>
            <FontName>_whatisthisfont11pxds</FontName>
            <Width>76</Width>
            <Height>16</Height>
            <MaxCharacters>16</MaxCharacters>
            <Adapter>group_class2</Adapter>
        </LabelDef>


        <LabelDef>
            <ControlId>class2</ControlId>
            <Position>
                <X>110</X>
                <Y>61</Y>
            </Position>
            <Alignment>
                <TopLeft>true</TopLeft>
            </Alignment>
            <Color>
                <R>255</R>
                <G>0</G>
                <B>0</B>
                <A>155</A>
            </Color>
            <FontName>_whatisthisfont11pxds</FontName>
            <Width>20</Width>
            <Height>16</Height>
            <MaxCharacters>16</MaxCharacters>
            <Adapter>group_health2</Adapter>
            <TextCentered>true</TextCentered>
        </LabelDef>


        <StatusIconDef>
            <ControlId>member_3_health</ControlId>
            <Position>
                <X>10</X>
                <Y>84</Y>
            </Position>
            <TemplateName>_witt_hh_small</TemplateName>
            <AdapterName>group_health3</AdapterName>
        </StatusIconDef>


        <VerticalStatusbarDef>
            <ControlId>member_3_power</ControlId>
            <Position>
                <X>0</X>
                <Y>84</Y>
            </Position>
            <Alignment>
                <TopLeft>true</TopLeft>
            </Alignment>
            <TemplateName>_witt_statusbar_v_yellow</TemplateName>
            <AdapterName>group_power3</AdapterName>
            <Height>26</Height>
            <DontDrawWhenZero>true</DontDrawWhenZero>
        </VerticalStatusbarDef>


        <VerticalStatusbarDef>
            <ControlId>member_3_endurance</ControlId>
            <Position>
                <X>5</X>
                <Y>84</Y>
            </Position>
            <Alignment>
                <TopLeft>true</TopLeft>
            </Alignment>
            <TemplateName>_witt_statusbar_v_green</TemplateName>
            <AdapterName>group_endurance3</AdapterName>
            <Height>26</Height>
            <DontDrawWhenZero>true</DontDrawWhenZero>
        </VerticalStatusbarDef>


        <LabelDef>
            <ControlId>member_3_label</ControlId>
            <Position>
                <X>16</X>
                <Y>95</Y>
            </Position>
            <Alignment>
                <TopLeft>true</TopLeft>
            </Alignment>
            <Color>
                <R>255</R>
                <G>255</G>
                <B>255</B>
                <A>0</A>
            </Color>
            <FontName>_whatisthisfont11pxds</FontName>
            <Width>90</Width>
            <Height>18</Height>
            <MaxCharacters>9</MaxCharacters>
            <Data>group3</Data>
            <ColorAdapter>group_color3</ColorAdapter>
            <Adapter>group_name3</Adapter>
        </LabelDef>


        <ScalarLabelDef>
            <Position>
                <X>14</X>
                <Y>84</Y>
            </Position>
            <Alignment>
                <TopLeft>true</TopLeft>
            </Alignment>
            <FontName>_whatisthisfont11pxds</FontName>
            <Width>20</Width>
            <Height>15</Height>
            <MaxCharacters>3</MaxCharacters>
            <Color>
                <R>255</R>
                <G>255</G>
                <B>255</B>
                <A>196</A>
            </Color>
            <Adapter>group_level3</Adapter>
            <ColorAdapter>group_color3</ColorAdapter>
            <TextCentered>true</TextCentered>
            <DontDrawWhenZero>true</DontDrawWhenZero>
            <DontDrawWhenNegOne>true</DontDrawWhenNegOne>
        </ScalarLabelDef>


        <LabelDef>
            <ControlId>class3</ControlId>
            <Position>
                <X>34</X>
                <Y>84</Y>
            </Position>
            <Alignment>
                <TopLeft>true</TopLeft>
            </Alignment>
            <Color>
                <R>255</R>
                <G>255</G>
                <B>255</B>
                <A>155</A>
            </Color>
            <FontName>_whatisthisfont11pxds</FontName>
            <Width>76</Width>
            <Height>16</Height>
            <MaxCharacters>16</MaxCharacters>
            <Adapter>group_class3</Adapter>
        </LabelDef>


        <LabelDef>
            <ControlId>class3</ControlId>
            <Position>
                <X>110</X>
                <Y>89</Y>
            </Position>
            <Alignment>
                <TopLeft>true</TopLeft>
            </Alignment>
            <Color>
                <R>255</R>
                <G>0</G>
                <B>0</B>
                <A>155</A>
            </Color>
            <FontName>_whatisthisfont11pxds</FontName>
            <Width>20</Width>
            <Height>16</Height>
            <MaxCharacters>16</MaxCharacters>
            <Adapter>group_health3</Adapter>
            <TextCentered>true</TextCentered>
        </LabelDef>


        <StatusIconDef>
            <ControlId>member_4_health</ControlId>
            <Position>
                <X>10</X>
                <Y>112</Y>
            </Position>
            <TemplateName>_witt_hh_small</TemplateName>
            <AdapterName>group_health4</AdapterName>
        </StatusIconDef>


        <VerticalStatusbarDef>
            <ControlId>member_4_power</ControlId>
            <Position>
                <X>0</X>
                <Y>112</Y>
            </Position>
            <Alignment>
                <TopLeft>true</TopLeft>
            </Alignment>
            <TemplateName>_witt_statusbar_v_yellow</TemplateName>
            <AdapterName>group_power4</AdapterName>
            <Height>26</Height>
            <DontDrawWhenZero>true</DontDrawWhenZero>
        </VerticalStatusbarDef>


        <VerticalStatusbarDef>
            <ControlId>member_4_endurance</ControlId>
            <Position>
                <X>5</X>
                <Y>112</Y>
            </Position>
            <Alignment>
                <TopLeft>true</TopLeft>
            </Alignment>
            <TemplateName>_witt_statusbar_v_green</TemplateName>
            <AdapterName>group_endurance4</AdapterName>
            <Height>26</Height>
            <DontDrawWhenZero>true</DontDrawWhenZero>
        </VerticalStatusbarDef>


        <LabelDef>
            <ControlId>member_4_label</ControlId>
            <Position>
                <X>16</X>
                <Y>123</Y>
            </Position>
            <Alignment>
                <TopLeft>true</TopLeft>
            </Alignment>
            <Color>
                <R>255</R>
                <G>255</G>
                <B>255</B>
                <A>0</A>
            </Color>
            <FontName>_whatisthisfont11pxds</FontName>
            <Width>90</Width>
            <Height>18</Height>
            <MaxCharacters>9</MaxCharacters>
            <Data>group4</Data>
            <ColorAdapter>group_color4</ColorAdapter>
            <Adapter>group_name4</Adapter>
        </LabelDef>


        <ScalarLabelDef>
            <Position>
                <X>14</X>
                <Y>112</Y>
            </Position>
            <Alignment>
                <TopLeft>true</TopLeft>
            </Alignment>
            <FontName>_whatisthisfont11pxds</FontName>
            <Width>20</Width>
            <Height>15</Height>
            <MaxCharacters>3</MaxCharacters>
            <Color>
                <R>255</R>
                <G>255</G>
                <B>255</B>
                <A>196</A>
            </Color>
            <Adapter>group_level4</Adapter>
            <ColorAdapter>group_color4</ColorAdapter>
            <TextCentered>true</TextCentered>
            <DontDrawWhenZero>true</DontDrawWhenZero>
            <DontDrawWhenNegOne>true</DontDrawWhenNegOne>
        </ScalarLabelDef>


        <LabelDef>
            <ControlId>class4</ControlId>
            <Position>
                <X>34</X>
                <Y>112</Y>
            </Position>
            <Alignment>
                <TopLeft>true</TopLeft>
            </Alignment>
            <Color>
                <R>255</R>
                <G>255</G>
                <B>255</B>
                <A>155</A>
            </Color>
            <FontName>_whatisthisfont11pxds</FontName>
            <Width>76</Width>
            <Height>16</Height>
            <MaxCharacters>16</MaxCharacters>
            <Adapter>group_class4</Adapter>
        </LabelDef>


        <LabelDef>
            <ControlId>class4</ControlId>
            <Position>
                <X>110</X>
                <Y>117</Y>
            </Position>
            <Alignment>
                <TopLeft>true</TopLeft>
            </Alignment>
            <Color>
                <R>255</R>
                <G>0</G>
                <B>0</B>
                <A>155</A>
            </Color>
            <FontName>_whatisthisfont11pxds</FontName>
            <Width>20</Width>
            <Height>16</Height>
            <MaxCharacters>16</MaxCharacters>
            <Adapter>group_health4</Adapter>
            <TextCentered>true</TextCentered>
        </LabelDef>


        <StatusIconDef>
            <ControlId>member_5_health</ControlId>
            <Position>
                <X>10</X>
                <Y>140</Y>
            </Position>
            <TemplateName>_witt_hh_small</TemplateName>
            <AdapterName>group_health5</AdapterName>
        </StatusIconDef>


        <VerticalStatusbarDef>
            <ControlId>member_5_power</ControlId>
            <Position>
                <X>0</X>
                <Y>140</Y>
            </Position>
            <Alignment>
                <TopLeft>true</TopLeft>
            </Alignment>
            <TemplateName>_witt_statusbar_v_yellow</TemplateName>
            <AdapterName>group_power5</AdapterName>
            <Height>26</Height>
            <DontDrawWhenZero>true</DontDrawWhenZero>
        </VerticalStatusbarDef>


        <VerticalStatusbarDef>
            <ControlId>member_5_endurance</ControlId>
            <Position>
                <X>5</X>
                <Y>140</Y>
            </Position>
            <Alignment>
                <TopLeft>true</TopLeft>
            </Alignment>
            <TemplateName>_witt_statusbar_v_green</TemplateName>
            <AdapterName>group_endurance5</AdapterName>
            <Height>26</Height>
            <DontDrawWhenZero>true</DontDrawWhenZero>
        </VerticalStatusbarDef>


        <LabelDef>
            <ControlId>member_5_label</ControlId>
            <Position>
                <X>16</X>
                <Y>151</Y>
            </Position>
            <Alignment>
                <TopLeft>true</TopLeft>
            </Alignment>
            <Color>
                <R>255</R>
                <G>255</G>
                <B>255</B>
                <A>0</A>
            </Color>
            <FontName>_whatisthisfont11pxds</FontName>
            <Width>90</Width>
            <Height>18</Height>
            <MaxCharacters>9</MaxCharacters>
            <Data>group5</Data>
            <ColorAdapter>group_color5</ColorAdapter>
            <Adapter>group_name5</Adapter>
        </LabelDef>


        <ScalarLabelDef>
            <Position>
                <X>14</X>
                <Y>140</Y>
            </Position>
            <Alignment>
                <TopLeft>true</TopLeft>
            </Alignment>
            <FontName>_whatisthisfont11pxds</FontName>
            <Width>20</Width>
            <Height>15</Height>
            <MaxCharacters>3</MaxCharacters>
            <Color>
                <R>255</R>
                <G>255</G>
                <B>255</B>
                <A>196</A>
            </Color>
            <Adapter>group_level5</Adapter>
            <ColorAdapter>group_color5</ColorAdapter>
            <TextCentered>true</TextCentered>
            <DontDrawWhenZero>true</DontDrawWhenZero>
            <DontDrawWhenNegOne>true</DontDrawWhenNegOne>
        </ScalarLabelDef>


        <LabelDef>
            <ControlId>class5</ControlId>
            <Position>
                <X>34</X>
                <Y>140</Y>
            </Position>
            <Alignment>
                <TopLeft>true</TopLeft>
            </Alignment>
            <Color>
                <R>255</R>
                <G>255</G>
                <B>255</B>
                <A>155</A>
            </Color>
            <FontName>_whatisthisfont11pxds</FontName>
            <Width>76</Width>
            <Height>16</Height>
            <MaxCharacters>16</MaxCharacters>
            <Adapter>group_class5</Adapter>
        </LabelDef>


        <LabelDef>
            <ControlId>class5</ControlId>
            <Position>
                <X>110</X>
                <Y>145</Y>
            </Position>
            <Alignment>
                <TopLeft>true</TopLeft>
            </Alignment>
            <Color>
                <R>255</R>
                <G>0</G>
                <B>0</B>
                <A>155</A>
            </Color>
            <FontName>_whatisthisfont11pxds</FontName>
            <Width>20</Width>
            <Height>16</Height>
            <MaxCharacters>16</MaxCharacters>
            <Adapter>group_health5</Adapter>
            <TextCentered>true</TextCentered>
        </LabelDef>


        <StatusIconDef>
            <ControlId>member_6_health</ControlId>
            <Position>
                <X>10</X>
                <Y>168</Y>
            </Position>
            <TemplateName>_witt_hh_small</TemplateName>
            <AdapterName>group_health6</AdapterName>
        </StatusIconDef>


        <VerticalStatusbarDef>
            <ControlId>member_6_power</ControlId>
            <Position>
                <X>0</X>
                <Y>168</Y>
            </Position>
            <Alignment>
                <TopLeft>true</TopLeft>
            </Alignment>
            <TemplateName>_witt_statusbar_v_yellow</TemplateName>
            <AdapterName>group_power6</AdapterName>
            <Height>26</Height>
            <DontDrawWhenZero>true</DontDrawWhenZero>
        </VerticalStatusbarDef>


        <VerticalStatusbarDef>
            <ControlId>member_6_endurance</ControlId>
            <Position>
                <X>5</X>
                <Y>168</Y>
            </Position>
            <Alignment>
                <TopLeft>true</TopLeft>
            </Alignment>
            <TemplateName>_witt_statusbar_v_green</TemplateName>
            <AdapterName>group_endurance6</AdapterName>
            <Height>26</Height>
            <DontDrawWhenZero>true</DontDrawWhenZero>
        </VerticalStatusbarDef>


        <LabelDef>
            <ControlId>member_6_label</ControlId>
            <Position>
                <X>16</X>
                <Y>179</Y>
            </Position>
            <Alignment>
                <TopLeft>true</TopLeft>
            </Alignment>
            <Color>
                <R>255</R>
                <G>255</G>
                <B>255</B>
                <A>0</A>
            </Color>
            <FontName>_whatisthisfont11pxds</FontName>
            <Width>90</Width>
            <Height>18</Height>
            <MaxCharacters>9</MaxCharacters>
            <Data>group6</Data>
            <ColorAdapter>group_color6</ColorAdapter>
            <Adapter>group_name6</Adapter>
        </LabelDef>


        <ScalarLabelDef>
            <Position>
                <X>14</X>
                <Y>168</Y>
            </Position>
            <Alignment>
                <TopLeft>true</TopLeft>
            </Alignment>
            <FontName>_whatisthisfont11pxds</FontName>
            <Width>20</Width>
            <Height>15</Height>
            <MaxCharacters>3</MaxCharacters>
            <Color>
                <R>255</R>
                <G>255</G>
                <B>255</B>
                <A>196</A>
            </Color>
            <Adapter>group_level6</Adapter>
            <ColorAdapter>group_color6</ColorAdapter>
            <TextCentered>true</TextCentered>
            <DontDrawWhenZero>true</DontDrawWhenZero>
            <DontDrawWhenNegOne>true</DontDrawWhenNegOne>
        </ScalarLabelDef>


        <LabelDef>
            <ControlId>class6</ControlId>
            <Position>
                <X>34</X>
                <Y>168</Y>
            </Position>
            <Alignment>
                <TopLeft>true</TopLeft>
            </Alignment>
            <Color>
                <R>255</R>
                <G>255</G>
                <B>255</B>
                <A>155</A>
            </Color>
            <FontName>_whatisthisfont11pxds</FontName>
            <Width>76</Width>
            <Height>16</Height>
            <MaxCharacters>16</MaxCharacters>
            <Adapter>group_class6</Adapter>
        </LabelDef>


        <LabelDef>
            <ControlId>class6</ControlId>
            <Position>
                <X>110</X>
                <Y>173</Y>
            </Position>
            <Alignment>
                <TopLeft>true</TopLeft>
            </Alignment>
            <Color>
                <R>255</R>
                <G>0</G>
                <B>0</B>
                <A>155</A>
            </Color>
            <FontName>_whatisthisfont11pxds</FontName>
            <Width>20</Width>
            <Height>16</Height>
            <MaxCharacters>16</MaxCharacters>
            <Adapter>group_health6</Adapter>
            <TextCentered>true</TextCentered>
        </LabelDef>


        <StatusIconDef>
            <ControlId>member_7_health</ControlId>
            <Position>
                <X>10</X>
                <Y>196</Y>
            </Position>
            <TemplateName>_witt_hh_small</TemplateName>
            <AdapterName>group_health7</AdapterName>
        </StatusIconDef>


        <VerticalStatusbarDef>
            <ControlId>member_7_power</ControlId>
            <Position>
                <X>0</X>
                <Y>196</Y>
            </Position>
            <Alignment>
                <TopLeft>true</TopLeft>
            </Alignment>
            <TemplateName>_witt_statusbar_v_yellow</TemplateName>
            <AdapterName>group_power7</AdapterName>
            <Height>26</Height>
            <DontDrawWhenZero>true</DontDrawWhenZero>
        </VerticalStatusbarDef>


        <VerticalStatusbarDef>
            <ControlId>member_7_endurance</ControlId>
            <Position>
                <X>5</X>
                <Y>196</Y>
            </Position>
            <Alignment>
                <TopLeft>true</TopLeft>
            </Alignment>
            <TemplateName>_witt_statusbar_v_green</TemplateName>
            <AdapterName>group_endurance7</AdapterName>
            <Height>26</Height>
            <DontDrawWhenZero>true</DontDrawWhenZero>
        </VerticalStatusbarDef>


        <LabelDef>
            <ControlId>member_7_label</ControlId>
            <Position>
                <X>16</X>
                <Y>207</Y>
            </Position>
            <Alignment>
                <TopLeft>true</TopLeft>
            </Alignment>
            <Color>
                <R>255</R>
                <G>255</G>
                <B>255</B>
                <A>0</A>
            </Color>
            <FontName>_whatisthisfont11pxds</FontName>
            <Width>90</Width>
            <Height>18</Height>
            <MaxCharacters>9</MaxCharacters>
            <Data>group7</Data>
            <ColorAdapter>group_color7</ColorAdapter>
            <Adapter>group_name7</Adapter>
        </LabelDef>


        <ScalarLabelDef>
            <Position>
                <X>14</X>
                <Y>196</Y>
            </Position>
            <Alignment>
                <TopLeft>true</TopLeft>
            </Alignment>
            <FontName>_whatisthisfont11pxds</FontName>
            <Width>20</Width>
            <Height>15</Height>
            <MaxCharacters>3</MaxCharacters>
            <Color>
                <R>255</R>
                <G>255</G>
                <B>255</B>
                <A>196</A>
            </Color>
            <Adapter>group_level7</Adapter>
            <ColorAdapter>group_color7</ColorAdapter>
            <TextCentered>true</TextCentered>
            <DontDrawWhenZero>true</DontDrawWhenZero>
            <DontDrawWhenNegOne>true</DontDrawWhenNegOne>
        </ScalarLabelDef>


        <LabelDef>
            <ControlId>class7</ControlId>
            <Position>
                <X>34</X>
                <Y>196</Y>
            </Position>
            <Alignment>
                <TopLeft>true</TopLeft>
            </Alignment>
            <Color>
                <R>255</R>
                <G>255</G>
                <B>255</B>
                <A>155</A>
            </Color>
            <FontName>_whatisthisfont11pxds</FontName>
            <Width>76</Width>
            <Height>16</Height>
            <MaxCharacters>16</MaxCharacters>
            <Adapter>group_class7</Adapter>
        </LabelDef>


        <LabelDef>
            <ControlId>class7</ControlId>
            <Position>
                <X>110</X>
                <Y>201</Y>
            </Position>
            <Alignment>
                <TopLeft>true</TopLeft>
            </Alignment>
            <Color>
                <R>255</R>
                <G>0</G>
                <B>0</B>
                <A>155</A>
            </Color>
            <FontName>_whatisthisfont11pxds</FontName>
            <Width>20</Width>
            <Height>16</Height>
            <MaxCharacters>16</MaxCharacters>
            <Adapter>group_health7</Adapter>
            <TextCentered>true</TextCentered>
        </LabelDef>


        <StatusIconDef>
            <Position>
                <X>133</X>
                <Y>1</Y>
            </Position>
            <Alignment>
                <TopLeft>true</TopLeft>
            </Alignment>
            <TemplateName>_witt_statuseffects_mezb</TemplateName>
            <AdapterName>group_status0</AdapterName>
        </StatusIconDef>


        <StatusIconDef>
            <Position>
                <X>133</X>
                <Y>29</Y>
            </Position>
            <Alignment>
                <TopLeft>true</TopLeft>
            </Alignment>
            <TemplateName>_witt_statuseffects_mezb</TemplateName>
            <AdapterName>group_status1</AdapterName>
        </StatusIconDef>


        <StatusIconDef>
            <Position>
                <X>133</X>
                <Y>57</Y>
            </Position>
            <Alignment>
                <TopLeft>true</TopLeft>
            </Alignment>
            <TemplateName>_witt_statuseffects_mezb</TemplateName>
            <AdapterName>group_status2</AdapterName>
        </StatusIconDef>


        <StatusIconDef>
            <Position>
                <X>133</X>
                <Y>85</Y>
            </Position>
            <Alignment>
                <TopLeft>true</TopLeft>
            </Alignment>
            <TemplateName>_witt_statuseffects_mezb</TemplateName>
            <AdapterName>group_status3</AdapterName>
        </StatusIconDef>


        <StatusIconDef>
            <Position>
                <X>133</X>
                <Y>113</Y>
            </Position>
            <Alignment>
                <TopLeft>true</TopLeft>
            </Alignment>
            <TemplateName>_witt_statuseffects_mezb</TemplateName>
            <AdapterName>group_status4</AdapterName>
        </StatusIconDef>


        <StatusIconDef>
            <Position>
                <X>133</X>
                <Y>141</Y>
            </Position>
            <Alignment>
                <TopLeft>true</TopLeft>
            </Alignment>
            <TemplateName>_witt_statuseffects_mezb</TemplateName>
            <AdapterName>group_status5</AdapterName>
        </StatusIconDef>


        <StatusIconDef>
            <Position>
                <X>133</X>
                <Y>169</Y>
            </Position>
            <Alignment>
                <TopLeft>true</TopLeft>
            </Alignment>
            <TemplateName>_witt_statuseffects_mezb</TemplateName>
            <AdapterName>group_status6</AdapterName>
        </StatusIconDef>


        <StatusIconDef>
            <Position>
                <X>133</X>
                <Y>197</Y>
            </Position>
            <Alignment>
                <TopLeft>true</TopLeft>
            </Alignment>
            <TemplateName>_witt_statuseffects_mezb</TemplateName>
            <AdapterName>group_status7</AdapterName>
        </StatusIconDef>


        <StatusIconDef>
            <Position>
                <X>133</X>
                <Y>1</Y>
            </Position>
            <Alignment>
                <TopLeft>true</TopLeft>
            </Alignment>
            <TemplateName>_witt_statuseffects_dizb</TemplateName>
            <AdapterName>group_status0</AdapterName>
        </StatusIconDef>


        <StatusIconDef>
            <Position>
                <X>133</X>
                <Y>29</Y>
            </Position>
            <Alignment>
                <TopLeft>true</TopLeft>
            </Alignment>
            <TemplateName>_witt_statuseffects_dizb</TemplateName>
            <AdapterName>group_status1</AdapterName>
        </StatusIconDef>


        <StatusIconDef>
            <Position>
                <X>133</X>
                <Y>57</Y>
            </Position>
            <Alignment>
                <TopLeft>true</TopLeft>
            </Alignment>
            <TemplateName>_witt_statuseffects_dizb</TemplateName>
            <AdapterName>group_status2</AdapterName>
        </StatusIconDef>


        <StatusIconDef>
            <Position>
                <X>133</X>
                <Y>85</Y>
            </Position>
            <Alignment>
                <TopLeft>true</TopLeft>
            </Alignment>
            <TemplateName>_witt_statuseffects_dizb</TemplateName>
            <AdapterName>group_status3</AdapterName>
        </StatusIconDef>


        <StatusIconDef>
            <Position>
                <X>133</X>
                <Y>113</Y>
            </Position>
            <Alignment>
                <TopLeft>true</TopLeft>
            </Alignment>
            <TemplateName>_witt_statuseffects_dizb</TemplateName>
            <AdapterName>group_status4</AdapterName>
        </StatusIconDef>


        <StatusIconDef>
            <Position>
                <X>133</X>
                <Y>141</Y>
            </Position>
            <Alignment>
                <TopLeft>true</TopLeft>
            </Alignment>
            <TemplateName>_witt_statuseffects_dizb</TemplateName>
            <AdapterName>group_status5</AdapterName>
        </StatusIconDef>


        <StatusIconDef>
            <Position>
                <X>133</X>
                <Y>169</Y>
            </Position>
            <Alignment>
                <TopLeft>true</TopLeft>
            </Alignment>
            <TemplateName>_witt_statuseffects_dizb</TemplateName>
            <AdapterName>group_status6</AdapterName>
        </StatusIconDef>


        <StatusIconDef>
            <Position>
                <X>133</X>
                <Y>197</Y>
            </Position>
            <Alignment>
                <TopLeft>true</TopLeft>
            </Alignment>
            <TemplateName>_witt_statuseffects_dizb</TemplateName>
            <AdapterName>group_status7</AdapterName>
        </StatusIconDef>


        <StatusIconDef>
            <Position>
                <X>133</X>
                <Y>1</Y>
            </Position>
            <Alignment>
                <TopLeft>true</TopLeft>
            </Alignment>
            <TemplateName>_witt_statuseffects_psnb</TemplateName>
            <AdapterName>group_status0</AdapterName>
        </StatusIconDef>


        <StatusIconDef>
            <Position>
                <X>133</X>
                <Y>29</Y>
            </Position>
            <Alignment>
                <TopLeft>true</TopLeft>
            </Alignment>
            <TemplateName>_witt_statuseffects_psnb</TemplateName>
            <AdapterName>group_status1</AdapterName>
        </StatusIconDef>


        <StatusIconDef>
            <Position>
                <X>133</X>
                <Y>57</Y>
            </Position>
            <Alignment>
                <TopLeft>true</TopLeft>
            </Alignment>
            <TemplateName>_witt_statuseffects_psnb</TemplateName>
            <AdapterName>group_status2</AdapterName>
        </StatusIconDef>


        <StatusIconDef>
            <Position>
                <X>133</X>
                <Y>85</Y>
            </Position>
            <Alignment>
                <TopLeft>true</TopLeft>
            </Alignment>
            <TemplateName>_witt_statuseffects_psnb</TemplateName>
            <AdapterName>group_status3</AdapterName>
        </StatusIconDef>


        <StatusIconDef>
            <Position>
                <X>133</X>
                <Y>113</Y>
            </Position>
            <Alignment>
                <TopLeft>true</TopLeft>
            </Alignment>
            <TemplateName>_witt_statuseffects_psnb</TemplateName>
            <AdapterName>group_status4</AdapterName>
        </StatusIconDef>


        <StatusIconDef>
            <Position>
                <X>133</X>
                <Y>141</Y>
            </Position>
            <Alignment>
                <TopLeft>true</TopLeft>
            </Alignment>
            <TemplateName>_witt_statuseffects_psnb</TemplateName>
            <AdapterName>group_status5</AdapterName>
        </StatusIconDef>


        <StatusIconDef>
            <Position>
                <X>133</X>
                <Y>169</Y>
            </Position>
            <Alignment>
                <TopLeft>true</TopLeft>
            </Alignment>
            <TemplateName>_witt_statuseffects_psnb</TemplateName>
            <AdapterName>group_status6</AdapterName>
        </StatusIconDef>


        <StatusIconDef>
            <Position>
                <X>133</X>
                <Y>197</Y>
            </Position>
            <Alignment>
                <TopLeft>true</TopLeft>
            </Alignment>
            <TemplateName>_witt_statuseffects_psnb</TemplateName>
            <AdapterName>group_status7</AdapterName>
        </StatusIconDef>


        <StatusIconDef>
            <Position>
                <X>133</X>
                <Y>1</Y>
            </Position>
            <Alignment>
                <TopLeft>true</TopLeft>
            </Alignment>
            <TemplateName>_witt_statuseffects_nsb</TemplateName>
            <AdapterName>group_status0</AdapterName>
        </StatusIconDef>


        <StatusIconDef>
            <Position>
                <X>133</X>
                <Y>29</Y>
            </Position>
            <Alignment>
                <TopLeft>true</TopLeft>
            </Alignment>
            <TemplateName>_witt_statuseffects_nsb</TemplateName>
            <AdapterName>group_status1</AdapterName>
        </StatusIconDef>


        <StatusIconDef>
            <Position>
                <X>133</X>
                <Y>57</Y>
            </Position>
            <Alignment>
                <TopLeft>true</TopLeft>
            </Alignment>
            <TemplateName>_witt_statuseffects_nsb</TemplateName>
            <AdapterName>group_status2</AdapterName>
        </StatusIconDef>


        <StatusIconDef>
            <Position>
                <X>133</X>
                <Y>85</Y>
            </Position>
            <Alignment>
                <TopLeft>true</TopLeft>
            </Alignment>
            <TemplateName>_witt_statuseffects_nsb</TemplateName>
            <AdapterName>group_status3</AdapterName>
        </StatusIconDef>


        <StatusIconDef>
            <Position>
                <X>133</X>
                <Y>113</Y>
            </Position>
            <Alignment>
                <TopLeft>true</TopLeft>
            </Alignment>
            <TemplateName>_witt_statuseffects_nsb</TemplateName>
            <AdapterName>group_status4</AdapterName>
        </StatusIconDef>


        <StatusIconDef>
            <Position>
                <X>133</X>
                <Y>141</Y>
            </Position>
            <Alignment>
                <TopLeft>true</TopLeft>
            </Alignment>
            <TemplateName>_witt_statuseffects_nsb</TemplateName>
            <AdapterName>group_status5</AdapterName>
        </StatusIconDef>


        <StatusIconDef>
            <Position>
                <X>133</X>
                <Y>169</Y>
            </Position>
            <Alignment>
                <TopLeft>true</TopLeft>
            </Alignment>
            <TemplateName>_witt_statuseffects_nsb</TemplateName>
            <AdapterName>group_status6</AdapterName>
        </StatusIconDef>


        <StatusIconDef>
            <Position>
                <X>133</X>
                <Y>197</Y>
            </Position>
            <Alignment>
                <TopLeft>true</TopLeft>
            </Alignment>
            <TemplateName>_witt_statuseffects_nsb</TemplateName>
            <AdapterName>group_status7</AdapterName>
        </StatusIconDef>


        <ButtonDef>
            <Position>
                <X>0</X>
                <Y>0</Y>
            </Position>
            <TemplateName>_witt_hh_small_buttons</TemplateName>
            <OnClickEvent>SelectGroupMember0</OnClickEvent>
        </ButtonDef>


        <ButtonDef>
            <Position>
                <X>0</X>
                <Y>28</Y>
            </Position>
            <TemplateName>_witt_hh_small_buttons</TemplateName>
            <OnClickEvent>SelectGroupMember1</OnClickEvent>
        </ButtonDef>


        <ButtonDef>
            <Position>
                <X>0</X>
                <Y>56</Y>
            </Position>
            <TemplateName>_witt_hh_small_buttons</TemplateName>
            <OnClickEvent>SelectGroupMember2</OnClickEvent>
        </ButtonDef>


        <ButtonDef>
            <Position>
                <X>0</X>
                <Y>84</Y>
            </Position>
            <TemplateName>_witt_hh_small_buttons</TemplateName>
            <OnClickEvent>SelectGroupMember3</OnClickEvent>
        </ButtonDef>


        <ButtonDef>
            <Position>
                <X>0</X>
                <Y>112</Y>
            </Position>
            <TemplateName>_witt_hh_small_buttons</TemplateName>
            <OnClickEvent>SelectGroupMember4</OnClickEvent>
        </ButtonDef>


        <ButtonDef>
            <Position>
                <X>0</X>
                <Y>140</Y>
            </Position>
            <TemplateName>_witt_hh_small_buttons</TemplateName>
            <OnClickEvent>SelectGroupMember5</OnClickEvent>
        </ButtonDef>


        <ButtonDef>
            <Position>
                <X>0</X>
                <Y>168</Y>
            </Position>
            <TemplateName>_witt_hh_small_buttons</TemplateName>
            <OnClickEvent>SelectGroupMember6</OnClickEvent>
        </ButtonDef>


        <ButtonDef>
            <Position>
                <X>0</X>
                <Y>196</Y>
            </Position>
            <TemplateName>_witt_hh_small_buttons</TemplateName>
            <OnClickEvent>SelectGroupMember7</OnClickEvent>
        </ButtonDef>


    </WindowTemplate>


</Root_Element>
